"pair","theta_A","n_post_cells","qualifies"
"ABW_BHS",-0.676648549631237,4,TRUE
"ABW_BRA",-3.92464332736645,9,TRUE
"ABW_BRB",-1.1930983720666,13,TRUE
"ABW_CAN",0.205485758480841,5,TRUE
"ABW_CHE",-0.50095307887599,11,TRUE
"ABW_COL",0.272149664796839,7,TRUE
"ABW_CRI",-6.29993773742649,8,TRUE
"ABW_DMA",-1.29673291647285,4,TRUE
"ABW_DOM",0.846723857949847,5,TRUE
"ABW_ECU",-1.17898003250491,13,TRUE
"ABW_GRD",-1.34679677058102,17,TRUE
"ABW_GTM",-2.09131956870018,14,TRUE
"ABW_GUY",-0.298983512842311,15,TRUE
"ABW_HKG",1.05051201483405,10,TRUE
"ABW_JAM",-0.635153222331708,6,TRUE
"ABW_KNA",0.537390737820454,5,TRUE
"ABW_KOR",-1.77586737783981,8,TRUE
"ABW_LBN",-2.71942686446652,13,TRUE
"ABW_LKA",-0.943426002349744,7,TRUE
"ABW_MEX",-0.725633649757336,20,TRUE
"ABW_PAN",-0.404290277066636,4,TRUE
"ABW_PER",-3.64615599910539,12,TRUE
"ABW_PHL",-1.96255018438302,12,TRUE
"ABW_RUS",-1.31045738704596,6,TRUE
"ABW_SAU",0.939023963465381,7,TRUE
"ABW_SDN",2.22202281582828,6,TRUE
"ABW_SLV",-0.1211059777201,8,TRUE
"ABW_SUR",-0.0914608422009901,13,TRUE
"ABW_THA",2.08195542080851,4,TRUE
"ABW_TTO",-0.830514680842385,6,TRUE
"ABW_USA",-1.09428331821726,23,TRUE
"ABW_VEN",1.16389806999174,9,TRUE
"ABW_YEM",-0.144818730746982,8,TRUE
"ABW_ZAF",-3.95063584412633,11,TRUE
"AFG_ARE",-0.101775390951766,6,TRUE
"AFG_ARM",-0.304440711927191,4,TRUE
"AFG_AUS",-0.581140528313936,24,TRUE
"AFG_AUT",-0.101034143716514,9,TRUE
"AFG_BEL",-1.84018938140089,7,TRUE
"AFG_BEN",-1.35904222869939,5,TRUE
"AFG_BGR",-3.39690447014878,11,TRUE
"AFG_BHR",-0.215572156051741,13,TRUE
"AFG_BIH",-0.892265233182847,9,TRUE
"AFG_BOL",-1.11111577389432,4,TRUE
"AFG_BRA",-1.12294143360426,13,TRUE
"AFG_BRB",0.41758970145409,7,TRUE
"AFG_CAN",0.3824681300541,13,TRUE
"AFG_CHE",-1.0036296008066,9,TRUE
"AFG_CHL",-0.658742195257207,9,TRUE
"AFG_CHN",-0.42212373416527,15,TRUE
"AFG_CIV",-1.72635980546614,7,TRUE
"AFG_COL",-0.792341482510834,15,TRUE
"AFG_CRI",-2.89690929715173,11,TRUE
"AFG_CYP",-2.18461377366667,21,TRUE
"AFG_CZE",0.0846169205720158,20,TRUE
"AFG_DNK",-1.36789077827064,12,TRUE
"AFG_DOM",-1.54349519509491,5,TRUE
"AFG_DZA",-3.14275443042894,11,TRUE
"AFG_ECU",-2.40227703612085,16,TRUE
"AFG_EGY",-1.0246824076382,13,TRUE
"AFG_ESP",-0.150833440954811,15,TRUE
"AFG_ETH",-1.85555995209265,13,TRUE
"AFG_FIN",-1.48895781018569,25,TRUE
"AFG_FRA",-0.135514827777908,26,TRUE
"AFG_FRO",-0.156674750366985,6,TRUE
"AFG_GBR",-0.559013920640191,13,TRUE
"AFG_GRC",-1.01977847928234,19,TRUE
"AFG_GTM",-1.56717367404872,11,TRUE
"AFG_HRV",-1.16141417087942,21,TRUE
"AFG_HUN",-2.79064685603523,16,TRUE
"AFG_IDN",-2.32227669549593,10,TRUE
"AFG_IRL",-0.409078626995118,21,TRUE
"AFG_ISL",-0.317965452870893,13,TRUE
"AFG_ISR",-1.87525164074326,10,TRUE
"AFG_ITA",0.356346329991089,9,TRUE
"AFG_JOR",-1.50104562663549,11,TRUE
"AFG_JPN",-0.163283338435229,15,TRUE
"AFG_KEN",-0.821181658418489,11,TRUE
"AFG_KNA",-0.984881828632108,6,TRUE
"AFG_KWT",0.11128806381085,19,TRUE
"AFG_LBN",-1.17602150857243,10,TRUE
"AFG_LUX",-0.315883102167506,6,TRUE
"AFG_MEX",-0.887161016499225,19,TRUE
"AFG_MKD",-2.77473158460535,14,TRUE
"AFG_MOZ",-0.0959013914433108,13,TRUE
"AFG_MYS",-1.00061585554809,24,TRUE
"AFG_NOR",-0.856334465010523,9,TRUE
"AFG_PER",0.309211334243761,20,TRUE
"AFG_POL",-0.485947966330854,5,TRUE
"AFG_PRT",-0.862976268032027,17,TRUE
"AFG_PYF",-0.55341872239498,15,TRUE
"AFG_ROU",-2.03057134549893,19,TRUE
"AFG_RUS",-0.124904538342889,8,TRUE
"AFG_SAU",-0.726701042444043,15,TRUE
"AFG_SEN",-0.808253170031783,4,TRUE
"AFG_SGP",-1.09108182667842,12,TRUE
"AFG_SRB",-1.0628006389526,6,TRUE
"AFG_SVK",-0.237883103278659,7,TRUE
"AFG_SVN",-2.77769598687547,6,TRUE
"AFG_SWE",-0.970429539534921,23,TRUE
"AFG_SYC",-0.713496711298228,4,TRUE
"AFG_THA",-1.37652929527237,17,TRUE
"AFG_TTO",-3.03720618907007,11,TRUE
"AFG_TWN",-0.0127432960649571,4,TRUE
"AFG_UKR",-0.192297391168268,9,TRUE
"AFG_USA",-0.162404227212172,25,TRUE
"AFG_VEN",-0.0904380271880147,6,TRUE
"AFG_ZAF",-0.0733363071982489,10,TRUE
"AGO_AUS",-3.12222280484243,17,TRUE
"AGO_AUT",-0.289793797854883,4,TRUE
"AGO_BEL",-0.228333129158657,12,TRUE
"AGO_BEN",0.504140388461892,7,TRUE
"AGO_BRA",-1.27755316116661,20,TRUE
"AGO_CAN",-1.81202774943202,19,TRUE
"AGO_CHL",-5.00852581874022,10,TRUE
"AGO_CHN",-0.0217581301849926,18,TRUE
"AGO_CIV",-0.581116558135399,4,TRUE
"AGO_CMR",-1.57731210432931,12,TRUE
"AGO_COG",-0.860262995338147,5,TRUE
"AGO_CPV",-0.164097088170701,6,TRUE
"AGO_CRI",-5.1050668189182,7,TRUE
"AGO_CZE",-1.71206825039116,12,TRUE
"AGO_DEU",-0.814383379335665,14,TRUE
"AGO_DNK",-0.418982542250544,4,TRUE
"AGO_DOM",-2.66568504675626,7,TRUE
"AGO_DZA",-0.75310265932891,11,TRUE
"AGO_ESP",-0.333834800666526,22,TRUE
"AGO_FIN",-5.11944846842038,12,TRUE
"AGO_FRA",-0.0232440340898435,18,TRUE
"AGO_GBR",0.0784742326870815,7,TRUE
"AGO_GHA",-0.141626343009126,9,TRUE
"AGO_HKG",-1.08159944170932,8,TRUE
"AGO_HRV",0.0649267338352734,6,TRUE
"AGO_IDN",-1.45551457323722,13,TRUE
"AGO_IND",0.209953302348633,8,TRUE
"AGO_IRL",-5.42860059896775,6,TRUE
"AGO_ISR",-1.22428759316452,12,TRUE
"AGO_JPN",-0.773402889775354,23,TRUE
"AGO_KOR",-1.2602902049259,13,TRUE
"AGO_MEX",-3.20847690268157,24,TRUE
"AGO_MOZ",0.00566407189946811,5,TRUE
"AGO_MYS",0.125249221331472,7,TRUE
"AGO_NGA",-1.71372463692812,6,TRUE
"AGO_NLD",-2.1943344739637,4,TRUE
"AGO_NOR",-0.3519981369738,12,TRUE
"AGO_PAK",-0.845142876606866,9,TRUE
"AGO_PER",-4.41909663113822,8,TRUE
"AGO_PHL",0.369125340078473,4,TRUE
"AGO_POL",-1.24137782645157,8,TRUE
"AGO_PRT",0.0619952532734264,13,TRUE
"AGO_RUS",-0.571956866217145,8,TRUE
"AGO_SEN",0.0141573083183064,4,TRUE
"AGO_SGP",0.864489642542909,6,TRUE
"AGO_STP",-1.19773350135809,7,TRUE
"AGO_SVN",-2.98183187449628,12,TRUE
"AGO_SWE",-2.66556641443045,10,TRUE
"AGO_THA",-1.95465761785223,13,TRUE
"AGO_TUN",-1.47543287733394,10,TRUE
"AGO_TUR",0.273627258068717,4,TRUE
"AGO_TWN",-0.237325049083613,14,TRUE
"AGO_USA",-0.232314326875731,17,TRUE
"AGO_ZAF",0.197590824369903,4,TRUE
"AIA_ATG",-0.45531820398169,9,TRUE
"AIA_AUS",-0.0453354021928927,4,TRUE
"AIA_AZE",-1.00682425130975,16,TRUE
"AIA_FJI",-0.337853607367435,4,TRUE
"AIA_GUY",-2.3902669260057,11,TRUE
"AIA_IDN",-2.88501387585813,16,TRUE
"AIA_JPN",-1.11634531425632,16,TRUE
"AIA_KAZ",-4.38872387862534,4,TRUE
"AIA_KNA",-0.524409239960901,5,TRUE
"AIA_KOR",-2.25719343584888,8,TRUE
"AIA_LCA",0.170166119898769,7,TRUE
"AIA_MEX",-1.06201607529901,8,TRUE
"AIA_NZL",0.0901253066851704,7,TRUE
"AIA_RUS",-0.919686102500691,16,TRUE
"AIA_TTO",-0.609361780192959,9,TRUE
"AIA_TWN",-1.05526702052533,9,TRUE
"AIA_UKR",-3.71010318565255,12,TRUE
"AIA_USA",0.225539878018573,18,TRUE
"AIA_VCT",-2.26899118587949,12,TRUE
"AIA_ZAF",-2.59695803179497,7,TRUE
"ALB_AND",0.811879308601801,4,TRUE
"ALB_ARE",0.153649344818897,9,TRUE
"ALB_ARG",0.235920067411388,5,TRUE
"ALB_ARM",0.239462801373479,8,TRUE
"ALB_AUS",-1.10233363799172,13,TRUE
"ALB_BEN",-0.226514227957571,5,TRUE
"ALB_BHR",0.216395216772307,11,TRUE
"ALB_BLR",-0.291928317130656,9,TRUE
"ALB_BOL",-1.67661236870302,5,TRUE
"ALB_BRA",0.234278766376755,9,TRUE
"ALB_BRB",-0.0489766736304252,13,TRUE
"ALB_CAN",0.072630425697194,15,TRUE
"ALB_CHL",1.1541510516409,4,TRUE
"ALB_CHN",0.289727753906401,9,TRUE
"ALB_CIV",0.835273805100924,5,TRUE
"ALB_CMR",-1.80407941858832,10,TRUE
"ALB_COL",-0.785728623091186,6,TRUE
"ALB_CRI",-0.082053178157668,18,TRUE
"ALB_DMA",-1.18630413839105,5,TRUE
"ALB_DOM",0.315248534592511,6,TRUE
"ALB_DZA",-0.402911290480716,14,TRUE
"ALB_ECU",0.116427596709634,5,TRUE
"ALB_EGY",0.134692425798746,21,TRUE
"ALB_ETH",-1.13203190834912,4,TRUE
"ALB_FRO",0.0152538124381646,6,TRUE
"ALB_GEO",-1.41598954194469,7,TRUE
"ALB_GTM",-3.55953205014035,6,TRUE
"ALB_HKG",0.32451322867725,6,TRUE
"ALB_IDN",-0.37166904179228,7,TRUE
"ALB_IND",0.180939780410021,8,TRUE
"ALB_ISR",-0.293458065098576,6,TRUE
"ALB_JOR",-0.908421108596305,4,TRUE
"ALB_JPN",-1.23023083865267,25,TRUE
"ALB_KAZ",0.285320542367992,10,TRUE
"ALB_KNA",-0.869768623258207,4,TRUE
"ALB_LBN",0.533027755503712,9,TRUE
"ALB_LKA",0.547628067299775,4,TRUE
"ALB_MAC",0.0712379103628452,6,TRUE
"ALB_MAR",0.360960751690283,8,TRUE
"ALB_MDG",0.404753930559124,4,TRUE
"ALB_MEX",0.189144706298414,20,TRUE
"ALB_MOZ",-0.50185872784717,6,TRUE
"ALB_MUS",-0.803405975591234,15,TRUE
"ALB_MYS",0.0199124878879144,6,TRUE
"ALB_NCL",-0.377225719026836,8,TRUE
"ALB_NER",-0.778834702934992,6,TRUE
"ALB_NIC",0.323564190167343,4,TRUE
"ALB_NZL",-0.0666077554191224,7,TRUE
"ALB_PAK",-0.438601188598503,5,TRUE
"ALB_PAN",-1.69573822375711,10,TRUE
"ALB_PER",-0.224886474185913,14,TRUE
"ALB_PYF",0.351924926906639,15,TRUE
"ALB_RUS",-0.0408173481694313,12,TRUE
"ALB_SAU",0.09993308869972,8,TRUE
"ALB_SEN",-0.16135634092906,4,TRUE
"ALB_SGP",-1.58615173341179,13,TRUE
"ALB_SLV",-1.01852178543593,8,TRUE
"ALB_TWN",-0.348514237016083,14,TRUE
"ALB_UKR",-0.494212584659172,13,TRUE
"ALB_USA",-0.155854598698809,21,TRUE
"ALB_VEN",0.376128295530139,5,TRUE
"ALB_YEM",0.192733073527301,4,TRUE
"ALB_ZAF",0.656822112301542,7,TRUE
"AND_AGO",-2.892584311525,6,TRUE
"AND_ALB",-2.21783501246098,11,TRUE
"AND_ARE",-0.144007606872618,4,TRUE
"AND_ARG",0.0137517451760709,15,TRUE
"AND_AUS",0.14461623818976,8,TRUE
"AND_AZE",-1.55241372904995,5,TRUE
"AND_BFA",-1.0507174271821,5,TRUE
"AND_BGD",-3.1322934953862,8,TRUE
"AND_BIH",-1.12530312588638,10,TRUE
"AND_BLR",-1.00868557698288,5,TRUE
"AND_BWA",-2.46094125771467,9,TRUE
"AND_CAN",0.317229721020103,8,TRUE
"AND_CHL",1.16378135907448,5,TRUE
"AND_CHN",-0.0300743190955367,8,TRUE
"AND_CMR",-1.65006858493725,4,TRUE
"AND_COL",1.07724185001506,4,TRUE
"AND_COM",-0.663103954499154,5,TRUE
"AND_CPV",-1.67686159037873,5,TRUE
"AND_CRI",-0.65248098268994,9,TRUE
"AND_DOM",-1.1012580226981,6,TRUE
"AND_DZA",-3.90683330095781,9,TRUE
"AND_EGY",-1.95137628417318,11,TRUE
"AND_ETH",-0.77512584451779,8,TRUE
"AND_GEO",-1.83074068952825,9,TRUE
"AND_GMB",-0.222996568659425,4,TRUE
"AND_GTM",0.826455669878713,6,TRUE
"AND_GUY",1.06690176338545,5,TRUE
"AND_HKG",-0.300337189558333,9,TRUE
"AND_IDN",-2.56307690632299,15,TRUE
"AND_IND",-3.19819182123145,11,TRUE
"AND_ISR",0.42963256737911,6,TRUE
"AND_JPN",-1.38696123645289,7,TRUE
"AND_KEN",-1.2747925165874,6,TRUE
"AND_KNA",-2.47938237131049,4,TRUE
"AND_KOR",-1.62877910026588,6,TRUE
"AND_LBN",-0.871358738732365,11,TRUE
"AND_LKA",-0.920964100872019,7,TRUE
"AND_MAR",-1.50984472422668,7,TRUE
"AND_MDA",-0.172730040801923,9,TRUE
"AND_MEX",-0.622769108160491,5,TRUE
"AND_MKD",-1.77333122723576,11,TRUE
"AND_MNE",0.553551577775143,8,TRUE
"AND_MOZ",-0.853219751462063,9,TRUE
"AND_MRT",0.055890036870045,6,TRUE
"AND_MWI",-0.654205438711385,5,TRUE
"AND_MYS",-3.16342131882507,7,TRUE
"AND_MYT",-1.46616187408587,4,TRUE
"AND_NAM",-1.99592360533612,10,TRUE
"AND_NGA",-3.99778071020911,6,TRUE
"AND_NIC",-3.5063297749136,5,TRUE
"AND_NOR",-0.061020498854978,10,TRUE
"AND_NZL",0.768249516726273,4,TRUE
"AND_PER",-3.21321987791248,5,TRUE
"AND_PYF",0.859448539606928,5,TRUE
"AND_RUS",-0.355066071478666,13,TRUE
"AND_RWA",-0.65858901996884,10,TRUE
"AND_SAU",0.131530572866621,6,TRUE
"AND_SDN",-0.453197258891186,7,TRUE
"AND_SEN",-0.412467616987037,6,TRUE
"AND_SGP",0.0323636356703226,4,TRUE
"AND_SLV",0.261011037725541,4,TRUE
"AND_THA",-0.78382436663296,10,TRUE
"AND_TUN",-2.26408439706183,9,TRUE
"AND_TUR",-1.07974437495399,13,TRUE
"AND_TWN",-0.573106242580503,15,TRUE
"AND_TZA",-3.79651937916376,16,TRUE
"AND_UGA",-0.504534187153779,6,TRUE
"AND_UKR",-1.47248510322448,8,TRUE
"AND_USA",-0.742181171793325,23,TRUE
"AND_VCT",-2.33699059347131,4,TRUE
"AND_YEM",-1.59346667574238,8,TRUE
"AND_ZAF",-1.22057484970027,14,TRUE
"AND_ZMB",-0.481415364160698,12,TRUE
"AND_ZWE",-0.748840739406174,6,TRUE
"ANT_AUS",-0.579826958348316,5,TRUE
"ANT_BGD",-3.84990319144346,4,TRUE
"ANT_BOL",-3.12295648664962,8,TRUE
"ANT_BRA",-1.50462789126114,6,TRUE
"ANT_BRB",-0.279468695626016,5,TRUE
"ANT_CAN",-1.07611112468657,14,TRUE
"ANT_CHE",-0.724019495897935,16,TRUE
"ANT_CHL",-1.44765713729859,11,TRUE
"ANT_CIV",-2.46125802093995,7,TRUE
"ANT_COL",-0.449104365357484,10,TRUE
"ANT_CRI",0.272825422418509,6,TRUE
"ANT_CUB",-3.05614813330738,5,TRUE
"ANT_DOM",-0.564846830128892,4,TRUE
"ANT_ECU",-0.103978643899533,11,TRUE
"ANT_GRD",-0.996927971788316,6,TRUE
"ANT_GUY",-1.4829405397503,5,TRUE
"ANT_HND",-1.5937233511058,8,TRUE
"ANT_IDN",-0.922348320825685,9,TRUE
"ANT_JAM",-0.277006076346508,7,TRUE
"ANT_JPN",-1.24838142740603,12,TRUE
"ANT_KNA",-0.27635211793358,10,TRUE
"ANT_KOR",-1.10627950502483,4,TRUE
"ANT_MSR",-0.213140125459484,4,TRUE
"ANT_NIC",0.230163443920527,7,TRUE
"ANT_NOR",-4.21877119105693,8,TRUE
"ANT_PAN",-1.5160058865777,5,TRUE
"ANT_PER",-0.714150683007018,6,TRUE
"ANT_PHL",-3.58763742303242,4,TRUE
"ANT_RUS",-1.84062435384459,7,TRUE
"ANT_SGP",0.0764096749869178,9,TRUE
"ANT_THA",0.267939291539639,4,TRUE
"ANT_TTO",-0.419180994726385,6,TRUE
"ANT_TUN",-1.76213940956889,8,TRUE
"ANT_TUR",-0.788251831847266,10,TRUE
"ANT_TZA",-1.08671409584598,8,TRUE
"ANT_UGA",-0.321550639091819,4,TRUE
"ANT_USA",-0.0461421980383152,8,TRUE
"ANT_VCT",-1.27283834147684,6,TRUE
"ANT_VEN",-0.665838406071624,6,TRUE
"ARE_AFG",0.0519710932896097,6,TRUE
"ARE_AND",-1.17136436208799,13,TRUE
"ARE_ARG",-0.543842096364353,20,TRUE
"ARE_ARM",-0.174556843865443,8,TRUE
"ARE_ATG",1.42911309092617,4,TRUE
"ARE_AUS",-0.202457399767292,4,TRUE
"ARE_AUT",0.292592554959822,4,TRUE
"ARE_AZE",-0.464821599384188,8,TRUE
"ARE_BDI",0.372019241034791,5,TRUE
"ARE_BEL",0.170140074210457,8,TRUE
"ARE_BEN",-0.0833400481497292,15,TRUE
"ARE_BFA",0.0385526489489573,7,TRUE
"ARE_BGD",0.155276407409138,4,TRUE
"ARE_BGR",-0.159064429229933,18,TRUE
"ARE_BLR",-0.254968883905923,14,TRUE
"ARE_BLZ",0.529980246209395,6,TRUE
"ARE_BRA",-0.243635554269251,24,TRUE
"ARE_BRB",-0.231953028237453,16,TRUE
"ARE_BRN",-0.725285191123219,7,TRUE
"ARE_BTN",-0.075020434331318,6,TRUE
"ARE_CAF",0.225529363733225,6,TRUE
"ARE_CAN",-0.219479090826503,14,TRUE
"ARE_CHL",0.0755073841864179,12,TRUE
"ARE_CHN",0.218293092027929,6,TRUE
"ARE_CIV",-0.150138855557699,17,TRUE
"ARE_CMR",0.0433278618113407,11,TRUE
"ARE_COG",0.0839407763450584,6,TRUE
"ARE_COL",-0.138527985133796,12,TRUE
"ARE_CPV",0.761112972138243,5,TRUE
"ARE_CRI",-0.831766716948864,17,TRUE
"ARE_CUB",-0.435202552156882,12,TRUE
"ARE_CYP",-0.0238323153575009,20,TRUE
"ARE_CZE",-0.157740676263502,15,TRUE
"ARE_DEU",-0.00655043579334094,13,TRUE
"ARE_DMA",-1.57153393131109,11,TRUE
"ARE_DNK",-0.452460709758525,10,TRUE
"ARE_DOM",0.22908155135812,8,TRUE
"ARE_ECU",-0.16934314013151,6,TRUE
"ARE_EST",-0.00839740001112283,9,TRUE
"ARE_ETH",-0.0359734774066807,13,TRUE
"ARE_FIN",-0.433370549142306,20,TRUE
"ARE_FJI",0.255557103980376,7,TRUE
"ARE_FRA",0.0448223160454512,14,TRUE
"ARE_FRO",-1.43057048795429,14,TRUE
"ARE_GBR",-0.177763340206822,9,TRUE
"ARE_GEO",0.0710587345735686,18,TRUE
"ARE_GHA",0.0968943763337902,5,TRUE
"ARE_GIN",-0.804598012350826,16,TRUE
"ARE_GMB",0.0494703078158078,4,TRUE
"ARE_GRC",0.0435701793070791,7,TRUE
"ARE_GRD",-1.41332204690691,14,TRUE
"ARE_GRL",0.26553421654363,5,TRUE
"ARE_GTM",-0.166665760566049,13,TRUE
"ARE_GUY",-0.0826013490234784,15,TRUE
"ARE_HKG",-0.0252595642662265,15,TRUE
"ARE_HND",-0.591336607273926,5,TRUE
"ARE_HRV",0.225373551132088,5,TRUE
"ARE_HUN",-0.314743681890077,18,TRUE
"ARE_IDN",0.447491484603982,5,TRUE
"ARE_IND",-0.105901716490043,18,TRUE
"ARE_IRL",-0.324880176151561,15,TRUE
"ARE_IRN",-0.0191509532302039,4,TRUE
"ARE_ITA",0.139080629241952,12,TRUE
"ARE_JAM",0.171130862790342,10,TRUE
"ARE_JPN",-0.169391491647544,4,TRUE
"ARE_KAZ",-0.374162518680176,8,TRUE
"ARE_KEN",-0.328265486139214,15,TRUE
"ARE_KGZ",-0.382244262326097,12,TRUE
"ARE_KHM",0.350636326277368,7,TRUE
"ARE_KNA",0.490539778188534,4,TRUE
"ARE_KOR",-0.184375569644043,12,TRUE
"ARE_LCA",-0.100863655681867,10,TRUE
"ARE_LKA",0.302064364552901,6,TRUE
"ARE_LSO",-0.0127571722405669,4,TRUE
"ARE_LTU",-0.301643762697008,15,TRUE
"ARE_LUX",-0.455269893977478,12,TRUE
"ARE_LVA",-0.32912933895527,14,TRUE
"ARE_MAC",0.421538579811915,4,TRUE
"ARE_MDA",-0.149393696501173,16,TRUE
"ARE_MDG",-0.791283263152385,22,TRUE
"ARE_MDV",0.0283674734840809,14,TRUE
"ARE_MEX",-0.528431295015827,21,TRUE
"ARE_MKD",-0.359870529263963,12,TRUE
"ARE_MLI",-0.0833905400078583,13,TRUE
"ARE_MMR",0.00276778621634066,4,TRUE
"ARE_MNE",-0.955483822158144,8,TRUE
"ARE_MOZ",-0.0842684522561751,13,TRUE
"ARE_MUS",-0.264350420323616,13,TRUE
"ARE_MWI",-0.00231520260000462,9,TRUE
"ARE_MYS",0.0161458498943886,16,TRUE
"ARE_MYT",-0.231564247540721,5,TRUE
"ARE_NAM",-0.0959661632741323,6,TRUE
"ARE_NCL",-0.327163563243908,8,TRUE
"ARE_NER",-0.237304016667484,18,TRUE
"ARE_NGA",-0.0268855642289507,4,TRUE
"ARE_NIC",-0.101477018711756,9,TRUE
"ARE_NLD",0.0381899407755543,10,TRUE
"ARE_NPL",0.0280236274451442,7,TRUE
"ARE_NZL",0.472713168897173,4,TRUE
"ARE_PAK",0.10354608709715,12,TRUE
"ARE_PAN",0.249636765814225,9,TRUE
"ARE_PER",-0.687115973356312,20,TRUE
"ARE_PHL",-0.184350555821862,18,TRUE
"ARE_PLW",-1.09681798644607,5,TRUE
"ARE_POL",-0.0451810856678246,20,TRUE
"ARE_PRT",-0.440829744765337,22,TRUE
"ARE_PRY",-1.39298743924004,13,TRUE
"ARE_PYF",0.0289865199890537,7,TRUE
"ARE_ROU",-0.429446491305967,17,TRUE
"ARE_RWA",0.107699158021473,6,TRUE
"ARE_SEN",0.0549726337907817,11,TRUE
"ARE_SLV",0.49331346573569,4,TRUE
"ARE_SRB",-0.386630435720393,9,TRUE
"ARE_STP",0.152817343158541,8,TRUE
"ARE_SUR",0.373153345647791,5,TRUE
"ARE_SVK",-0.262444737754514,11,TRUE
"ARE_SVN",-0.0800888585856045,10,TRUE
"ARE_SWE",-0.288573385450073,17,TRUE
"ARE_SWZ",0.060257508030836,6,TRUE
"ARE_SYC",-0.346184966180544,15,TRUE
"ARE_TGO",0.270733373035351,5,TRUE
"ARE_THA",0.0515083487429158,16,TRUE
"ARE_TTO",0.104189420102685,9,TRUE
"ARE_TUR",-0.883828463054831,25,TRUE
"ARE_TWN",-0.730455196359294,26,TRUE
"ARE_TZA",0.0577555053071395,16,TRUE
"ARE_UGA",0.0032339808882669,15,TRUE
"ARE_UKR",-0.12467570784028,17,TRUE
"ARE_URY",-0.115438020172112,12,TRUE
"ARE_USA",-0.0236022244735467,9,TRUE
"ARE_VCT",0.934735595037971,4,TRUE
"ARE_VEN",-0.402046263858516,22,TRUE
"ARE_VUT",0.031468771935333,7,TRUE
"ARE_ZAF",0.1033363479794,9,TRUE
"ARE_ZMB",0.045032927265728,6,TRUE
"ARE_ZWE",0.240290553264138,8,TRUE
"ARG_ABW",0.241588711379551,11,TRUE
"ARG_AGO",-0.210930920908816,23,TRUE
"ARG_ALB",0.109732575357469,12,TRUE
"ARG_AND",-1.26241156196982,10,TRUE
"ARG_ARE",-0.04781594732226,10,TRUE
"ARG_ARM",0.0686395535149738,14,TRUE
"ARG_ATG",0.0267949056424625,20,TRUE
"ARG_AUS",0.169679722384689,12,TRUE
"ARG_AUT",0.0978548825450421,16,TRUE
"ARG_AZE",0.127546585884031,6,TRUE
"ARG_BEL",0.0666383668296073,7,TRUE
"ARG_BFA",-0.480897509644401,5,TRUE
"ARG_BGR",-0.0166620749086529,11,TRUE
"ARG_BHR",-0.475246864640866,18,TRUE
"ARG_BHS",-0.30913451106713,6,TRUE
"ARG_BIH",-0.34660017299109,9,TRUE
"ARG_BLR",-0.168913520051,16,TRUE
"ARG_BLZ",-0.523036623997521,14,TRUE
"ARG_BMU",-0.743360574795438,4,TRUE
"ARG_BRB",-0.284536821896789,7,TRUE
"ARG_BRN",1.22645122793101,5,TRUE
"ARG_CAF",-0.405048487183831,10,TRUE
"ARG_CAN",-0.232574412207951,23,TRUE
"ARG_CHE",-0.77000680021201,20,TRUE
"ARG_CHN",-0.248161670696528,9,TRUE
"ARG_CIV",0.0398743405296924,14,TRUE
"ARG_COD",-0.321252206008625,10,TRUE
"ARG_COG",0.164682421295785,19,TRUE
"ARG_COM",-0.148191015511081,12,TRUE
"ARG_CPV",0.251266617621901,10,TRUE
"ARG_CRI",0.127461252934441,4,TRUE
"ARG_CYP",-0.0217584558973344,20,TRUE
"ARG_CZE",-0.136589721454056,17,TRUE
"ARG_DEU",0.00554135918901027,11,TRUE
"ARG_DJI",-2.01922948494757,4,TRUE
"ARG_DMA",-1.14148443489969,12,TRUE
"ARG_DNK",-0.133106579421374,14,TRUE
"ARG_DOM",0.00859562714565452,24,TRUE
"ARG_ESP",-0.092652010796701,11,TRUE
"ARG_EST",-0.065986814097726,16,TRUE
"ARG_ETH",-0.743887489497518,12,TRUE
"ARG_FIN",-0.110956280408112,7,TRUE
"ARG_FJI",-0.45838297590625,16,TRUE
"ARG_FRA",-0.155540511934773,7,TRUE
"ARG_FRO",-0.0981461349598891,5,TRUE
"ARG_GAB",0.0211001711431091,15,TRUE
"ARG_GBR",-0.0340748010871754,22,TRUE
"ARG_GEO",-0.320096340019235,11,TRUE
"ARG_GMB",-0.662673891768431,5,TRUE
"ARG_GNQ",-0.170221382286756,14,TRUE
"ARG_GRC",0.25362915444115,5,TRUE
"ARG_GRL",0.0534978292127954,7,TRUE
"ARG_GTM",-0.0690099356965242,13,TRUE
"ARG_HKG",-0.153306804911659,7,TRUE
"ARG_HND",-0.0397671221919034,7,TRUE
"ARG_HRV",-0.0937492282115486,15,TRUE
"ARG_HTI",-0.361772730303449,15,TRUE
"ARG_HUN",0.146222625273202,6,TRUE
"ARG_IRL",-0.00782089473726829,15,TRUE
"ARG_ISL",-0.231709606229839,4,TRUE
"ARG_ITA",-0.0604939386196901,11,TRUE
"ARG_JAM",-0.468771842500408,9,TRUE
"ARG_JOR",-0.120044639052729,15,TRUE
"ARG_JPN",-0.0989834627433071,25,TRUE
"ARG_KAZ",-0.143963009676799,9,TRUE
"ARG_KEN",-0.575964906087444,8,TRUE
"ARG_KGZ",-0.560317312991295,6,TRUE
"ARG_KHM",0.527412554202756,5,TRUE
"ARG_KNA",-0.800746311754985,18,TRUE
"ARG_KWT",-0.037428681794931,18,TRUE
"ARG_LBN",-0.0782910768354981,26,TRUE
"ARG_LBR",-0.976896356207054,11,TRUE
"ARG_LCA",-1.39596673199465,8,TRUE
"ARG_LTU",0.246102088941315,10,TRUE
"ARG_LUX",-0.162583633859426,14,TRUE
"ARG_LVA",-0.0555392975999594,16,TRUE
"ARG_MAC",-0.136927968507267,10,TRUE
"ARG_MDA",0.0914279990305097,11,TRUE
"ARG_MDG",-0.483584249555428,12,TRUE
"ARG_MDV",0.300660555475696,7,TRUE
"ARG_MKD",-0.00556685252037266,12,TRUE
"ARG_MLI",-0.237687631812677,17,TRUE
"ARG_MLT",-1.13334137160536,19,TRUE
"ARG_MNE",0.239489442174811,4,TRUE
"ARG_MNG",-0.127072554436105,8,TRUE
"ARG_MRT",-0.18595494566856,9,TRUE
"ARG_MSR",-0.663273491526421,6,TRUE
"ARG_MUS",0.174242585090702,4,TRUE
"ARG_MWI",-0.166949100426743,12,TRUE
"ARG_MYT",-0.0862062165344545,4,TRUE
"ARG_NCL",-0.260757453892481,8,TRUE
"ARG_NER",-1.04006848325387,5,TRUE
"ARG_NLD",-0.0687039256504398,22,TRUE
"ARG_NOR",-0.00562641198109466,25,TRUE
"ARG_NPL",0.299942954612844,11,TRUE
"ARG_NZL",0.322434970537013,10,TRUE
"ARG_OMN",-0.072483808584653,7,TRUE
"ARG_PNG",-1.56676417433669,4,TRUE
"ARG_POL",0.0917587032734069,15,TRUE
"ARG_PRI",-0.851009654708112,4,TRUE
"ARG_PRT",-0.255021909341893,19,TRUE
"ARG_PSE",0.20389355579329,5,TRUE
"ARG_PYF",0.0921154290781917,14,TRUE
"ARG_QAT",-0.39264057987004,9,TRUE
"ARG_RWA",-0.648553974844705,4,TRUE
"ARG_SAU",0.134411738928148,11,TRUE
"ARG_SEN",-0.0185564756513892,8,TRUE
"ARG_SLE",-1.16276404304992,6,TRUE
"ARG_SLV",-0.463676135491623,6,TRUE
"ARG_SRB",-0.0667176089601529,4,TRUE
"ARG_SVK",-0.184316490992759,20,TRUE
"ARG_SVN",-0.186712736011177,20,TRUE
"ARG_SWE",-0.0532935497991163,21,TRUE
"ARG_SYC",-0.0935407569357923,9,TRUE
"ARG_SYR",0.0692173736135552,23,TRUE
"ARG_TCD",-0.382781658508706,6,TRUE
"ARG_TGO",-0.461656181042477,20,TRUE
"ARG_TWN",-0.298637141653557,21,TRUE
"ARG_UGA",-0.444551701512051,15,TRUE
"ARG_UKR",0.0689376974420813,8,TRUE
"ARG_USA",0.0237248956578885,10,TRUE
"ARG_UZB",-0.036182359693002,6,TRUE
"ARG_VCT",-0.969077562845163,5,TRUE
"ARG_VUT",-1.40719990517913,5,TRUE
"ARG_YEM",-0.146873239547194,22,TRUE
"ARG_ZMB",-0.580154651674576,4,TRUE
"ARM_ARE",-0.440458820948317,13,TRUE
"ARM_ARG",-2.55992821977804,4,TRUE
"ARM_AUS",-0.490818692639946,5,TRUE
"ARM_BEN",-0.264277955749206,5,TRUE
"ARM_BIH",-2.11526862386641,6,TRUE
"ARM_BOL",-1.00338228053973,5,TRUE
"ARM_CAN",-0.145162875017522,13,TRUE
"ARM_CHE",0.0991555611694028,4,TRUE
"ARM_CHL",-4.36103061783955,7,TRUE
"ARM_CHN",0.261768646159599,4,TRUE
"ARM_COL",-1.01441997792603,20,TRUE
"ARM_CRI",-0.939424512505691,4,TRUE
"ARM_DZA",-1.03652959575394,4,TRUE
"ARM_EGY",-2.92167279071761,7,TRUE
"ARM_HKG",-0.856180604201704,16,TRUE
"ARM_IND",-1.42471282665134,11,TRUE
"ARM_ISR",-2.42536218901489,6,TRUE
"ARM_JOR",-2.25888070058753,8,TRUE
"ARM_KOR",-0.0227425251645144,14,TRUE
"ARM_KWT",-0.509839464085452,9,TRUE
"ARM_LBN",-1.14191922219627,4,TRUE
"ARM_MEX",-1.27391429539559,16,TRUE
"ARM_MNE",-1.71035398207587,4,TRUE
"ARM_MNG",-0.881238785102342,4,TRUE
"ARM_MYS",-0.817239852262915,8,TRUE
"ARM_NOR",0.262456490466439,6,TRUE
"ARM_NZL",0.0314044028329972,14,TRUE
"ARM_PAK",-0.613513465187322,8,TRUE
"ARM_PAN",-2.25205418169008,7,TRUE
"ARM_PER",0.190107112493637,5,TRUE
"ARM_SAU",-0.0554473332309564,5,TRUE
"ARM_SEN",-0.490269377931919,8,TRUE
"ARM_SGP",0.316161183319889,8,TRUE
"ARM_SRB",0.453347042352342,4,TRUE
"ARM_SYR",0.495441462755286,8,TRUE
"ARM_THA",-0.0864523920388913,14,TRUE
"ARM_TUN",-1.01099107346823,4,TRUE
"ARM_TUR",-0.369698047485583,15,TRUE
"ARM_TWN",-1.86680080770472,4,TRUE
"ARM_TZA",-1.18995836134757,4,TRUE
"ARM_USA",-0.666110887780304,5,TRUE
"ARM_UZB",0.286267360677853,14,TRUE
"ARM_ZAF",-0.35105147321188,10,TRUE
"ASM_AUS",0.254949896596799,12,TRUE
"ASM_BEL",-0.243314311553294,6,TRUE
"ASM_BGD",-2.01290878518679,7,TRUE
"ASM_CAN",-0.229907136567731,14,TRUE
"ASM_CRI",0.508945591314804,5,TRUE
"ASM_CZE",-0.828748497567995,6,TRUE
"ASM_DEU",-1.08994290739072,11,TRUE
"ASM_DMA",-0.370687295808472,5,TRUE
"ASM_DNK",-0.11587590140155,9,TRUE
"ASM_ECU",-1.65729489634429,12,TRUE
"ASM_ESP",-1.91205235306431,10,TRUE
"ASM_FJI",-0.174806341073409,10,TRUE
"ASM_FRA",-1.04955570341436,8,TRUE
"ASM_GBR",-0.844847157598018,10,TRUE
"ASM_GHA",-2.70281170247879,9,TRUE
"ASM_IDN",-0.433247941363203,8,TRUE
"ASM_IND",-3.48353746049692,5,TRUE
"ASM_IRL",-2.4038286156834,8,TRUE
"ASM_ITA",-0.197307196535637,10,TRUE
"ASM_JPN",-1.94236712341246,9,TRUE
"ASM_KOR",-1.18860791842689,10,TRUE
"ASM_LBN",-1.67049684923011,8,TRUE
"ASM_MOZ",-0.793508000558174,4,TRUE
"ASM_MYS",-0.281387840511133,4,TRUE
"ASM_NZL",0.494500066237702,8,TRUE
"ASM_PER",-1.08456498716919,9,TRUE
"ASM_POL",-0.240443412105559,8,TRUE
"ASM_SDN",-3.40821201477252,6,TRUE
"ASM_SVK",-0.667516383897915,9,TRUE
"ASM_SVN",-1.34553448349958,9,TRUE
"ASM_SWE",-0.269345782988834,4,TRUE
"ASM_THA",-1.63363756784052,8,TRUE
"ASM_TON",-0.641017837593406,6,TRUE
"ASM_TUR",-0.574056983532667,6,TRUE
"ASM_TWN",-0.213939970054468,12,TRUE
"ASM_TZA",-1.55396034826395,9,TRUE
"ASM_WSM",0.280285418410668,7,TRUE
"ASM_ZAF",-1.72782261521537,11,TRUE
"ATA_CAN",-0.101819810764692,4,TRUE
"ATA_FJI",-2.97397023313647,4,TRUE
"ATA_NZL",-1.93038135043788,6,TRUE
"ATA_SDN",-0.857634817858581,6,TRUE
"ATA_ZAF",-1.22393310684395,11,TRUE
"ATF_CHL",2.76151788804538,4,TRUE
"ATF_PAK",-0.140681887263779,9,TRUE
"ATF_USA",-0.0706701423521801,9,TRUE
"ATG_AIA",-1.33855003516001,8,TRUE
"ATG_AUS",0.423700308987195,10,TRUE
"ATG_BGD",-2.4876468533611,6,TRUE
"ATG_BHR",0.97285995656274,4,TRUE
"ATG_CAN",0.163919235243364,20,TRUE
"ATG_CHE",0.49241658104883,26,TRUE
"ATG_COL",-3.71335606529177,8,TRUE
"ATG_CRI",-0.490662286806459,7,TRUE
"ATG_DOM",-0.733450424235377,12,TRUE
"ATG_DZA",-3.93207504304966,11,TRUE
"ATG_ETH",-0.751162366721908,9,TRUE
"ATG_GHA",-3.35811174151886,9,TRUE
"ATG_IDN",-3.01298715019245,5,TRUE
"ATG_IND",-1.58638620756203,8,TRUE
"ATG_JPN",-0.31279033901296,14,TRUE
"ATG_KOR",-0.0596583217731539,14,TRUE
"ATG_LKA",-0.0133396932741237,4,TRUE
"ATG_MEX",0.231142279609301,7,TRUE
"ATG_MMR",-4.63277432047753,4,TRUE
"ATG_MOZ",-2.01695061014045,4,TRUE
"ATG_MRT",-0.486682615842494,4,TRUE
"ATG_MUS",-0.866885832638863,10,TRUE
"ATG_NCL",0.870787989917212,4,TRUE
"ATG_NGA",-5.85231881528171,5,TRUE
"ATG_SGP",-0.54223501275693,5,TRUE
"ATG_THA",-0.264470552584292,10,TRUE
"ATG_TUN",-0.171383479391795,6,TRUE
"ATG_TUR",-1.21391187241051,21,TRUE
"ATG_TWN",0.383742447018744,5,TRUE
"ATG_USA",0.636802081717018,9,TRUE
"ATG_VEN",-3.02689157755138,4,TRUE
"AUS_AFG",-0.519324448973134,22,TRUE
"AUS_AGO",0.028165726192035,12,TRUE
"AUS_ALB",-0.0361078287598039,4,TRUE
"AUS_AND",-0.884677499517313,4,TRUE
"AUS_ANT",-0.41978135445792,17,TRUE
"AUS_ARE",-0.0701965747270031,26,TRUE
"AUS_ARG",0.00415630246269785,25,TRUE
"AUS_ARM",-0.0457525331795432,16,TRUE
"AUS_ASM",-0.986884671894187,10,TRUE
"AUS_ATA",0.136171207278231,5,TRUE
"AUS_ATF",-0.546052007803779,4,TRUE
"AUS_ATG",0.707432296717908,7,TRUE
"AUS_AUT",-0.166451083806449,25,TRUE
"AUS_AZE",-1.13151303086852,14,TRUE
"AUS_BEL",-0.0110643343814598,15,TRUE
"AUS_BEN",-0.626439375918397,21,TRUE
"AUS_BFA",0.169102291610323,7,TRUE
"AUS_BGD",-0.0813152877352258,17,TRUE
"AUS_BGR",-0.147979324587348,17,TRUE
"AUS_BHR",0.118275531100798,19,TRUE
"AUS_BHS",-0.138558962177187,7,TRUE
"AUS_BIH",-0.568555399641062,10,TRUE
"AUS_BLR",0.477380015934221,5,TRUE
"AUS_BLZ",-0.579356838488922,8,TRUE
"AUS_BMU",0.286804259271768,25,TRUE
"AUS_BOL",-0.126525940763308,21,TRUE
"AUS_BRA",0.0332164626995688,25,TRUE
"AUS_BRB",-0.109316880766615,18,TRUE
"AUS_BTN",-0.872219271053072,7,TRUE
"AUS_BWA",-0.392373243047445,6,TRUE
"AUS_CAF",0.191980027889568,7,TRUE
"AUS_CHE",-0.0100529373916847,19,TRUE
"AUS_CIV",-0.0301042882527526,15,TRUE
"AUS_CMR",-0.617650362030447,4,TRUE
"AUS_COD",-0.48887670426903,10,TRUE
"AUS_COG",-0.97777046020709,7,TRUE
"AUS_COL",0.142936419131556,23,TRUE
"AUS_COM",-2.11449619416411,6,TRUE
"AUS_CPV",-2.20024996285302,9,TRUE
"AUS_CRI",-0.0906587339270366,19,TRUE
"AUS_CUB",-1.25382619050383,9,TRUE
"AUS_CXR",-0.0178906003360593,16,TRUE
"AUS_CYM",-0.195377985935974,15,TRUE
"AUS_CYP",-0.209192289757759,15,TRUE
"AUS_CZE",0.0563307951608646,21,TRUE
"AUS_DEU",0.000383649330041571,25,TRUE
"AUS_DJI",-0.10636703634465,11,TRUE
"AUS_DMA",-0.515197552849689,7,TRUE
"AUS_DNK",-0.00698474230948539,15,TRUE
"AUS_DOM",-0.0445618932872175,8,TRUE
"AUS_ECU",-0.513117655620774,12,TRUE
"AUS_EGY",-0.526921683373161,9,TRUE
"AUS_ERI",0.620625183883894,6,TRUE
"AUS_ESP",-0.180379620620315,13,TRUE
"AUS_EST",0.00813827129080069,15,TRUE
"AUS_ETH",-0.181974503536234,14,TRUE
"AUS_FIN",-0.149236156251967,19,TRUE
"AUS_FLK",-0.708909735206742,5,TRUE
"AUS_FRA",-0.162449443629328,11,TRUE
"AUS_FRO",-0.061238603062421,8,TRUE
"AUS_GAB",-0.0084075026112582,9,TRUE
"AUS_GBR",-0.0312585225088845,19,TRUE
"AUS_GEO",-0.585777520179726,13,TRUE
"AUS_GHA",-0.321485423919869,4,TRUE
"AUS_GIB",-3.20597296144555,6,TRUE
"AUS_GIN",-0.327334488011504,15,TRUE
"AUS_GLP",-3.36262584278725,4,TRUE
"AUS_GMB",-1.21412669308019,25,TRUE
"AUS_GNQ",-0.348896426021759,13,TRUE
"AUS_GRC",-0.251310064543627,18,TRUE
"AUS_GRD",-0.963942661218208,14,TRUE
"AUS_GRL",-0.643903625638869,10,TRUE
"AUS_GTM",-0.250100110747174,15,TRUE
"AUS_GUM",-0.266892943607833,9,TRUE
"AUS_HND",-0.223376980452433,25,TRUE
"AUS_HRV",-0.0466195917325569,11,TRUE
"AUS_HTI",-0.40353952074304,23,TRUE
"AUS_HUN",-0.00105355943819638,19,TRUE
"AUS_IND",-0.0193229947372037,13,TRUE
"AUS_IRL",-0.0794882279230234,9,TRUE
"AUS_IRN",-0.362944872609604,21,TRUE
"AUS_IRQ",-1.64669320995484,4,TRUE
"AUS_ISL",-0.624817367182339,23,TRUE
"AUS_ISR",-0.143239239552197,14,TRUE
"AUS_ITA",-0.403797512147544,12,TRUE
"AUS_JAM",0.0100958085271058,26,TRUE
"AUS_JOR",-0.183683929158576,15,TRUE
"AUS_KAZ",-0.0362671915793857,14,TRUE
"AUS_KEN",0.0531731082585276,23,TRUE
"AUS_KGZ",-0.0595351892990186,14,TRUE
"AUS_KNA",-0.180510010930713,14,TRUE
"AUS_KWT",-0.212244474823747,5,TRUE
"AUS_LBN",-0.0643633988175211,5,TRUE
"AUS_LBR",-0.0879941161669095,16,TRUE
"AUS_LBY",-0.736498749103575,19,TRUE
"AUS_LCA",-0.0844161764936141,4,TRUE
"AUS_LKA",0.036951154797636,22,TRUE
"AUS_LSO",-0.88355962425944,6,TRUE
"AUS_LTU",-0.315043839090075,8,TRUE
"AUS_LUX",-0.835408485352837,5,TRUE
"AUS_LVA",-0.240393809339843,19,TRUE
"AUS_MAC",0.113320985269932,21,TRUE
"AUS_MAR",-0.256099719731952,7,TRUE
"AUS_MDA",0.139369729378996,5,TRUE
"AUS_MDG",-0.599398726997998,4,TRUE
"AUS_MDV",-0.0386741187924542,8,TRUE
"AUS_MLI",-0.134847916084236,6,TRUE
"AUS_MNE",-0.39095872880241,5,TRUE
"AUS_MNG",0.342459091271292,4,TRUE
"AUS_MNP",0.38664896933295,8,TRUE
"AUS_MOZ",-0.133577627749748,10,TRUE
"AUS_MRT",-0.0517583805406011,14,TRUE
"AUS_MSR",-2.78644024203298,9,TRUE
"AUS_MUS",-0.167372249313788,15,TRUE
"AUS_MWI",-0.227596930290994,5,TRUE
"AUS_NAM",-0.0235463797790048,7,TRUE
"AUS_NCL",0.3047266192025,5,TRUE
"AUS_NER",-0.359027007237842,18,TRUE
"AUS_NFK",-0.158997801312803,18,TRUE
"AUS_NGA",-0.380723627210168,24,TRUE
"AUS_NIC",-0.160264688894057,12,TRUE
"AUS_NLD",-0.0234539134511457,9,TRUE
"AUS_NOR",-0.166653330590142,14,TRUE
"AUS_NPL",-0.117970540527051,26,TRUE
"AUS_OMN",0.0613213142410628,24,TRUE
"AUS_PAK",0.12600903342757,23,TRUE
"AUS_PAN",0.274612881748636,10,TRUE
"AUS_PCN",-0.030277562857912,6,TRUE
"AUS_PER",0.0440904249124995,22,TRUE
"AUS_PLW",-0.297848017492068,11,TRUE
"AUS_PSE",0.0570459889289838,7,TRUE
"AUS_PYF",-0.449578758321875,16,TRUE
"AUS_QAT",-0.0829408887181933,13,TRUE
"AUS_REU",-0.434999728619,6,TRUE
"AUS_ROU",-0.674609390910296,13,TRUE
"AUS_RUS",-0.0018446056932491,13,TRUE
"AUS_RWA",-0.343726236389028,14,TRUE
"AUS_SAU",-0.32054090911069,11,TRUE
"AUS_SDN",-0.477636157113167,17,TRUE
"AUS_SEN",-0.377851024403327,4,TRUE
"AUS_SHN",0.628254027385395,5,TRUE
"AUS_SLE",-0.399599282975452,18,TRUE
"AUS_SLV",0.0831231003496868,12,TRUE
"AUS_SOM",-0.633457582410402,15,TRUE
"AUS_STP",-2.20893880775884,12,TRUE
"AUS_SUR",-0.0549635459842768,19,TRUE
"AUS_SVK",0.00411267997414987,19,TRUE
"AUS_SVN",-0.275430977730386,14,TRUE
"AUS_SWE",-0.05634296931182,11,TRUE
"AUS_SWZ",-0.377263326750399,7,TRUE
"AUS_SYC",-0.184693444918189,17,TRUE
"AUS_SYR",-1.32365928440765,17,TRUE
"AUS_TCD",-0.764184716604074,15,TRUE
"AUS_TGO",0.039906795398102,18,TRUE
"AUS_TJK",-0.32078044968637,18,TRUE
"AUS_TKM",-0.59329917349138,7,TRUE
"AUS_TLS",-0.46476367859586,10,TRUE
"AUS_TTO",-0.349297811834214,10,TRUE
"AUS_TUN",0.0487136379364851,24,TRUE
"AUS_TUR",-0.131751837569636,18,TRUE
"AUS_TWN",-0.0286170229686011,18,TRUE
"AUS_TZA",0.167793842865063,24,TRUE
"AUS_UGA",-0.218181455302419,26,TRUE
"AUS_UKR",0.0461614522111837,22,TRUE
"AUS_UMI",-1.50953991445476,7,TRUE
"AUS_URY",-0.10283420990757,19,TRUE
"AUS_UZB",-1.52093125359968,4,TRUE
"AUS_VCT",-0.199947462663186,11,TRUE
"AUS_VEN",-0.207688388262432,20,TRUE
"AUS_VGB",-2.03401683484217,17,TRUE
"AUS_WLF",-0.505534084024036,13,TRUE
"AUS_YEM",-0.0293440096025169,19,TRUE
"AUS_ZAF",-0.0850562426933838,15,TRUE
"AUS_ZMB",0.0705061171294461,14,TRUE
"AUS_ZWE",-0.897278697538896,8,TRUE
"AUT_AFG",-0.346046203308405,14,TRUE
"AUT_AGO",-0.0360446769961936,7,TRUE
"AUT_ARE",0.0632414610937756,9,TRUE
"AUT_ARG",0.0211364158884994,23,TRUE
"AUT_AUS",-0.0187845210346218,17,TRUE
"AUT_AZE",0.0437366567297346,10,TRUE
"AUT_BDI",-1.92703364833377,14,TRUE
"AUT_BEN",-0.395253305259892,10,TRUE
"AUT_BFA",-0.154196268203992,6,TRUE
"AUT_BGD",-0.07841727802191,10,TRUE
"AUT_BHR",-0.353268975950666,7,TRUE
"AUT_BLR",-0.180395718681599,6,TRUE
"AUT_BRA",0.0022210542880951,22,TRUE
"AUT_BRN",-0.308177605637083,13,TRUE
"AUT_CAF",-0.508426945366807,15,TRUE
"AUT_CHN",-0.0211259668377932,7,TRUE
"AUT_COD",-0.131149414192995,5,TRUE
"AUT_COG",-0.144381910593049,19,TRUE
"AUT_CPV",-0.622506292155154,16,TRUE
"AUT_CUB",-0.0283914827822467,9,TRUE
"AUT_DJI",-0.321324723097216,16,TRUE
"AUT_ETH",-0.104118399082591,20,TRUE
"AUT_GIB",-0.371650574347096,7,TRUE
"AUT_GIN",-1.17524843304971,16,TRUE
"AUT_GMB",-0.341084600106227,7,TRUE
"AUT_GNB",-1.94553610393148,8,TRUE
"AUT_GNQ",-0.563096538410337,5,TRUE
"AUT_GUM",-1.35037500124437,10,TRUE
"AUT_HKG",-0.568598872537163,6,TRUE
"AUT_HTI",-0.192771245035935,17,TRUE
"AUT_IDN",-0.183845912906178,10,TRUE
"AUT_IND",-0.0640667742644963,12,TRUE
"AUT_IRN",-0.230981859626259,15,TRUE
"AUT_IRQ",-0.459480602235144,4,TRUE
"AUT_KAZ",-0.0261478341987673,20,TRUE
"AUT_KEN",-0.148447288247992,20,TRUE
"AUT_KGZ",-0.0494561144777906,21,TRUE
"AUT_KHM",-0.42145111287015,12,TRUE
"AUT_KWT",0.0300230109743143,7,TRUE
"AUT_LAO",0.256554683445068,7,TRUE
"AUT_LBR",0.156550470846649,9,TRUE
"AUT_LBY",-0.316157109741117,10,TRUE
"AUT_LKA",-0.0748648598929684,18,TRUE
"AUT_MAC",-0.508037364515382,9,TRUE
"AUT_MDV",-0.0401665915238254,19,TRUE
"AUT_MHL",-0.700888898092066,4,TRUE
"AUT_MLI",-0.471332839680361,19,TRUE
"AUT_MMR",0.0962657192750409,13,TRUE
"AUT_MRT",-0.129925904074917,12,TRUE
"AUT_MWI",-0.693365290717332,6,TRUE
"AUT_MYS",0.172437067970401,5,TRUE
"AUT_NER",-0.293087368154888,14,TRUE
"AUT_NGA",-0.573054945286473,6,TRUE
"AUT_NPL",-0.23164277365491,9,TRUE
"AUT_NZL",-0.0985999674570068,4,TRUE
"AUT_OMN",-0.14610860632098,15,TRUE
"AUT_PAK",-0.0202643405922873,18,TRUE
"AUT_PHL",-0.0353277162681101,12,TRUE
"AUT_PRK",-2.04637258709579,8,TRUE
"AUT_PRY",-0.0705746187380385,16,TRUE
"AUT_RUS",0.0483719726348104,21,TRUE
"AUT_RWA",-0.261631852685471,5,TRUE
"AUT_SAU",-0.0401773902994624,26,TRUE
"AUT_SDN",-0.199300115097553,14,TRUE
"AUT_SEN",0.021223232180384,8,TRUE
"AUT_SLE",-1.0451671724821,9,TRUE
"AUT_SOM",-0.845978196452466,18,TRUE
"AUT_STP",-1.4320649228776,17,TRUE
"AUT_TCD",-0.0937534997065741,17,TRUE
"AUT_TGO",-0.339161906163193,16,TRUE
"AUT_THA",-0.0976081543917965,7,TRUE
"AUT_TJK",-0.0525462989596074,11,TRUE
"AUT_TKL",-0.332155825294519,10,TRUE
"AUT_TKM",-0.157220143377348,14,TRUE
"AUT_TLS",-1.02699546358521,9,TRUE
"AUT_TWN",-0.00556845058449523,15,TRUE
"AUT_TZA",-0.0673163212162897,8,TRUE
"AUT_UGA",-0.202087593028347,20,TRUE
"AUT_URY",-0.504765519934515,8,TRUE
"AUT_UZB",0.0574763667339208,17,TRUE
"AUT_VAT",-0.235977957380256,6,TRUE
"AUT_VEN",-0.247403360611295,6,TRUE
"AUT_VNM",-0.12309544300044,16,TRUE
"AUT_WSM",-0.0800143447892284,6,TRUE
"AUT_YEM",-0.109559419913538,20,TRUE
"AUT_ZMB",-0.031569911175244,15,TRUE
"AZE_AGO",-1.68121581019581,8,TRUE
"AZE_ALB",-3.27423300473642,6,TRUE
"AZE_ARE",-2.06490000699619,5,TRUE
"AZE_ARG",-4.00808745784234,5,TRUE
"AZE_AUS",-2.45856760691829,4,TRUE
"AZE_AUT",-0.475590680855827,15,TRUE
"AZE_BEL",-0.24452616733098,14,TRUE
"AZE_BGR",-1.15388831749367,17,TRUE
"AZE_BIH",-4.41797236775016,6,TRUE
"AZE_BLR",-1.43548428701626,12,TRUE
"AZE_BMU",-0.281327360657796,4,TRUE
"AZE_BRA",-3.09620893455994,14,TRUE
"AZE_BRN",-0.236124285392298,4,TRUE
"AZE_CAN",-0.101949280501104,5,TRUE
"AZE_CHE",0.186259156959946,20,TRUE
"AZE_CHN",-0.411850861899992,13,TRUE
"AZE_CMR",-1.12205237761649,5,TRUE
"AZE_COL",-1.51286386464084,10,TRUE
"AZE_CUB",-3.48251726062607,11,TRUE
"AZE_CYP",-2.80256134344062,6,TRUE
"AZE_CZE",0.108473608004398,20,TRUE
"AZE_DEU",0.117675534763878,5,TRUE
"AZE_DNK",-1.58020868287211,5,TRUE
"AZE_DZA",-2.07990686179883,11,TRUE
"AZE_EGY",-1.45545649969828,9,TRUE
"AZE_ESP",0.487723682494552,5,TRUE
"AZE_EST",-0.337649750305278,16,TRUE
"AZE_FIN",-3.23190119550667,9,TRUE
"AZE_FRA",-0.18512156902254,11,TRUE
"AZE_GAB",-1.18328960971978,9,TRUE
"AZE_GBR",-0.0995550452970694,21,TRUE
"AZE_GHA",-2.8025780844428,4,TRUE
"AZE_GRC",0.18646909448492,9,TRUE
"AZE_HKG",-2.30170714564875,10,TRUE
"AZE_HRV",0.271430613519993,11,TRUE
"AZE_HUN",-2.62891066823852,19,TRUE
"AZE_IDN",-1.652325647228,5,TRUE
"AZE_IND",-0.988407648512237,20,TRUE
"AZE_IRL",-3.3171205297587,14,TRUE
"AZE_IRQ",-1.41878870277846,5,TRUE
"AZE_ISR",-0.0504039379178283,16,TRUE
"AZE_ITA",0.164974050409227,4,TRUE
"AZE_JOR",-1.09192760708312,6,TRUE
"AZE_JPN",-1.01650479345501,15,TRUE
"AZE_KOR",-4.71445023009262,4,TRUE
"AZE_KWT",-0.37596887905438,7,TRUE
"AZE_LBN",-0.817515645397137,13,TRUE
"AZE_LBY",-4.09992778535997,7,TRUE
"AZE_LKA",-2.7413915342576,9,TRUE
"AZE_LTU",-0.656118916791304,13,TRUE
"AZE_LVA",-2.07701476726554,9,TRUE
"AZE_MEX",-1.00523192117585,9,TRUE
"AZE_MLT",-0.973040882065918,5,TRUE
"AZE_MNE",-1.81471342443408,5,TRUE
"AZE_MNG",-0.585975833305641,6,TRUE
"AZE_MOZ",-2.14591678195299,10,TRUE
"AZE_MYS",-2.64794972595168,4,TRUE
"AZE_NGA",-2.52980269093648,5,TRUE
"AZE_NLD",-0.697698528166261,13,TRUE
"AZE_NOR",-0.574087559359218,17,TRUE
"AZE_OMN",-1.89126746220771,5,TRUE
"AZE_PHL",-0.960593583080236,4,TRUE
"AZE_POL",-0.745053853302777,8,TRUE
"AZE_PRT",0.289140523780145,10,TRUE
"AZE_QAT",0.0361276011172491,7,TRUE
"AZE_ROU",-0.291792995755716,13,TRUE
"AZE_SAU",-0.858134751277356,6,TRUE
"AZE_SGP",-1.77126065316649,16,TRUE
"AZE_SRB",-0.615935342366041,5,TRUE
"AZE_SVK",-2.07962025804062,9,TRUE
"AZE_SVN",-1.68474338723456,4,TRUE
"AZE_SWE",-1.62039353713083,15,TRUE
"AZE_SYR",-5.46118501383573,4,TRUE
"AZE_THA",-0.897979905886244,15,TRUE
"AZE_TTO",-0.2481987523148,5,TRUE
"AZE_TUN",-2.20553543420274,14,TRUE
"AZE_TWN",0.118775746018543,7,TRUE
"AZE_USA",-1.23041907722374,9,TRUE
"AZE_VEN",0.313317036848017,5,TRUE
"AZE_VNM",-0.0984437366899992,7,TRUE
"AZE_ZMB",-2.07176422686105,6,TRUE
"BDI_ARE",-0.00300804854055157,10,TRUE
"BDI_AUS",0.471934934694382,5,TRUE
"BDI_AUT",-1.4825726964302,10,TRUE
"BDI_BEL",-0.0414551540594046,13,TRUE
"BDI_CHE",-1.56483541200757,18,TRUE
"BDI_CHL",-1.13034437089309,16,TRUE
"BDI_CHN",-0.396880231923222,16,TRUE
"BDI_CMR",-2.51766872067964,7,TRUE
"BDI_COL",-2.33159597693332,4,TRUE
"BDI_CZE",-2.15477900181336,7,TRUE
"BDI_DEU",-0.44136543186053,5,TRUE
"BDI_DNK",-2.39670291355228,4,TRUE
"BDI_DOM",-3.15555819990618,9,TRUE
"BDI_ESP",-2.15330066581246,9,TRUE
"BDI_FIN",-1.03870067665925,14,TRUE
"BDI_FRA",-0.314231649547072,26,TRUE
"BDI_GBR",-1.52054896247096,9,TRUE
"BDI_HKG",-3.06821604461873,5,TRUE
"BDI_HUN",-3.46746727839573,11,TRUE
"BDI_IRL",-2.49806569756219,14,TRUE
"BDI_ITA",-0.0721921488911196,24,TRUE
"BDI_JPN",-0.837724683216775,12,TRUE
"BDI_KOR",0.876612734434031,4,TRUE
"BDI_MEX",-1.27537143945762,6,TRUE
"BDI_NLD",-2.13236142680389,7,TRUE
"BDI_NOR",-1.43935140507879,22,TRUE
"BDI_OMN",-0.198869296301826,13,TRUE
"BDI_PAK",0.166985922868555,21,TRUE
"BDI_POL",-0.350350749754651,6,TRUE
"BDI_PRT",-2.20384304759688,14,TRUE
"BDI_RUS",0.101482788169187,12,TRUE
"BDI_SGP",-1.93826791310482,5,TRUE
"BDI_SVK",-3.17973780097054,10,TRUE
"BDI_SVN",-3.01837079450011,11,TRUE
"BDI_SWE",0.477447022446869,10,TRUE
"BDI_THA",-0.496466129673685,5,TRUE
"BDI_TWN",0.200422112403155,5,TRUE
"BDI_USA",-0.14943547066808,17,TRUE
"BDI_ZAF",-1.12885020057703,5,TRUE
"BEL_AFG",-0.176916862348956,9,TRUE
"BEL_AGO",0.241171616289437,7,TRUE
"BEL_ARE",0.132967104666451,7,TRUE
"BEL_ARG",-0.0782451430184421,14,TRUE
"BEL_ASM",-1.07904635117874,10,TRUE
"BEL_AUS",0.0683297190079779,8,TRUE
"BEL_BDI",-0.357029757219709,8,TRUE
"BEL_BEN",0.233381486532815,7,TRUE
"BEL_BFA",-0.103457172443864,10,TRUE
"BEL_BGD",-0.00591445633113183,11,TRUE
"BEL_BHR",-0.197464934275069,9,TRUE
"BEL_BLR",-0.056792209680208,8,TRUE
"BEL_BOL",-0.045333595207964,7,TRUE
"BEL_BRA",0.0319096063382621,7,TRUE
"BEL_BRN",-0.102748029915404,14,TRUE
"BEL_BTN",-0.348750374063275,15,TRUE
"BEL_CAF",-0.0856273846167301,4,TRUE
"BEL_CHN",-0.184667212532227,6,TRUE
"BEL_COD",-0.161870611791416,13,TRUE
"BEL_COG",0.00780196917456403,12,TRUE
"BEL_COK",-0.0858437822271061,6,TRUE
"BEL_COM",-0.33646656632044,4,TRUE
"BEL_CPV",-0.0481625137375008,11,TRUE
"BEL_CUB",0.277772589914112,5,TRUE
"BEL_DJI",-0.199563825940939,11,TRUE
"BEL_ERI",-0.123491662823869,8,TRUE
"BEL_ETH",-0.033601929112226,15,TRUE
"BEL_GAB",-0.692682563312143,8,TRUE
"BEL_GIB",-0.595935946774145,8,TRUE
"BEL_GIN",-0.0765200900034033,4,TRUE
"BEL_GMB",0.110211867409354,11,TRUE
"BEL_GNB",-0.222560458508413,8,TRUE
"BEL_GNQ",0.24099305452808,9,TRUE
"BEL_HKG",-0.0124529859529085,10,TRUE
"BEL_HTI",0.000548705916603729,13,TRUE
"BEL_IDN",0.0470724960830884,4,TRUE
"BEL_IRN",-0.228386011286425,7,TRUE
"BEL_IRQ",-0.10496780747059,8,TRUE
"BEL_KAZ",-0.037913115389059,10,TRUE
"BEL_KEN",-0.117034156486732,6,TRUE
"BEL_KHM",-0.0690075021110155,11,TRUE
"BEL_KIR",0.0319661272200683,7,TRUE
"BEL_KWT",-0.05003935299472,10,TRUE
"BEL_LAO",-0.205666232106135,15,TRUE
"BEL_LBR",0.323290134216048,4,TRUE
"BEL_LBY",-0.10420271873367,9,TRUE
"BEL_LKA",-0.813986869270261,8,TRUE
"BEL_MAC",-0.134095162644409,15,TRUE
"BEL_MDV",-0.229196639491546,14,TRUE
"BEL_MHL",-4.36976056623066,7,TRUE
"BEL_MLI",-0.136599091438046,8,TRUE
"BEL_MMR",-0.0668920229811398,8,TRUE
"BEL_MNG",-0.0936484218702989,14,TRUE
"BEL_MRT",0.0540421165294072,11,TRUE
"BEL_MWI",-0.209925002364197,5,TRUE
"BEL_MYS",0.0119896610953723,15,TRUE
"BEL_NER",-0.0266805946188799,6,TRUE
"BEL_NGA",0.559081276355148,4,TRUE
"BEL_NPL",-0.510908597439722,11,TRUE
"BEL_NZL",-0.0827834903438135,9,TRUE
"BEL_OMN",-0.026280531053957,12,TRUE
"BEL_PHL",0.107058918064533,10,TRUE
"BEL_PRK",-1.80137844836004,5,TRUE
"BEL_PRY",-0.244761595781369,13,TRUE
"BEL_QAT",-0.160902068347824,7,TRUE
"BEL_RUS",0.00174265313799333,13,TRUE
"BEL_RWA",-0.0649191983500739,14,TRUE
"BEL_SAU",-0.0448074903207545,4,TRUE
"BEL_SDN",-0.28698581094604,6,TRUE
"BEL_SEN",-0.0901815407038682,14,TRUE
"BEL_SLB",-0.620903890082033,11,TRUE
"BEL_SLE",-0.199990205908444,13,TRUE
"BEL_SOM",-0.215578741621095,15,TRUE
"BEL_STP",-0.335259800138041,14,TRUE
"BEL_TCD",-0.42117744001902,7,TRUE
"BEL_TGO",-0.159178099594328,13,TRUE
"BEL_THA",-0.0163173015778442,11,TRUE
"BEL_TJK",0.160132315109921,8,TRUE
"BEL_TKL",-3.09951917128283,4,TRUE
"BEL_TKM",-0.354952893637236,7,TRUE
"BEL_TLS",-1.67792267768418,8,TRUE
"BEL_TON",-1.3011384704938,12,TRUE
"BEL_TWN",-0.0468673730692728,7,TRUE
"BEL_TZA",-0.0179840626392515,14,TRUE
"BEL_UGA",-0.166590770990943,11,TRUE
"BEL_UMI",0.347000234966702,5,TRUE
"BEL_URY",0.122473136842952,5,TRUE
"BEL_USA",0.0330651189177384,5,TRUE
"BEL_UZB",-0.161248797226718,12,TRUE
"BEL_VAT",-1.51182590599157,11,TRUE
"BEL_VEN",-0.783665649883108,5,TRUE
"BEL_VNM",-0.0469367225463438,9,TRUE
"BEL_VUT",-0.0301872142720588,15,TRUE
"BEL_WSM",-0.732512616217235,7,TRUE
"BEL_YEM",0.17931526115431,6,TRUE
"BEL_ZMB",-0.251554388811359,12,TRUE
"BEN_AGO",-2.72355445871755,8,TRUE
"BEN_ARE",-1.46099537632484,12,TRUE
"BEN_AUT",-3.51017824787931,8,TRUE
"BEN_BEL",-0.128857788513186,9,TRUE
"BEN_BGR",-1.57839879520652,8,TRUE
"BEN_CAF",-0.225326466061463,4,TRUE
"BEN_CAN",-1.07378536682114,17,TRUE
"BEN_CHN",-0.257727140678216,10,TRUE
"BEN_COD",-0.307781153815803,5,TRUE
"BEN_COG",-2.58616267252963,7,TRUE
"BEN_CRI",-3.55256796872803,6,TRUE
"BEN_CZE",-3.90368284187973,6,TRUE
"BEN_DEU",-0.628968315622067,6,TRUE
"BEN_DNK",-0.463618674845789,15,TRUE
"BEN_ESP",-0.708400325408138,20,TRUE
"BEN_ETH",-0.517098160361623,5,TRUE
"BEN_FRA",0.0712509898907001,22,TRUE
"BEN_GAB",-1.30791085663041,6,TRUE
"BEN_GBR",-0.978876559129494,18,TRUE
"BEN_GNQ",-1.11110431470284,4,TRUE
"BEN_HKG",-0.450926698537773,14,TRUE
"BEN_HRV",-2.18167526161423,7,TRUE
"BEN_IRL",-3.95805994224484,5,TRUE
"BEN_ITA",-0.378445874276568,25,TRUE
"BEN_JPN",-1.07516546831154,25,TRUE
"BEN_LBN",-0.85505755040369,4,TRUE
"BEN_MUS",-3.30522346800012,9,TRUE
"BEN_NLD",-0.48528107766225,19,TRUE
"BEN_PRT",-1.27616441976677,11,TRUE
"BEN_RUS",-1.96532346271404,10,TRUE
"BEN_RWA",-1.98473048355056,5,TRUE
"BEN_SAU",-2.00666303220649,15,TRUE
"BEN_SVN",-2.54142581845598,12,TRUE
"BEN_SWE",-2.99323671697642,5,TRUE
"BEN_TCD",-0.307572761897881,16,TRUE
"BEN_TUR",-1.06974752345962,16,TRUE
"BEN_TWN",-0.50749808689096,21,TRUE
"BEN_UGA",-0.370524794507454,5,TRUE
"BEN_USA",0.283664534282057,5,TRUE
"BEN_ZAF",-0.718316999953135,7,TRUE
"BFA_ARE",-0.478132235015695,6,TRUE
"BFA_AUS",-0.349272501971018,7,TRUE
"BFA_AUT",-0.424377517173805,4,TRUE
"BFA_BEL",-0.889077141873387,8,TRUE
"BFA_CAN",-1.30280177695998,24,TRUE
"BFA_CHE",0.0672283821736856,12,TRUE
"BFA_CHN",0.225869878675478,17,TRUE
"BFA_COD",-1.38914241944847,6,TRUE
"BFA_COG",-0.679971680015415,7,TRUE
"BFA_COL",-4.76065964275465,13,TRUE
"BFA_CRI",-3.48381162217963,6,TRUE
"BFA_CZE",-2.41724826015543,14,TRUE
"BFA_DEU",-0.379217690483837,19,TRUE
"BFA_DNK",-1.5078437707052,16,TRUE
"BFA_DZA",-0.950381654089586,6,TRUE
"BFA_EGY",-1.26594038456445,7,TRUE
"BFA_ESP",-1.11128729011006,17,TRUE
"BFA_ETH",-1.13966327038367,6,TRUE
"BFA_FIN",-0.755636473767658,10,TRUE
"BFA_FRA",-0.719461461978902,9,TRUE
"BFA_GAB",-1.37850845558155,11,TRUE
"BFA_GBR",-0.263162126714884,14,TRUE
"BFA_GRC",-2.12307477536742,16,TRUE
"BFA_HKG",-2.7781387273732,4,TRUE
"BFA_HRV",-3.45126439763571,9,TRUE
"BFA_IDN",0.116783724725861,21,TRUE
"BFA_IND",-1.10408644263563,17,TRUE
"BFA_IRL",-1.43830625452238,9,TRUE
"BFA_ISR",-1.25956704719391,9,TRUE
"BFA_ITA",-0.915745943205225,7,TRUE
"BFA_JOR",-0.211987669583062,4,TRUE
"BFA_KEN",-3.11365751601157,4,TRUE
"BFA_KOR",-1.290434968951,4,TRUE
"BFA_KWT",-0.656457804859632,4,TRUE
"BFA_LBN",-1.16677218690252,15,TRUE
"BFA_LUX",-1.36298784593828,10,TRUE
"BFA_MAR",-0.402207643307234,15,TRUE
"BFA_MDG",-1.62871580521912,6,TRUE
"BFA_MEX",-2.20455672015133,8,TRUE
"BFA_MUS",-1.77271094589284,21,TRUE
"BFA_NCL",-0.36972445281009,5,TRUE
"BFA_NLD",-0.208504036443518,21,TRUE
"BFA_PAK",-1.22699260652852,10,TRUE
"BFA_POL",-0.313814169434786,9,TRUE
"BFA_PRT",-1.77721971911602,15,TRUE
"BFA_RWA",-3.17080482971562,6,TRUE
"BFA_SGP",0.349900834100652,5,TRUE
"BFA_SVK",-0.846795230065964,4,TRUE
"BFA_SVN",-2.13554282441607,8,TRUE
"BFA_SWE",-1.10297315106309,13,TRUE
"BFA_TCD",-1.44190736988277,17,TRUE
"BFA_TUN",-0.450844247375818,20,TRUE
"BFA_TUR",-0.308377668759839,11,TRUE
"BFA_TWN",-4.12609770676808,4,TRUE
"BFA_USA",-0.485441847710235,12,TRUE
"BFA_VNM",0.353071362119354,5,TRUE
"BFA_ZAF",-1.32569458584275,6,TRUE
"BGD_AGO",-0.15333874702522,14,TRUE
"BGD_ALB",-0.0414501309141471,10,TRUE
"BGD_AND",-0.670042798819877,20,TRUE
"BGD_ARE",-0.0492816514875159,10,TRUE
"BGD_ATG",-0.656462834112835,7,TRUE
"BGD_AUS",0.0362320898332088,11,TRUE
"BGD_AUT",0.119397115287649,8,TRUE
"BGD_AZE",-0.440315156104002,7,TRUE
"BGD_BDI",-0.792403121828164,7,TRUE
"BGD_BEL",-0.108529421906483,14,TRUE
"BGD_BFA",-0.610271843412614,6,TRUE
"BGD_BGR",-0.364729647202422,14,TRUE
"BGD_BHR",-0.042753077045879,10,TRUE
"BGD_BHS",-1.8647355346193,11,TRUE
"BGD_BIH",0.0504664723553074,9,TRUE
"BGD_BLR",0.0334668901105203,6,TRUE
"BGD_BLZ",-0.691214266502652,5,TRUE
"BGD_BMU",0.471451905044518,4,TRUE
"BGD_BRB",-0.0516188865635552,7,TRUE
"BGD_BWA",-2.4518782596058,6,TRUE
"BGD_CAN",0.0914145417678962,15,TRUE
"BGD_CHE",-0.00790168980393124,4,TRUE
"BGD_CIV",0.0454557572287113,18,TRUE
"BGD_COG",-3.21558576991258,9,TRUE
"BGD_COM",-0.413685528755681,6,TRUE
"BGD_CPV",0.44781879760638,5,TRUE
"BGD_CRI",-0.49067540052476,20,TRUE
"BGD_CYP",-0.0333287724312038,14,TRUE
"BGD_CZE",-0.0604032387298628,14,TRUE
"BGD_DEU",0.0349869604011546,16,TRUE
"BGD_DJI",-0.321122279692221,6,TRUE
"BGD_DMA",-1.11413668811442,14,TRUE
"BGD_DNK",0.190687431638502,6,TRUE
"BGD_DOM",-0.0458520295737296,11,TRUE
"BGD_ESP",-0.01835928238902,16,TRUE
"BGD_EST",-0.0460336616706594,15,TRUE
"BGD_FIN",-0.0121413166734404,19,TRUE
"BGD_FJI",0.354642348466295,6,TRUE
"BGD_FRA",-0.0339605183273108,26,TRUE
"BGD_FRO",-0.296547919807341,10,TRUE
"BGD_GAB",-1.2835778010564,6,TRUE
"BGD_GBR",-0.0143116621422489,11,TRUE
"BGD_GIB",-1.58275872822779,11,TRUE
"BGD_GMB",-2.35470761555562,6,TRUE
"BGD_GNB",-0.134380999392036,4,TRUE
"BGD_GRC",0.0103350495979847,12,TRUE
"BGD_GRD",-0.536288792002722,14,TRUE
"BGD_GRL",0.32855479764636,4,TRUE
"BGD_HKG",-0.05982651860885,13,TRUE
"BGD_HND",-0.0668241018483772,13,TRUE
"BGD_HRV",-0.217996087058734,19,TRUE
"BGD_HUN",-0.636108669769982,6,TRUE
"BGD_IRL",0.0184964803871645,14,TRUE
"BGD_ISL",0.0476914188071533,19,TRUE
"BGD_ITA",-0.0776364156403919,19,TRUE
"BGD_JAM",-0.0363928073436544,19,TRUE
"BGD_JOR",-0.315752393309196,16,TRUE
"BGD_JPN",-0.290227064581405,21,TRUE
"BGD_KAZ",-0.443343158965754,13,TRUE
"BGD_KEN",-0.013531544989974,18,TRUE
"BGD_KGZ",-0.260531082484947,12,TRUE
"BGD_KHM",-0.0447389122384602,13,TRUE
"BGD_KWT",-0.210474803026808,18,TRUE
"BGD_LBN",0.213441067303827,5,TRUE
"BGD_LBR",-0.614950337687215,6,TRUE
"BGD_LCA",-1.53122159967031,12,TRUE
"BGD_LTU",-0.348721896993453,15,TRUE
"BGD_LUX",-0.115052412970445,4,TRUE
"BGD_LVA",-0.0299790176667605,7,TRUE
"BGD_MAC",-0.808282200627695,6,TRUE
"BGD_MDA",0.0491384893984415,4,TRUE
"BGD_MDG",-0.180847597314282,15,TRUE
"BGD_MKD",-0.326571183935582,17,TRUE
"BGD_MLI",-1.34631929938897,12,TRUE
"BGD_MLT",-0.625390767805774,10,TRUE
"BGD_MNE",0.120795915817164,5,TRUE
"BGD_MNG",0.520969136956748,4,TRUE
"BGD_MUS",0.297581606377158,7,TRUE
"BGD_MYT",0.088881692324862,4,TRUE
"BGD_NAM",-0.705322663709928,11,TRUE
"BGD_NCL",0.0384065474618472,10,TRUE
"BGD_NER",-1.05678661124282,13,TRUE
"BGD_NLD",-0.0242075064800279,20,TRUE
"BGD_NZL",-0.402701891204676,23,TRUE
"BGD_OMN",-0.158089397567898,18,TRUE
"BGD_PAN",0.0612584848454226,11,TRUE
"BGD_PNG",-0.367932978906073,9,TRUE
"BGD_POL",-0.542422860277046,19,TRUE
"BGD_PRT",-0.157301771299635,22,TRUE
"BGD_PSE",-0.0432498004697083,4,TRUE
"BGD_PYF",-0.0399561383599133,12,TRUE
"BGD_QAT",0.0657492372830629,8,TRUE
"BGD_RUS",-0.00822409399792273,11,TRUE
"BGD_RWA",-2.090305826327,11,TRUE
"BGD_SAU",-0.11141886231786,16,TRUE
"BGD_SEN",-0.664280392867776,19,TRUE
"BGD_SLB",-0.0549773774883628,9,TRUE
"BGD_SLV",0.115457639214472,6,TRUE
"BGD_SOM",-1.04402167487121,13,TRUE
"BGD_SUR",-0.46561449999548,10,TRUE
"BGD_SVK",-0.239083773922829,16,TRUE
"BGD_SVN",0.13321737321373,9,TRUE
"BGD_SWE",-0.0082734622518253,13,TRUE
"BGD_SWZ",-1.98770585264816,8,TRUE
"BGD_SYC",0.359910916464165,7,TRUE
"BGD_SYR",-1.11676328060266,5,TRUE
"BGD_TGO",-0.289639370848487,25,TRUE
"BGD_TKL",0.777158073494997,4,TRUE
"BGD_TLS",-1.57979369406325,5,TRUE
"BGD_TWN",0.00414047168818303,10,TRUE
"BGD_UGA",-0.757555659251034,5,TRUE
"BGD_UKR",0.117003300261273,11,TRUE
"BGD_USA",-0.101681199876302,12,TRUE
"BGD_UZB",0.0153914858023515,9,TRUE
"BGD_VCT",-1.49669576147508,4,TRUE
"BGD_VUT",-0.120154136610182,4,TRUE
"BGD_YEM",-0.894089058307838,10,TRUE
"BGD_ZAF",0.0853101802318483,12,TRUE
"BGR_AGO",0.198306993008843,5,TRUE
"BGR_ARE",0.0646582711029601,9,TRUE
"BGR_AUS",-0.0221072077699523,19,TRUE
"BGR_AZE",-0.193062971607729,18,TRUE
"BGR_BEN",-1.62746559404709,18,TRUE
"BGR_BFA",-1.002198259673,11,TRUE
"BGR_BGD",-0.123092805668344,8,TRUE
"BGR_BHR",-0.136806378073152,11,TRUE
"BGR_BLR",-0.382938846790066,4,TRUE
"BGR_BOL",-0.355716454015571,16,TRUE
"BGR_BRA",0.0570431101819574,23,TRUE
"BGR_BRN",0.705840436193472,4,TRUE
"BGR_CAF",-0.654203667888174,8,TRUE
"BGR_CHN",-0.246685059956255,15,TRUE
"BGR_COD",-0.580876891913242,4,TRUE
"BGR_COG",-1.1891843566486,13,TRUE
"BGR_COM",-1.17643000619453,14,TRUE
"BGR_CPV",-1.09467831674554,8,TRUE
"BGR_CUB",-0.831531840509702,17,TRUE
"BGR_DJI",-2.9331967969848,5,TRUE
"BGR_ETH",-0.520111080650985,17,TRUE
"BGR_GAB",0.0503670568506612,7,TRUE
"BGR_GIB",-0.42547910748698,10,TRUE
"BGR_GIN",-0.994927003313799,12,TRUE
"BGR_GMB",-1.79402568453222,6,TRUE
"BGR_GNQ",-0.721604541031255,6,TRUE
"BGR_HKG",0.130747745561533,13,TRUE
"BGR_HTI",-0.730318080458223,12,TRUE
"BGR_IDN",-0.0484833550091513,18,TRUE
"BGR_IND",-0.11662947036097,9,TRUE
"BGR_IRN",0.0915025218796979,6,TRUE
"BGR_IRQ",-0.493396811938748,4,TRUE
"BGR_KAZ",-0.195523640023234,5,TRUE
"BGR_KEN",-0.326049304780752,7,TRUE
"BGR_KGZ",0.138822916237477,7,TRUE
"BGR_KHM",-0.748240775473306,5,TRUE
"BGR_KWT",0.236364301679642,4,TRUE
"BGR_LBR",-0.841966115580548,6,TRUE
"BGR_LBY",-0.637217639404025,18,TRUE
"BGR_LKA",-0.0915211025718703,13,TRUE
"BGR_MAC",-0.502610142278981,8,TRUE
"BGR_MDV",-0.05538198167143,8,TRUE
"BGR_MLI",-0.742045240839321,5,TRUE
"BGR_MMR",-0.0957444473948977,5,TRUE
"BGR_MNG",-0.472139997013857,8,TRUE
"BGR_MWI",-0.112376540707312,8,TRUE
"BGR_MYS",-0.314660150467853,25,TRUE
"BGR_NER",-1.19549200098046,12,TRUE
"BGR_NGA",-0.757183444701946,9,TRUE
"BGR_NPL",-0.0494817539490018,7,TRUE
"BGR_NZL",0.252265747480158,9,TRUE
"BGR_OMN",-0.493514016472871,4,TRUE
"BGR_PAK",-0.990164577654902,9,TRUE
"BGR_PHL",0.0981278952131723,11,TRUE
"BGR_PRK",-0.78885432149441,13,TRUE
"BGR_PRY",0.0716777218970034,11,TRUE
"BGR_RWA",-0.0129257432831266,4,TRUE
"BGR_SAU",-0.0238773409842313,12,TRUE
"BGR_SDN",-0.907589205109089,13,TRUE
"BGR_SEN",-0.372152368291026,18,TRUE
"BGR_SLE",-0.401055849507204,5,TRUE
"BGR_TCD",-0.962612072088672,9,TRUE
"BGR_TGO",-1.23521182052429,18,TRUE
"BGR_THA",-0.118223857799018,4,TRUE
"BGR_TJK",-1.10128592804748,7,TRUE
"BGR_TKM",-0.336144267277621,7,TRUE
"BGR_TWN",-0.00890393841599652,18,TRUE
"BGR_TZA",-0.312186771696511,16,TRUE
"BGR_UGA",-0.771534348731305,9,TRUE
"BGR_URY",-0.224462636945174,14,TRUE
"BGR_USA",-0.0186363541546345,10,TRUE
"BGR_UZB",-0.113014627535666,5,TRUE
"BGR_VEN",-0.254638170246691,18,TRUE
"BGR_VNM",-0.0408382178839773,13,TRUE
"BGR_YEM",0.207717789497732,4,TRUE
"BGR_ZMB",-0.659626652955082,11,TRUE
"BHR_AFG",-0.525252979531332,10,TRUE
"BHR_AGO",-2.20237323021738,4,TRUE
"BHR_ARG",-1.12144938433894,5,TRUE
"BHR_ARM",-1.52705701037622,7,TRUE
"BHR_AUS",0.0183126097979511,21,TRUE
"BHR_AUT",-0.388482958174205,17,TRUE
"BHR_AZE",-0.991579712629484,9,TRUE
"BHR_BEL",0.611535067518413,7,TRUE
"BHR_BGD",-0.0747766316397867,4,TRUE
"BHR_BGR",-1.18715471667911,6,TRUE
"BHR_BIH",-0.688254098256002,4,TRUE
"BHR_BLR",-1.94534226208883,4,TRUE
"BHR_CAN",0.0255226596820816,9,TRUE
"BHR_CHL",0.36634885228462,10,TRUE
"BHR_CHN",-0.0334750613146542,11,TRUE
"BHR_CIV",-2.9236954544507,13,TRUE
"BHR_CMR",-2.51596872747962,6,TRUE
"BHR_COL",-0.956108817946264,13,TRUE
"BHR_CYP",-0.68953103706382,21,TRUE
"BHR_CZE",0.990322584699262,4,TRUE
"BHR_DEU",-0.489324155649318,4,TRUE
"BHR_DJI",-1.08799909400563,9,TRUE
"BHR_DNK",-0.619065624018147,10,TRUE
"BHR_ESP",0.165516543186043,12,TRUE
"BHR_ETH",0.0513561575282278,7,TRUE
"BHR_FIN",-1.48759417257292,9,TRUE
"BHR_FRA",0.0132468837090348,6,TRUE
"BHR_FRO",-1.34699080030648,4,TRUE
"BHR_GBR",0.0254301709012512,9,TRUE
"BHR_GEO",-0.486125731237633,4,TRUE
"BHR_GHA",-1.82106066342051,18,TRUE
"BHR_GRC",-0.393857535755752,13,TRUE
"BHR_GUY",-0.11454460875751,7,TRUE
"BHR_HKG",-0.119991444480635,11,TRUE
"BHR_HRV",0.533562229405549,7,TRUE
"BHR_HUN",-1.10212902359041,20,TRUE
"BHR_IDN",-0.092371631474411,24,TRUE
"BHR_IND",-0.124088611797279,19,TRUE
"BHR_IRL",-0.855012092213225,19,TRUE
"BHR_IRN",-1.6251702398675,9,TRUE
"BHR_ITA",-0.0850606278527549,21,TRUE
"BHR_JPN",-0.256588272828682,23,TRUE
"BHR_KAZ",-0.658938153970975,7,TRUE
"BHR_KEN",-0.805950742809483,14,TRUE
"BHR_KGZ",-4.42820034155499,6,TRUE
"BHR_KOR",-0.0171741091238023,24,TRUE
"BHR_LBR",-0.0992866418582642,5,TRUE
"BHR_LKA",-0.418847680680767,7,TRUE
"BHR_LTU",0.308748499482721,4,TRUE
"BHR_LUX",-1.21026821508079,5,TRUE
"BHR_LVA",-1.52414213828007,5,TRUE
"BHR_MDG",-2.50823366281595,6,TRUE
"BHR_MDV",-1.41968258531636,8,TRUE
"BHR_MEX",-0.212716784222678,11,TRUE
"BHR_MKD",-3.7342801283424,5,TRUE
"BHR_MLT",-0.976780645570606,7,TRUE
"BHR_MOZ",-1.32593231786021,5,TRUE
"BHR_MRT",-1.40778807035985,13,TRUE
"BHR_MUS",-1.89781164011021,16,TRUE
"BHR_MWI",-1.7433089585654,10,TRUE
"BHR_MYS",0.020251132405704,15,TRUE
"BHR_NER",-2.16232082471391,10,TRUE
"BHR_NGA",-0.153472629593325,5,TRUE
"BHR_NLD",-0.243752276916912,18,TRUE
"BHR_NPL",-0.550054149137343,5,TRUE
"BHR_NZL",-1.18404812593639,10,TRUE
"BHR_PAK",-0.00882029940974912,18,TRUE
"BHR_PER",-2.86498931763418,8,TRUE
"BHR_PHL",-0.809967671116872,16,TRUE
"BHR_POL",0.307467661936023,6,TRUE
"BHR_PRT",-1.6272651984297,13,TRUE
"BHR_RUS",0.475716985295085,4,TRUE
"BHR_RWA",-0.860573204286178,10,TRUE
"BHR_SEN",-1.45910181367136,8,TRUE
"BHR_SVK",-1.18950334398356,16,TRUE
"BHR_SVN",-2.42785880124798,18,TRUE
"BHR_SWE",-0.839867810278517,13,TRUE
"BHR_SYC",-0.22780182087005,20,TRUE
"BHR_TGO",-2.20488123373408,9,TRUE
"BHR_THA",0.0271383658788076,17,TRUE
"BHR_TTO",-3.48637321539734,7,TRUE
"BHR_TUR",0.0137253566122645,13,TRUE
"BHR_TWN",-0.0134932389650107,17,TRUE
"BHR_TZA",-0.911043810814426,16,TRUE
"BHR_UGA",-0.783007594185828,8,TRUE
"BHR_UKR",-1.23787721607558,8,TRUE
"BHR_VNM",-0.142205687437973,13,TRUE
"BHR_ZAF",0.160617002444561,10,TRUE
"BHR_ZMB",-0.796039308309824,5,TRUE
"BHR_ZWE",-1.58928883237219,4,TRUE
"BHS_ABW",-0.641585724066644,13,TRUE
"BHS_AGO",-0.507792576824144,7,TRUE
"BHS_ANT",-0.0771396905972762,5,TRUE
"BHS_ARG",0.0469665438248337,7,TRUE
"BHS_AUS",-0.109600557520093,24,TRUE
"BHS_BHR",-1.91866788438284,7,TRUE
"BHS_BIH",-2.63712623705313,6,TRUE
"BHS_BLR",-1.88756767642487,15,TRUE
"BHS_BMU",-2.73951236062756,15,TRUE
"BHS_BOL",-0.777926611160785,17,TRUE
"BHS_BRA",-1.30054768531538,8,TRUE
"BHS_CAN",-0.170152636322269,24,TRUE
"BHS_CHL",-0.965302369737738,16,TRUE
"BHS_CHN",-0.820681661540434,13,TRUE
"BHS_COL",-2.82222533231223,18,TRUE
"BHS_CRI",-0.928067215851097,20,TRUE
"BHS_CUB",-7.45695004618048,8,TRUE
"BHS_CYM",-1.31162766906981,11,TRUE
"BHS_DOM",-0.755299697880625,13,TRUE
"BHS_ECU",-2.31981028511145,23,TRUE
"BHS_GHA",-3.27209138569459,17,TRUE
"BHS_GRL",-0.0700149633857228,5,TRUE
"BHS_GTM",-2.69996196315398,14,TRUE
"BHS_HKG",0.0981124091402369,8,TRUE
"BHS_HND",-2.37814622287823,20,TRUE
"BHS_IDN",-2.59367620981814,20,TRUE
"BHS_IND",0.291477349091728,7,TRUE
"BHS_ISL",-2.86141701986157,13,TRUE
"BHS_ISR",-2.08706278207488,15,TRUE
"BHS_JPN",-1.24290586428935,12,TRUE
"BHS_KAZ",-2.90102761369367,6,TRUE
"BHS_KEN",-3.15576813047905,9,TRUE
"BHS_LBN",0.928167362814395,5,TRUE
"BHS_MAR",-6.24945918830207,4,TRUE
"BHS_MDA",-0.0422157435894689,7,TRUE
"BHS_MDV",-2.85673858474629,17,TRUE
"BHS_MEX",-2.23289990278879,15,TRUE
"BHS_MKD",-2.74484673268643,9,TRUE
"BHS_MNE",-2.80327154532693,6,TRUE
"BHS_MOZ",-1.4658193067102,8,TRUE
"BHS_MUS",-2.36992253915783,12,TRUE
"BHS_MYS",-2.10309088246288,21,TRUE
"BHS_NCL",-3.35256186963595,5,TRUE
"BHS_NGA",-2.97804715680028,8,TRUE
"BHS_NOR",-2.26354066182896,5,TRUE
"BHS_NZL",-3.2575848843032,8,TRUE
"BHS_PAK",0.267056899278617,5,TRUE
"BHS_PAN",0.400774142704524,6,TRUE
"BHS_PER",-2.64026796615957,16,TRUE
"BHS_PHL",-2.10294694016418,5,TRUE
"BHS_PRY",-3.60296519383836,12,TRUE
"BHS_RUS",-0.572038974931108,12,TRUE
"BHS_SAU",0.251819103151016,4,TRUE
"BHS_SEN",-1.67293585815782,9,TRUE
"BHS_SGP",-1.34284912327968,15,TRUE
"BHS_SLV",-4.32096224889396,17,TRUE
"BHS_SRB",-3.83325746943421,6,TRUE
"BHS_TCA",-0.556705674814022,8,TRUE
"BHS_THA",-1.35983244235442,11,TRUE
"BHS_TUN",-4.5319212402266,7,TRUE
"BHS_TUR",-1.81495632644788,19,TRUE
"BHS_TWN",-0.548082841835418,14,TRUE
"BHS_UKR",-2.22173178680979,17,TRUE
"BHS_URY",-1.24677974182831,11,TRUE
"BHS_USA",0.031316334644969,25,TRUE
"BHS_VEN",-2.72844617498998,14,TRUE
"BHS_VGB",-2.35685774408543,14,TRUE
"BHS_ZAF",-0.160774735023473,14,TRUE
"BIH_AFG",-1.53379006996774,10,TRUE
"BIH_AGO",-0.153976034409974,4,TRUE
"BIH_AND",0.00749409961668865,8,TRUE
"BIH_ARE",0.128672693753394,5,TRUE
"BIH_ARG",-0.275740460658994,7,TRUE
"BIH_ARM",0.0833532260971374,6,TRUE
"BIH_AUS",0.487974185985907,5,TRUE
"BIH_AZE",0.0866186388228135,9,TRUE
"BIH_BGD",-1.7237223401721,11,TRUE
"BIH_BLR",-1.20008535369003,11,TRUE
"BIH_BOL",-3.25219029644221,11,TRUE
"BIH_CAN",0.240194256984517,9,TRUE
"BIH_CHL",0.462844459859627,6,TRUE
"BIH_CHN",-0.187732057891129,4,TRUE
"BIH_CIV",-0.955206246818937,7,TRUE
"BIH_CMR",-0.191306514853024,5,TRUE
"BIH_COG",-1.83153739957206,9,TRUE
"BIH_DZA",-0.532077003306259,5,TRUE
"BIH_ECU",0.226879862061219,4,TRUE
"BIH_EGY",-0.199043423125679,13,TRUE
"BIH_ETH",-1.02783947892098,5,TRUE
"BIH_GEO",-0.604610102842886,7,TRUE
"BIH_GHA",-0.29743277566313,6,TRUE
"BIH_HKG",-0.744096311745592,4,TRUE
"BIH_IDN",-1.16581277594953,4,TRUE
"BIH_IND",-0.678109148545665,9,TRUE
"BIH_IRN",-1.89059762810098,5,TRUE
"BIH_ISR",-0.176693251716937,5,TRUE
"BIH_KAZ",-0.123414635869233,10,TRUE
"BIH_KEN",-1.11015015995137,7,TRUE
"BIH_KGZ",-1.12818275313561,11,TRUE
"BIH_KOR",-0.60695613963369,15,TRUE
"BIH_KWT",-0.569392828504292,4,TRUE
"BIH_LBN",0.135798383112386,10,TRUE
"BIH_LBY",-1.12655930460347,9,TRUE
"BIH_LKA",-1.27742177408889,4,TRUE
"BIH_MAC",-0.523751707923398,8,TRUE
"BIH_MAR",-0.199300753325273,13,TRUE
"BIH_MDG",-0.241422639113741,7,TRUE
"BIH_MEX",0.0672409141977114,11,TRUE
"BIH_MNG",-0.0478645506700757,5,TRUE
"BIH_MUS",-0.100554423135836,5,TRUE
"BIH_NCL",-0.530373749125409,11,TRUE
"BIH_NER",-0.0892898482312396,7,TRUE
"BIH_NGA",-0.0417786257929842,6,TRUE
"BIH_NIC",0.0329916144148731,4,TRUE
"BIH_NPL",-1.6629524848339,6,TRUE
"BIH_NZL",-0.157075686281061,12,TRUE
"BIH_OMN",-0.813009860030003,6,TRUE
"BIH_PAK",-0.43620218943613,6,TRUE
"BIH_PER",0.150688855147651,5,TRUE
"BIH_PHL",-1.25638541427945,17,TRUE
"BIH_PRY",-1.21154489565391,5,TRUE
"BIH_PSE",-0.261191167894284,6,TRUE
"BIH_PYF",0.51888787188935,5,TRUE
"BIH_QAT",0.127049702335985,5,TRUE
"BIH_RUS",0.0146740721336219,13,TRUE
"BIH_RWA",-2.40787323393855,6,TRUE
"BIH_SAU",0.385945458894633,5,TRUE
"BIH_SDN",0.289750038431892,6,TRUE
"BIH_SEN",-0.510798464218923,5,TRUE
"BIH_SGP",-0.342046374551645,15,TRUE
"BIH_SLE",-1.98067117509428,10,TRUE
"BIH_SLV",-0.41538757056923,4,TRUE
"BIH_SUR",-0.567269463885834,5,TRUE
"BIH_SYC",-1.21546494942995,6,TRUE
"BIH_SYR",-0.663910274780617,9,TRUE
"BIH_THA",0.364757384638672,8,TRUE
"BIH_TUN",-0.557097971951691,7,TRUE
"BIH_TWN",0.226225405910414,4,TRUE
"BIH_TZA",-0.31982634943112,5,TRUE
"BIH_UGA",-1.1014793621151,5,TRUE
"BIH_UKR",-0.00367982470439733,7,TRUE
"BIH_URY",0.177562358455343,9,TRUE
"BIH_USA",-0.137400939937179,18,TRUE
"BIH_VCT",-1.2782089149607,7,TRUE
"BIH_YEM",0.0900642856351353,7,TRUE
"BIH_ZAF",0.0200811514792937,9,TRUE
"BIH_ZWE",-1.19474618812036,8,TRUE
"BLR_AFG",-0.587619948447516,13,TRUE
"BLR_AGO",-0.756607873767289,11,TRUE
"BLR_ALB",-2.72900283909504,5,TRUE
"BLR_AND",-0.963510591993576,8,TRUE
"BLR_ARE",-0.391859199911044,16,TRUE
"BLR_ARG",-0.277119677507414,16,TRUE
"BLR_AUS",-0.120964980779821,14,TRUE
"BLR_AUT",-0.809508783170475,4,TRUE
"BLR_AZE",0.0844204205472486,12,TRUE
"BLR_BEL",0.0524444601276086,5,TRUE
"BLR_BEN",-0.186265182425838,5,TRUE
"BLR_BFA",-0.770193857602352,9,TRUE
"BLR_BGD",0.188177940063232,8,TRUE
"BLR_BGR",-0.0858853965316344,11,TRUE
"BLR_BHR",-0.0198671175176704,8,TRUE
"BLR_BIH",-0.128067179454529,16,TRUE
"BLR_BLZ",-1.5870002436792,5,TRUE
"BLR_BOL",-1.38807490021728,8,TRUE
"BLR_BRA",0.00414467991985406,11,TRUE
"BLR_CAN",0.0859190612832853,7,TRUE
"BLR_CHE",-0.315588524457206,19,TRUE
"BLR_CHL",0.0876475380334383,8,TRUE
"BLR_CHN",0.0979497516733498,21,TRUE
"BLR_CIV",0.00170544060430999,8,TRUE
"BLR_CMR",-0.28155228399852,7,TRUE
"BLR_COD",-0.785191345656524,9,TRUE
"BLR_COG",-0.410654010369467,7,TRUE
"BLR_COL",-0.277397833753536,14,TRUE
"BLR_CRI",0.0887874499674692,6,TRUE
"BLR_CUB",-0.131286191806463,15,TRUE
"BLR_CYM",-0.762025245723915,6,TRUE
"BLR_CYP",-1.69392452318532,8,TRUE
"BLR_CZE",-0.0506583422622551,12,TRUE
"BLR_DEU",-0.0725359938136902,22,TRUE
"BLR_DMA",-1.23910082907892,6,TRUE
"BLR_DNK",-0.636639951002102,13,TRUE
"BLR_DOM",-0.708139472779404,6,TRUE
"BLR_DZA",-0.789606564381719,12,TRUE
"BLR_ECU",-0.211673138298399,8,TRUE
"BLR_EGY",-0.196768512937693,15,TRUE
"BLR_ESP",-0.976092162554267,8,TRUE
"BLR_EST",-0.101115845176051,15,TRUE
"BLR_ETH",-0.927199988505259,5,TRUE
"BLR_FRA",-0.206581255598415,20,TRUE
"BLR_FRO",-2.79581079319756,7,TRUE
"BLR_GAB",-0.474253205014172,8,TRUE
"BLR_GBR",-0.743589643239089,17,TRUE
"BLR_GEO",-0.0273506206632187,7,TRUE
"BLR_GHA",-0.633691245592516,16,TRUE
"BLR_GIB",-2.9760167414601,4,TRUE
"BLR_GIN",-1.12826652070431,4,TRUE
"BLR_GRC",-1.07086800551935,8,TRUE
"BLR_GTM",0.698180852413504,5,TRUE
"BLR_HKG",-0.782370764408643,12,TRUE
"BLR_HRV",-0.400850245012032,17,TRUE
"BLR_HUN",-0.3296093633193,12,TRUE
"BLR_IDN",-0.120026315887415,14,TRUE
"BLR_IND",-0.22112153479667,5,TRUE
"BLR_IRL",0.33046377675223,7,TRUE
"BLR_ISL",-0.812727371293652,7,TRUE
"BLR_ITA",-0.066555685532107,19,TRUE
"BLR_JAM",-3.70749575092112,5,TRUE
"BLR_JOR",-1.28660800532243,7,TRUE
"BLR_JPN",0.204234148535924,7,TRUE
"BLR_KEN",-0.161774402106577,5,TRUE
"BLR_KHM",-0.117003171869556,8,TRUE
"BLR_KOR",-0.0398952731684402,11,TRUE
"BLR_KWT",-0.261141398926888,6,TRUE
"BLR_LAO",-1.19513472296147,5,TRUE
"BLR_LBN",-0.905558132987883,13,TRUE
"BLR_LBY",-0.834083246854313,11,TRUE
"BLR_LKA",-0.0935651168973366,13,TRUE
"BLR_LTU",0.289968540640549,4,TRUE
"BLR_LUX",-0.547751566515585,11,TRUE
"BLR_LVA",-0.00725738015454939,18,TRUE
"BLR_MAR",-1.26325954183921,5,TRUE
"BLR_MDG",-0.150488923778462,8,TRUE
"BLR_MEX",-0.622696285046993,8,TRUE
"BLR_MKD",-0.434301478413999,14,TRUE
"BLR_MLI",0.370498178780492,6,TRUE
"BLR_MLT",-2.62569667371599,6,TRUE
"BLR_MMR",-0.239243787575613,8,TRUE
"BLR_MNE",-0.07382884666913,6,TRUE
"BLR_MNG",-0.477190960182897,5,TRUE
"BLR_MRT",0.557204601369858,4,TRUE
"BLR_MUS",-0.817293443210048,6,TRUE
"BLR_MYS",-0.0884059966574073,15,TRUE
"BLR_NCL",-0.633752485192258,7,TRUE
"BLR_NGA",-0.271469350587445,12,TRUE
"BLR_NIC",-0.149355229839518,12,TRUE
"BLR_NLD",-0.624444606731265,20,TRUE
"BLR_NOR",-0.405573501311093,21,TRUE
"BLR_NPL",-0.969488464065013,4,TRUE
"BLR_NZL",-1.00344275337135,19,TRUE
"BLR_OMN",-1.24157012780129,5,TRUE
"BLR_PAK",-0.0647706822327897,14,TRUE
"BLR_PER",-0.401190584996479,14,TRUE
"BLR_PHL",-0.175912929822231,5,TRUE
"BLR_POL",0.100346842833097,20,TRUE
"BLR_PRK",-0.630664762308328,5,TRUE
"BLR_PRT",-0.991452103519551,11,TRUE
"BLR_PSE",-1.05803517953104,4,TRUE
"BLR_PYF",-0.688672532258649,7,TRUE
"BLR_QAT",0.319882308763156,7,TRUE
"BLR_ROU",-0.00386170471124657,13,TRUE
"BLR_SDN",0.0984507824338584,7,TRUE
"BLR_SGP",-0.523767905611984,7,TRUE
"BLR_SRB",0.0819973277217901,6,TRUE
"BLR_SVK",-0.00357349741214597,4,TRUE
"BLR_SVN",0.0755550068207205,10,TRUE
"BLR_SWE",-0.306087433652236,10,TRUE
"BLR_SYC",-4.587395751539,4,TRUE
"BLR_SYR",-0.992238843812689,10,TRUE
"BLR_THA",0.415715496406706,7,TRUE
"BLR_TKM",-0.263941606131712,15,TRUE
"BLR_TUN",-0.175125480573034,13,TRUE
"BLR_TUR",-0.0753795327002198,21,TRUE
"BLR_TWN",-0.23549845047021,7,TRUE
"BLR_TZA",0.324526981863027,5,TRUE
"BLR_UGA",-1.18863107043545,8,TRUE
"BLR_URY",-1.11194337413722,18,TRUE
"BLR_USA",-0.410620048920658,8,TRUE
"BLR_VEN",-0.687309767930575,12,TRUE
"BLR_VGB",-0.541448156861308,13,TRUE
"BLR_YEM",-0.67644789063025,6,TRUE
"BLR_ZAF",-0.289619094449873,13,TRUE
"BLR_ZMB",-0.59279555149226,8,TRUE
"BLR_ZWE",-1.60849648722489,4,TRUE
"BLZ_ARE",0.780545676764593,4,TRUE
"BLZ_AUS",1.02135117617203,7,TRUE
"BLZ_AZE",-0.83586546395636,8,TRUE
"BLZ_BGD",-3.82778725015793,6,TRUE
"BLZ_BHR",0.439577120165157,5,TRUE
"BLZ_BRA",-0.0383140067509188,12,TRUE
"BLZ_CAN",-0.205788379930167,22,TRUE
"BLZ_CHE",-0.459827540178056,17,TRUE
"BLZ_CHL",0.567577345516602,10,TRUE
"BLZ_CHN",-1.00478700937693,17,TRUE
"BLZ_COL",-2.44145108381087,18,TRUE
"BLZ_CRI",-1.60360622999611,10,TRUE
"BLZ_CUB",-1.5028009197165,7,TRUE
"BLZ_DOM",-0.0983676396944642,14,TRUE
"BLZ_DZA",-1.60243611175314,5,TRUE
"BLZ_ECU",-1.81057965289208,5,TRUE
"BLZ_EGY",0.191634733756068,4,TRUE
"BLZ_ETH",-3.21316452649481,6,TRUE
"BLZ_FJI",-0.215301267120966,4,TRUE
"BLZ_GEO",0.290589545366781,5,TRUE
"BLZ_HND",-0.826115794206962,17,TRUE
"BLZ_IDN",0.290672905501639,8,TRUE
"BLZ_IND",-0.355225838507243,9,TRUE
"BLZ_ISR",1.3422886026881,5,TRUE
"BLZ_JPN",-0.504656203334942,12,TRUE
"BLZ_KOR",-0.224847318238387,19,TRUE
"BLZ_MAR",-1.90637590532821,4,TRUE
"BLZ_MEX",-0.477553824589557,20,TRUE
"BLZ_MMR",-1.92458020476001,4,TRUE
"BLZ_MUS",0.0628800321477405,6,TRUE
"BLZ_MYS",-0.421975823208587,9,TRUE
"BLZ_NIC",0.2406603950198,7,TRUE
"BLZ_NZL",0.905129739142666,6,TRUE
"BLZ_PAK",0.102910456023944,8,TRUE
"BLZ_PAN",-0.870037126764189,12,TRUE
"BLZ_PER",0.766657794038275,6,TRUE
"BLZ_PRY",-2.81491202609587,4,TRUE
"BLZ_RUS",-0.230556552219294,13,TRUE
"BLZ_SLV",-0.0947090123213986,20,TRUE
"BLZ_SRB",-3.27367978113112,4,TRUE
"BLZ_THA",-0.409267888077107,26,TRUE
"BLZ_TUN",-0.854360820729517,14,TRUE
"BLZ_TUR",0.793576252381603,9,TRUE
"BLZ_TWN",0.664007455604843,7,TRUE
"BLZ_UKR",-0.103795218756973,4,TRUE
"BLZ_URY",-0.941243401194456,9,TRUE
"BLZ_USA",0.240616059410559,21,TRUE
"BLZ_VEN",0.520987051626766,7,TRUE
"BLZ_ZAF",-1.30683645750106,12,TRUE
"BMU_BGD",-3.65157581748473,6,TRUE
"BMU_BHS",-1.21429458598652,15,TRUE
"BMU_BLR",-1.8202083828506,12,TRUE
"BMU_BRA",-4.5867526466879,15,TRUE
"BMU_BRB",-1.50303440611228,5,TRUE
"BMU_CAN",-0.0151358757002611,25,TRUE
"BMU_CHE",-6.05672934137542,5,TRUE
"BMU_CHL",0.298329841433352,4,TRUE
"BMU_COL",-3.26329537698503,13,TRUE
"BMU_CRI",-4.82568612138701,6,TRUE
"BMU_DOM",-5.3578571465371,5,TRUE
"BMU_ECU",-1.19476263126301,13,TRUE
"BMU_ISL",-3.94630497277281,12,TRUE
"BMU_JAM",-0.843414920657278,11,TRUE
"BMU_JPN",-2.29103123111693,13,TRUE
"BMU_KAZ",-0.95423160905324,5,TRUE
"BMU_KOR",-5.8893553887853,6,TRUE
"BMU_LCA",-0.436388170476959,7,TRUE
"BMU_MEX",-4.95061792789119,19,TRUE
"BMU_MUS",-6.27901714303392,5,TRUE
"BMU_NOR",-5.55729323449919,19,TRUE
"BMU_NZL",-3.1865583597632,19,TRUE
"BMU_PAK",-1.60384620046548,6,TRUE
"BMU_RUS",-0.836094668724562,8,TRUE
"BMU_SGP",-3.11877600614916,4,TRUE
"BMU_THA",-3.79985762060063,6,TRUE
"BMU_TUR",-3.2086306586678,11,TRUE
"BMU_TWN",-1.70306570310765,4,TRUE
"BMU_TZA",-2.31793172628925,11,TRUE
"BMU_USA",0.00460738306207035,17,TRUE
"BMU_VCT",-3.50745083285907,9,TRUE
"BMU_ZAF",-3.22826792558373,7,TRUE
"BOL_AGO",-2.116918068079,4,TRUE
"BOL_AND",-0.706726778833229,8,TRUE
"BOL_ARE",-2.44162946674792,11,TRUE
"BOL_AUS",-0.468409579031097,11,TRUE
"BOL_AUT",-0.724421962541818,16,TRUE
"BOL_BEL",-0.0975611142545225,12,TRUE
"BOL_BGR",-1.94612514114395,12,TRUE
"BOL_BHS",-2.88634411024477,7,TRUE
"BOL_BIH",0.422226676429256,5,TRUE
"BOL_BLR",-0.818861868802355,10,TRUE
"BOL_BLZ",-0.263768185890239,6,TRUE
"BOL_BRB",-2.03112355559793,11,TRUE
"BOL_CAN",0.150777096020194,5,TRUE
"BOL_CHE",-0.438900226815573,21,TRUE
"BOL_CHN",0.0333770028855624,9,TRUE
"BOL_CIV",-0.656519853705628,5,TRUE
"BOL_CRI",-0.654172936143092,4,TRUE
"BOL_CYP",-1.62640191361128,7,TRUE
"BOL_CZE",-0.399116139403034,16,TRUE
"BOL_DEU",0.103259002548712,12,TRUE
"BOL_DNK",-0.475347175213092,18,TRUE
"BOL_DOM",-0.261650645554037,13,TRUE
"BOL_ESP",-0.0768275467445167,20,TRUE
"BOL_EST",-1.26774482777401,13,TRUE
"BOL_ETH",-0.762971010157394,9,TRUE
"BOL_FIN",-2.52442444479508,13,TRUE
"BOL_FRA",-0.111674439505777,10,TRUE
"BOL_GBR",-0.464446328066468,14,TRUE
"BOL_GRC",-0.620014823688822,6,TRUE
"BOL_GRL",0.522635064128228,4,TRUE
"BOL_GTM",-0.729987102409406,10,TRUE
"BOL_HKG",-0.6480670473968,10,TRUE
"BOL_HND",-0.364242135857488,5,TRUE
"BOL_HRV",0.0218918655579215,6,TRUE
"BOL_HUN",-1.04438847091062,15,TRUE
"BOL_IRL",-0.348772106477709,13,TRUE
"BOL_ISL",0.21025537927337,6,TRUE
"BOL_ISR",-0.000680300915992701,18,TRUE
"BOL_ITA",-0.0794403916860068,9,TRUE
"BOL_JAM",-2.9784274679486,13,TRUE
"BOL_JOR",-1.98963774696574,4,TRUE
"BOL_JPN",0.115445376738249,18,TRUE
"BOL_KAZ",-1.27889717915369,6,TRUE
"BOL_LBN",-0.252153481918876,18,TRUE
"BOL_LTU",-0.0224716633809884,8,TRUE
"BOL_LUX",-0.493321851846659,6,TRUE
"BOL_LVA",-1.49781770438742,8,TRUE
"BOL_MKD",0.42527955976973,5,TRUE
"BOL_MLT",-1.00880058235285,14,TRUE
"BOL_MNE",-0.440786508633704,4,TRUE
"BOL_MUS",-1.10684970730127,11,TRUE
"BOL_NCL",0.145762798384266,7,TRUE
"BOL_NLD",-0.366675788905964,5,TRUE
"BOL_NZL",0.0651512222084351,8,TRUE
"BOL_POL",-0.325812066453314,11,TRUE
"BOL_PRT",-0.423066221526966,13,TRUE
"BOL_PYF",-0.749693719787716,10,TRUE
"BOL_RUS",-0.0158356745997506,14,TRUE
"BOL_SAU",-0.443398878627849,24,TRUE
"BOL_SLV",-0.196495492035799,6,TRUE
"BOL_SRB",-0.0951738397760583,7,TRUE
"BOL_SVK",-2.25476599123944,12,TRUE
"BOL_SVN",-0.504096379097986,6,TRUE
"BOL_SWE",-0.11731422581137,21,TRUE
"BOL_TUR",-1.98893345498937,18,TRUE
"BOL_TWN",-0.0594423199192582,19,TRUE
"BOL_UKR",-0.0251303908784561,10,TRUE
"BOL_USA",-0.121733061069574,12,TRUE
"BOL_ZAF",-0.317034909627752,18,TRUE
"BRA_ABW",-0.37511986093485,11,TRUE
"BRA_AFG",-0.332642539552194,17,TRUE
"BRA_AGO",0.0402243547669872,18,TRUE
"BRA_AIA",-1.12106234840906,9,TRUE
"BRA_AND",-0.52001051888915,9,TRUE
"BRA_ANT",0.361376995291867,7,TRUE
"BRA_ARE",0.0457552651080172,18,TRUE
"BRA_ARM",0.216609257962787,8,TRUE
"BRA_ATG",-0.152013209157909,22,TRUE
"BRA_AUS",-0.280214841924633,5,TRUE
"BRA_AUT",-0.0713723529090529,16,TRUE
"BRA_AZE",0.0432658363110935,9,TRUE
"BRA_BDI",-1.99837502688383,4,TRUE
"BRA_BFA",0.0018859413207165,16,TRUE
"BRA_BGR",-1.15435702065616,6,TRUE
"BRA_BHR",-0.302161419711135,26,TRUE
"BRA_BHS",-0.598907571997534,21,TRUE
"BRA_BIH",-0.118093374904467,18,TRUE
"BRA_BLR",0.0318573237302572,18,TRUE
"BRA_BLZ",0.0296725370819453,7,TRUE
"BRA_BMU",-2.19640722084079,4,TRUE
"BRA_BRB",0.0554747302626775,20,TRUE
"BRA_BRN",0.155527405520494,8,TRUE
"BRA_CAF",-0.398753929430125,22,TRUE
"BRA_CAN",0.0795414102960393,7,TRUE
"BRA_CHE",-0.0265873739914178,8,TRUE
"BRA_CHN",-0.296156770794648,24,TRUE
"BRA_CIV",-0.319492361780534,6,TRUE
"BRA_COD",0.0463858040584817,16,TRUE
"BRA_COG",-0.234577175923954,9,TRUE
"BRA_COK",-0.791387511401726,9,TRUE
"BRA_COM",-0.750400016032911,6,TRUE
"BRA_CPV",-0.152043492206019,10,TRUE
"BRA_CRI",-0.150007519938043,7,TRUE
"BRA_CYM",-1.05048270664237,7,TRUE
"BRA_CYP",-0.343316060217547,26,TRUE
"BRA_CZE",-0.0113089950265975,19,TRUE
"BRA_DEU",-0.0812130064238021,8,TRUE
"BRA_DJI",-0.122711089069261,16,TRUE
"BRA_DMA",0.090775723839229,11,TRUE
"BRA_DNK",-0.0870985798726557,17,TRUE
"BRA_DOM",0.244943854275694,5,TRUE
"BRA_ERI",-1.66893135238712,8,TRUE
"BRA_ESP",0.0196388552439302,21,TRUE
"BRA_EST",-0.101078554095143,20,TRUE
"BRA_ETH",-0.421034343404929,7,TRUE
"BRA_FIN",-0.0189913418275896,21,TRUE
"BRA_FJI",-0.0119914892412572,22,TRUE
"BRA_FRA",-0.111785001051101,12,TRUE
"BRA_FRO",-1.36928156865793,16,TRUE
"BRA_GAB",-0.030950179014293,21,TRUE
"BRA_GBR",-0.0342378353334218,20,TRUE
"BRA_GEO",0.0541434011606387,16,TRUE
"BRA_GIB",-2.78910801379872,10,TRUE
"BRA_GMB",0.106577212766569,17,TRUE
"BRA_GNB",-0.0680582441647907,17,TRUE
"BRA_GNQ",0.0365706663321213,6,TRUE
"BRA_GRC",-0.181392718807691,20,TRUE
"BRA_GRD",0.0479596552549193,19,TRUE
"BRA_GRL",-0.601536003805547,7,TRUE
"BRA_GTM",-0.0316643128998373,15,TRUE
"BRA_HKG",0.000635799665360714,15,TRUE
"BRA_HND",-0.00776552388466178,15,TRUE
"BRA_HRV",-0.0585241109072095,18,TRUE
"BRA_HTI",0.0352611826070663,15,TRUE
"BRA_HUN",-0.432227000568583,15,TRUE
"BRA_IRL",0.191853586890801,9,TRUE
"BRA_ISL",-0.391781442084179,15,TRUE
"BRA_ITA",-0.13688780373205,7,TRUE
"BRA_JAM",-0.511275384016975,8,TRUE
"BRA_JOR",-0.153964264922223,26,TRUE
"BRA_JPN",-0.0333239808488029,23,TRUE
"BRA_KAZ",-0.222419532858114,6,TRUE
"BRA_KEN",-0.34597055286815,7,TRUE
"BRA_KGZ",-1.20980246313636,10,TRUE
"BRA_KHM",-0.073494600622656,9,TRUE
"BRA_KIR",-0.107204690560691,8,TRUE
"BRA_KNA",-0.22200229613208,19,TRUE
"BRA_KWT",-0.17877125606503,4,TRUE
"BRA_LAO",-0.510111185202959,10,TRUE
"BRA_LBN",-0.055513137780862,25,TRUE
"BRA_LBR",-0.819530821321141,20,TRUE
"BRA_LCA",-1.56530658535793,25,TRUE
"BRA_LTU",-0.271388248760887,10,TRUE
"BRA_LUX",-0.121400708056084,15,TRUE
"BRA_LVA",-0.146959910019621,5,TRUE
"BRA_MAC",-1.03570957973427,8,TRUE
"BRA_MDA",-0.174991923026014,15,TRUE
"BRA_MDG",-0.0645015515413566,16,TRUE
"BRA_MDV",0.167385839402478,11,TRUE
"BRA_MKD",-0.381832127454635,4,TRUE
"BRA_MLI",-0.285189312602574,16,TRUE
"BRA_MLT",-0.265724423830134,19,TRUE
"BRA_MNE",-0.582965239540789,4,TRUE
"BRA_MNG",0.0414522611101928,7,TRUE
"BRA_MRT",-0.213018819727903,11,TRUE
"BRA_MUS",0.27617408717584,8,TRUE
"BRA_MWI",-0.479809271097009,13,TRUE
"BRA_MYT",0.0515404915786564,4,TRUE
"BRA_NCL",-0.0986890343538561,11,TRUE
"BRA_NER",0.13275670867777,17,TRUE
"BRA_NFK",-0.5129674664506,11,TRUE
"BRA_NLD",-0.0950748940858304,5,TRUE
"BRA_NOR",0.181662313380025,8,TRUE
"BRA_NPL",-1.61493364877349,25,TRUE
"BRA_NZL",0.0429634359496432,25,TRUE
"BRA_OMN",-0.718890845189684,24,TRUE
"BRA_PLW",-0.293433373003675,4,TRUE
"BRA_PNG",-0.101614110718981,18,TRUE
"BRA_POL",-0.0717021573646955,10,TRUE
"BRA_PRT",0.0339467296508719,23,TRUE
"BRA_PSE",0.210892083020214,4,TRUE
"BRA_PYF",0.0106673507775897,25,TRUE
"BRA_QAT",0.0677136782034829,9,TRUE
"BRA_RUS",-0.16595395115865,10,TRUE
"BRA_RWA",-0.674869748910754,15,TRUE
"BRA_SAU",0.049522380148233,17,TRUE
"BRA_SEN",-0.167187058379861,9,TRUE
"BRA_SLB",-0.606867193559108,5,TRUE
"BRA_SLE",0.217098472740014,7,TRUE
"BRA_SLV",-0.0687975325515994,23,TRUE
"BRA_SMR",-1.59607159750757,11,TRUE
"BRA_SOM",-0.541170780222564,5,TRUE
"BRA_SUR",-0.227045459507211,7,TRUE
"BRA_SVK",-0.0821631716162456,17,TRUE
"BRA_SVN",-0.0220237683783273,13,TRUE
"BRA_SWE",0.00532294173417604,23,TRUE
"BRA_SYC",-0.0729889123455327,12,TRUE
"BRA_SYR",-0.165986049554057,8,TRUE
"BRA_TCA",-0.334307698015055,11,TRUE
"BRA_TCD",-0.153791166941923,8,TRUE
"BRA_TGO",-0.19488611025827,24,TRUE
"BRA_TJK",-0.319184935488948,8,TRUE
"BRA_TKM",-0.311347121822996,4,TRUE
"BRA_TLS",0.634555035259949,6,TRUE
"BRA_TON",0.25707784515399,9,TRUE
"BRA_TWN",0.00401119544606686,13,TRUE
"BRA_UGA",-0.266870204697939,9,TRUE
"BRA_UKR",-0.117234093607287,15,TRUE
"BRA_UMI",1.22846541959244,4,TRUE
"BRA_USA",0.0175771669423335,24,TRUE
"BRA_UZB",-0.617840625803319,13,TRUE
"BRA_VCT",-0.123517904582972,24,TRUE
"BRA_VGB",-0.379981661113324,21,TRUE
"BRA_VUT",0.847448252654479,5,TRUE
"BRA_WSM",-0.984830969075104,8,TRUE
"BRA_YEM",0.0903566335636688,13,TRUE
"BRA_ZMB",0.123448625029034,18,TRUE
"BRB_ABW",1.19870954203845,8,TRUE
"BRB_AIA",-0.0197575635857928,11,TRUE
"BRB_ANT",0.135382015432126,8,TRUE
"BRB_ARE",-0.944462556719582,11,TRUE
"BRB_ARG",-2.72580431688713,9,TRUE
"BRB_AUS",0.682743892246803,5,TRUE
"BRB_BGD",-1.93222564925765,4,TRUE
"BRB_BHR",-1.73894787979213,4,TRUE
"BRB_BIH",0.158724569664617,10,TRUE
"BRB_BLR",-0.977356569263902,11,TRUE
"BRB_BMU",0.231439149334635,4,TRUE
"BRB_BOL",-2.81557073816282,5,TRUE
"BRB_BRA",-1.274910844897,15,TRUE
"BRB_CAN",0.0636240701209577,25,TRUE
"BRB_CHE",-0.338190242021911,7,TRUE
"BRB_CHL",0.118713275883133,18,TRUE
"BRB_CHN",0.408375994132999,10,TRUE
"BRB_CMR",-0.725562033668393,6,TRUE
"BRB_COL",-2.10116920447774,4,TRUE
"BRB_CRI",0.264418035996699,6,TRUE
"BRB_CUB",-1.00714660215912,9,TRUE
"BRB_CYM",0.411224933338715,5,TRUE
"BRB_DOM",0.231632456362342,17,TRUE
"BRB_ECU",0.134939961806766,8,TRUE
"BRB_EGY",-3.75487575450767,7,TRUE
"BRB_GHA",-0.864694899945474,6,TRUE
"BRB_GMB",-1.1630237561381,8,TRUE
"BRB_GTM",-3.36379186012058,15,TRUE
"BRB_HKG",0.903526722999348,4,TRUE
"BRB_HND",-4.20136848389148,9,TRUE
"BRB_IDN",-0.861350956981465,12,TRUE
"BRB_IND",-1.09289549148476,16,TRUE
"BRB_ISR",0.508912539011918,7,TRUE
"BRB_JPN",-3.54902305997806,20,TRUE
"BRB_KAZ",-0.941443395614776,7,TRUE
"BRB_KOR",-0.60991304746335,20,TRUE
"BRB_LBN",-2.88758721104212,13,TRUE
"BRB_MAR",0.523181880543311,6,TRUE
"BRB_MEX",-0.50800532748434,6,TRUE
"BRB_MKD",-2.72658653815215,17,TRUE
"BRB_MYS",-0.0263023077575476,4,TRUE
"BRB_NGA",-5.47134472707636,14,TRUE
"BRB_NIC",-3.79409081534075,5,TRUE
"BRB_NOR",-2.78584305070427,17,TRUE
"BRB_NZL",-0.0272185424646587,24,TRUE
"BRB_PAK",0.0492293942936373,11,TRUE
"BRB_PER",-0.99807229674953,8,TRUE
"BRB_PHL",-0.639442874279405,8,TRUE
"BRB_PRY",0.419341096974815,7,TRUE
"BRB_RUS",-0.526491130144396,12,TRUE
"BRB_SAU",-3.28814730452986,9,TRUE
"BRB_SGP",0.0283324812821429,15,TRUE
"BRB_SRB",-1.70799134395057,6,TRUE
"BRB_TCA",0.396941532680269,8,TRUE
"BRB_THA",-0.467222395466378,17,TRUE
"BRB_TUN",-1.24280798336746,9,TRUE
"BRB_TUR",-0.555817596593493,13,TRUE
"BRB_TWN",0.232821042013995,15,TRUE
"BRB_UKR",-1.04252080455624,14,TRUE
"BRB_USA",0.0626244929303671,17,TRUE
"BRB_VEN",-1.27389824772792,12,TRUE
"BRB_VGB",1.02858905589781,12,TRUE
"BRB_VNM",-0.239175658482793,7,TRUE
"BRB_ZAF",1.46853392510455,6,TRUE
"BRN_ARE",0.430847451288732,5,TRUE
"BRN_AUT",-0.298781795226865,19,TRUE
"BRN_BEL",-0.77089823683703,12,TRUE
"BRN_BGD",-3.44711637276633,8,TRUE
"BRN_BHR",-0.0934516205110421,5,TRUE
"BRN_BIH",-0.494415839534437,5,TRUE
"BRN_BOL",-2.48705892617082,4,TRUE
"BRN_BRA",-1.84329926413363,5,TRUE
"BRN_CAN",-1.18083014332532,20,TRUE
"BRN_CHE",-0.718460604750197,15,TRUE
"BRN_CMR",-0.979241948972924,6,TRUE
"BRN_COL",0.261480722601235,4,TRUE
"BRN_CZE",-0.84970546612154,6,TRUE
"BRN_DEU",0.188293686439818,20,TRUE
"BRN_DNK",-0.858204905810191,16,TRUE
"BRN_DOM",-1.02542433256939,9,TRUE
"BRN_DZA",-1.32518491981901,7,TRUE
"BRN_ECU",-0.227105961263563,4,TRUE
"BRN_EGY",-1.03894119166445,8,TRUE
"BRN_ESP",-2.05077762388176,16,TRUE
"BRN_FIN",-0.00602026879395268,4,TRUE
"BRN_FJI",-0.287243988394922,10,TRUE
"BRN_FRA",0.307456832165481,5,TRUE
"BRN_GBR",-0.916078789523438,13,TRUE
"BRN_HKG",0.417782809551309,12,TRUE
"BRN_HRV",-1.17509773888716,6,TRUE
"BRN_HUN",-2.91673067859131,10,TRUE
"BRN_IRL",-0.814848028989083,17,TRUE
"BRN_ITA",-2.2130111487461,12,TRUE
"BRN_KWT",-2.65172988763562,6,TRUE
"BRN_LBN",-4.29378877941269,11,TRUE
"BRN_LKA",-0.982000198444299,10,TRUE
"BRN_LUX",-2.80678529799622,5,TRUE
"BRN_MEX",-0.281291260450942,21,TRUE
"BRN_MUS",-2.1870050249024,8,TRUE
"BRN_NGA",-2.11835287554125,6,TRUE
"BRN_NLD",-0.33721336780103,22,TRUE
"BRN_NOR",-0.545840683984043,13,TRUE
"BRN_NPL",-2.99834518020142,5,TRUE
"BRN_OMN",-0.550772437530523,8,TRUE
"BRN_PAK",-0.627418061614374,13,TRUE
"BRN_PER",-0.939612894672959,9,TRUE
"BRN_PNG",-0.524305125811869,5,TRUE
"BRN_POL",-0.317972759470011,7,TRUE
"BRN_PRT",-3.85978682270469,17,TRUE
"BRN_QAT",0.195252408610869,6,TRUE
"BRN_RUS",-1.22568628000279,11,TRUE
"BRN_SAU",-0.534911672212762,20,TRUE
"BRN_SRB",-3.21138409658557,6,TRUE
"BRN_SWE",-0.770153882127942,12,TRUE
"BRN_TUN",-7.68220259453673,4,TRUE
"BRN_TUR",-1.32467287303097,10,TRUE
"BRN_TWN",-0.529539540179299,13,TRUE
"BRN_USA",-0.726912897101062,14,TRUE
"BRN_ZAF",-1.00862350942214,6,TRUE
"BTN_AUS",0.314374862849536,11,TRUE
"BTN_AUT",0.325974581939876,8,TRUE
"BTN_BEL",-1.16501822085617,8,TRUE
"BTN_CAN",-0.228362356902095,18,TRUE
"BTN_CHE",-0.461141188576322,7,TRUE
"BTN_CHN",-0.307932894847565,8,TRUE
"BTN_COL",-1.58478649157127,7,TRUE
"BTN_DNK",-1.69482784052972,7,TRUE
"BTN_FRA",-0.491106669564228,15,TRUE
"BTN_GBR",-1.78922383694989,18,TRUE
"BTN_HKG",-5.77968277653937,5,TRUE
"BTN_ITA",1.1268559068676,8,TRUE
"BTN_JPN",-0.147025463904793,23,TRUE
"BTN_KOR",-3.05386202360517,6,TRUE
"BTN_NLD",-0.932378492161981,16,TRUE
"BTN_SVN",-2.44098979086981,9,TRUE
"BTN_THA",-2.60842736519872,6,TRUE
"BTN_TUR",1.01464848663596,4,TRUE
"BTN_TWN",-0.365463685033139,5,TRUE
"BTN_USA",-0.0613385675860036,16,TRUE
"BTN_ZAF",-1.01842625235716,11,TRUE
"BVT_ESP",0.801769505536746,4,TRUE
"BVT_FRA",1.62046369516249,4,TRUE
"BVT_LUX",0.8486830729555,5,TRUE
"BVT_NLD",-0.596110473767733,5,TRUE
"BVT_PAK",-1.02945346237327,6,TRUE
"BWA_AGO",-0.47582015229472,7,TRUE
"BWA_AND",-2.2958751693303,8,TRUE
"BWA_ARE",0.295637178177292,6,TRUE
"BWA_AUS",-0.790627326114793,12,TRUE
"BWA_CAN",-0.946336887280175,13,TRUE
"BWA_CHL",-1.787924628408,4,TRUE
"BWA_CHN",-0.501618398372609,9,TRUE
"BWA_COD",-0.929278537011705,6,TRUE
"BWA_COG",-4.20836930459323,4,TRUE
"BWA_COL",-3.70109354113624,8,TRUE
"BWA_CRI",-0.655714848594769,12,TRUE
"BWA_DZA",-0.955158872276468,5,TRUE
"BWA_EGY",-3.06908860689569,4,TRUE
"BWA_ETH",-3.29147079527717,4,TRUE
"BWA_GHA",-0.151566180282744,14,TRUE
"BWA_HKG",-0.0192817599354274,8,TRUE
"BWA_HRV",-3.09396811558774,4,TRUE
"BWA_IDN",-1.90561685507494,7,TRUE
"BWA_IND",-1.56292785870901,14,TRUE
"BWA_ISR",0.252089991904853,11,TRUE
"BWA_JPN",0.135501862680105,13,TRUE
"BWA_KEN",-0.388209241673948,8,TRUE
"BWA_MEX",-0.583634965964823,13,TRUE
"BWA_MLI",-1.73979741626825,11,TRUE
"BWA_MYS",-1.06700276322984,9,TRUE
"BWA_NGA",-6.05041142638797,10,TRUE
"BWA_NZL",-1.94719811812166,13,TRUE
"BWA_PAK",-0.894780797223422,14,TRUE
"BWA_RUS",-2.04652629487949,12,TRUE
"BWA_RWA",-1.20499677859721,5,TRUE
"BWA_SAU",-2.68213731354968,4,TRUE
"BWA_SDN",-0.813644647987861,12,TRUE
"BWA_SEN",-3.29680743579735,4,TRUE
"BWA_SGP",0.141856567256044,4,TRUE
"BWA_SRB",-2.77831589221693,7,TRUE
"BWA_THA",-1.27945502002407,10,TRUE
"BWA_TUN",-3.4436509261766,7,TRUE
"BWA_TWN",-0.79407876306431,4,TRUE
"BWA_UGA",-1.73525648831485,9,TRUE
"BWA_UKR",-1.47002479891704,7,TRUE
"BWA_USA",0.229829616751973,13,TRUE
"CAF_AUT",-0.437676430274751,10,TRUE
"CAF_BEL",-2.12201106127618,8,TRUE
"CAF_BGD",-2.70523261048393,9,TRUE
"CAF_BIH",-2.70047581906143,10,TRUE
"CAF_BLR",-1.71083515916045,4,TRUE
"CAF_BRA",-1.69368973539341,11,TRUE
"CAF_CAN",0.093192674470018,12,TRUE
"CAF_CHE",-2.22573085827947,5,TRUE
"CAF_CHN",0.400683914871393,9,TRUE
"CAF_CIV",-1.59868546266879,6,TRUE
"CAF_COD",-3.4962666467398,9,TRUE
"CAF_CRI",-0.52263056907097,12,TRUE
"CAF_CYP",-3.09887051863361,15,TRUE
"CAF_CZE",-2.35081780419767,6,TRUE
"CAF_DEU",-0.202171823563706,8,TRUE
"CAF_DNK",-0.0196832352478803,6,TRUE
"CAF_DOM",-0.981710482499104,6,TRUE
"CAF_EGY",-3.10389068355486,4,TRUE
"CAF_ESP",-0.69224873197457,25,TRUE
"CAF_ETH",-1.89712198457471,7,TRUE
"CAF_FIN",-2.43865616114263,6,TRUE
"CAF_FRA",-0.232667032305344,20,TRUE
"CAF_HRV",-1.83440782615952,9,TRUE
"CAF_HUN",-3.31886108353189,5,TRUE
"CAF_IDN",0.0618828585896669,21,TRUE
"CAF_IND",-0.108005638341088,7,TRUE
"CAF_IRL",-1.65832596929844,22,TRUE
"CAF_ITA",-0.49886899642804,25,TRUE
"CAF_JPN",0.643787733949915,15,TRUE
"CAF_KOR",0.261382867010372,8,TRUE
"CAF_LBN",-0.783427677076972,17,TRUE
"CAF_MAR",0.429718884816801,14,TRUE
"CAF_MEX",-1.58613286592636,18,TRUE
"CAF_MYS",-0.108742739132369,8,TRUE
"CAF_NGA",-1.73741191990133,14,TRUE
"CAF_NLD",-2.11586128157716,18,TRUE
"CAF_NZL",-0.139170869110398,4,TRUE
"CAF_PAK",-2.64682126584318,5,TRUE
"CAF_POL",-0.303992504686859,14,TRUE
"CAF_PRT",0.245159808716696,15,TRUE
"CAF_RUS",-0.797800713365166,16,TRUE
"CAF_SAU",-0.146506500854856,13,TRUE
"CAF_SDN",-0.239267120835703,10,TRUE
"CAF_SEN",-0.896553003199484,18,TRUE
"CAF_SRB",-0.976245731109793,4,TRUE
"CAF_SVK",-1.81323093955755,11,TRUE
"CAF_SVN",-0.992056611938306,15,TRUE
"CAF_SWE",-2.8345390460799,10,TRUE
"CAF_TCA",-1.21288476329501,4,TRUE
"CAF_TGO",-1.26392265742858,9,TRUE
"CAF_THA",-0.502673803537638,6,TRUE
"CAF_TUN",-1.73674996164251,17,TRUE
"CAF_TUR",0.161557063727882,13,TRUE
"CAF_TWN",-2.47354882064937,11,TRUE
"CAF_UKR",-3.92937349056678,5,TRUE
"CAF_USA",0.250545057811704,14,TRUE
"CAF_VNM",-0.606960716034969,5,TRUE
"CAF_YEM",-2.21991727114245,5,TRUE
"CAF_ZAF",-1.56064108554437,13,TRUE
"CAN_ABW",0.343174127538106,12,TRUE
"CAN_AFG",-0.433382594828973,5,TRUE
"CAN_AGO",0.0271793143705803,14,TRUE
"CAN_AIA",0.283908192062902,12,TRUE
"CAN_ALB",0.246858075428456,5,TRUE
"CAN_AND",0.0103746982648008,13,TRUE
"CAN_ANT",-0.0361903844408613,7,TRUE
"CAN_ARE",-0.0452058837633383,18,TRUE
"CAN_ARG",-0.0714870660397327,17,TRUE
"CAN_ARM",0.0165850913082754,13,TRUE
"CAN_ASM",0.13975887443045,4,TRUE
"CAN_ATA",-0.0088571042637025,10,TRUE
"CAN_ATF",-1.10014330934278,11,TRUE
"CAN_AZE",-0.62200974259243,18,TRUE
"CAN_BDI",0.0755256925541567,8,TRUE
"CAN_BEN",-0.184567874299465,14,TRUE
"CAN_BFA",0.0565653606522213,9,TRUE
"CAN_BGD",-0.211132409394206,25,TRUE
"CAN_BHR",-0.0425143885832827,20,TRUE
"CAN_BHS",-0.506882949852662,25,TRUE
"CAN_BIH",-0.00168142994831152,15,TRUE
"CAN_BLR",0.094330959151747,17,TRUE
"CAN_BLZ",-0.306368036806391,11,TRUE
"CAN_BMU",-0.0208444403044131,5,TRUE
"CAN_BOL",0.0292380710717974,19,TRUE
"CAN_BRA",-0.0324225077287591,19,TRUE
"CAN_BRB",-0.0939907808581141,6,TRUE
"CAN_BRN",-0.00442060547116934,22,TRUE
"CAN_BTN",-0.312047905900209,6,TRUE
"CAN_BWA",0.67973219640282,6,TRUE
"CAN_CAF",-0.377461795072898,20,TRUE
"CAN_CCK",-1.34692887981839,9,TRUE
"CAN_CHN",-0.0131476297801196,5,TRUE
"CAN_CIV",-0.0115843653938724,16,TRUE
"CAN_CMR",-0.0934700426420538,13,TRUE
"CAN_COD",-0.337422696121827,11,TRUE
"CAN_COG",-0.215382078853042,12,TRUE
"CAN_COK",0.326088042926386,5,TRUE
"CAN_COM",0.198457302944547,9,TRUE
"CAN_CUB",-0.123876946021395,4,TRUE
"CAN_CXR",1.00330559216392,4,TRUE
"CAN_CYM",-0.211179058969217,17,TRUE
"CAN_DJI",-0.191777621635667,21,TRUE
"CAN_DMA",0.00692127780206696,14,TRUE
"CAN_DOM",-0.0130710684058548,10,TRUE
"CAN_DZA",-0.0411106806776831,22,TRUE
"CAN_ECU",0.062019567882141,18,TRUE
"CAN_EGY",0.152029686723666,20,TRUE
"CAN_ERI",-0.560361440610344,10,TRUE
"CAN_ETH",0.308187506634131,4,TRUE
"CAN_FJI",-0.067297932269196,12,TRUE
"CAN_FLK",-0.709031338241641,6,TRUE
"CAN_FRO",0.0228392173518012,17,TRUE
"CAN_GAB",0.0585878749237779,13,TRUE
"CAN_GEO",-0.105088965062048,12,TRUE
"CAN_GHA",0.100918689420918,11,TRUE
"CAN_GIB",-3.94969170778171,4,TRUE
"CAN_GIN",-0.506901221372289,7,TRUE
"CAN_GLP",-1.57395772524611,4,TRUE
"CAN_GMB",0.303057189447964,5,TRUE
"CAN_GNB",-0.722647250956744,6,TRUE
"CAN_GNQ",0.0876354520944296,13,TRUE
"CAN_GRD",-0.372903491969805,22,TRUE
"CAN_GRL",0.173545898399589,11,TRUE
"CAN_GTM",-0.0692937038479427,19,TRUE
"CAN_GUM",-0.253230548771281,6,TRUE
"CAN_GUY",0.0742800347312794,15,TRUE
"CAN_HKG",-0.042269707060072,17,TRUE
"CAN_HTI",-0.00527042168395784,19,TRUE
"CAN_IDN",0.0226486045633507,22,TRUE
"CAN_IND",0.182705525405984,6,TRUE
"CAN_IOT",-1.61255777097201,10,TRUE
"CAN_IRN",-0.537274793451073,4,TRUE
"CAN_IRQ",-0.114670296140678,15,TRUE
"CAN_JAM",-0.155598230120496,11,TRUE
"CAN_KAZ",-0.0586819405067952,10,TRUE
"CAN_KEN",0.0310840285452887,7,TRUE
"CAN_KGZ",-0.77044903572305,9,TRUE
"CAN_KHM",-0.776141702483437,17,TRUE
"CAN_KIR",-0.266644168662913,6,TRUE
"CAN_KNA",-0.531296019907826,13,TRUE
"CAN_KWT",0.0372045251629363,7,TRUE
"CAN_LAO",-0.899638533926104,17,TRUE
"CAN_LBN",-0.0328265774809144,12,TRUE
"CAN_LBR",-0.162682265197731,22,TRUE
"CAN_LBY",-0.810373586701102,9,TRUE
"CAN_LCA",0.199513763959543,24,TRUE
"CAN_LKA",-0.243327250371952,23,TRUE
"CAN_LSO",-0.754039688866992,13,TRUE
"CAN_MAC",-0.0240510137355704,23,TRUE
"CAN_MAR",-0.0212422795787027,9,TRUE
"CAN_MDA",-0.0220913030885672,6,TRUE
"CAN_MDG",-0.821209485775242,4,TRUE
"CAN_MDV",-0.0652978880436656,10,TRUE
"CAN_MKD",-0.273276085500973,10,TRUE
"CAN_MLI",-0.121304829783522,20,TRUE
"CAN_MMR",-1.15324497648297,17,TRUE
"CAN_MNE",-0.152844624286766,7,TRUE
"CAN_MNG",-0.147533987141449,16,TRUE
"CAN_MOZ",-0.12634601084228,20,TRUE
"CAN_MRT",-0.534776402509386,16,TRUE
"CAN_MSR",-0.0513683046395147,23,TRUE
"CAN_MWI",0.164367080628995,5,TRUE
"CAN_MYS",0.0160072924132388,19,TRUE
"CAN_NAM",-0.104782176701075,16,TRUE
"CAN_NCL",0.266198377077871,8,TRUE
"CAN_NER",-0.153856185521092,23,TRUE
"CAN_NFK",-0.292862306423747,12,TRUE
"CAN_NIC",-0.0690902023887507,14,TRUE
"CAN_NPL",-0.559376616990201,26,TRUE
"CAN_OMN",-0.178645745262397,26,TRUE
"CAN_PAK",-0.121352989735495,23,TRUE
"CAN_PCN",-0.496311888036047,12,TRUE
"CAN_PHL",-0.0452558103445741,20,TRUE
"CAN_PLW",-0.24974724832232,6,TRUE
"CAN_PNG",-0.278639598678582,19,TRUE
"CAN_PRK",-1.45305521974935,13,TRUE
"CAN_PRY",0.0480245395519487,9,TRUE
"CAN_PSE",-0.216919912705182,6,TRUE
"CAN_PYF",0.0824948337792792,17,TRUE
"CAN_QAT",0.107220413426772,10,TRUE
"CAN_RUS",-0.0207636540364933,14,TRUE
"CAN_RWA",-0.27868436793153,23,TRUE
"CAN_SAU",0.0944290050919913,10,TRUE
"CAN_SDN",-0.219150452546813,15,TRUE
"CAN_SEN",-0.0824130397084232,10,TRUE
"CAN_SHN",-0.227244194990032,7,TRUE
"CAN_SLB",0.158055580089922,4,TRUE
"CAN_SLE",-0.284771682257091,8,TRUE
"CAN_SOM",-0.494698000871661,17,TRUE
"CAN_SPM",0.106504058511001,6,TRUE
"CAN_SRB",0.358934595393433,5,TRUE
"CAN_STP",-0.688691419080271,10,TRUE
"CAN_SUR",0.077422079987339,12,TRUE
"CAN_SWZ",0.056329060621584,5,TRUE
"CAN_SYR",-0.251756928778338,26,TRUE
"CAN_TCA",-0.223529309893622,24,TRUE
"CAN_TCD",-0.111592517005153,16,TRUE
"CAN_TGO",-0.189940704928696,4,TRUE
"CAN_THA",-0.0343617416600071,20,TRUE
"CAN_TJK",0.120714317250976,9,TRUE
"CAN_TKM",0.0109485559421237,16,TRUE
"CAN_TLS",-0.517889677457876,11,TRUE
"CAN_TON",-0.479616083193254,21,TRUE
"CAN_TTO",-0.00711363797582105,14,TRUE
"CAN_TUN",-0.0876969306403226,19,TRUE
"CAN_TUR",0.0624783695613653,13,TRUE
"CAN_TWN",-0.0562328284271557,20,TRUE
"CAN_TZA",-0.115545951325717,7,TRUE
"CAN_UGA",-0.00784854870134136,15,TRUE
"CAN_UMI",0.997298419072287,11,TRUE
"CAN_URY",-0.262876029871574,9,TRUE
"CAN_UZB",-0.772598988755369,4,TRUE
"CAN_VCT",-0.344532927939898,6,TRUE
"CAN_VEN",-0.0253743507400996,25,TRUE
"CAN_VGB",0.341217985708062,6,TRUE
"CAN_WSM",-0.892267167067581,8,TRUE
"CAN_YEM",-0.766218526446448,6,TRUE
"CAN_ZAF",-0.327131709255215,7,TRUE
"CAN_ZMB",-0.127855906904373,13,TRUE
"CAN_ZWE",-0.206013643913231,20,TRUE
"CCK_AUS",1.14639440106403,4,TRUE
"CCK_BOL",-1.3953949570562,4,TRUE
"CCK_BRA",-2.07031120790458,8,TRUE
"CCK_BRB",-2.62891843547398,6,TRUE
"CCK_CAN",0.368768303779369,11,TRUE
"CCK_CRI",-0.211311058636271,7,TRUE
"CCK_CYP",-2.85258086291687,7,TRUE
"CCK_CZE",0.934652123534026,4,TRUE
"CCK_DEU",-1.7492092930933,14,TRUE
"CCK_FRA",0.849595198444782,6,TRUE
"CCK_GBR",-0.996236704547513,7,TRUE
"CCK_IDN",-2.71740610719556,4,TRUE
"CCK_IRL",-1.73583226531894,7,TRUE
"CCK_JPN",-0.698168512464535,4,TRUE
"CCK_KOR",-0.512874766729177,11,TRUE
"CCK_NGA",-2.4533202428046,5,TRUE
"CCK_NZL",-0.0707849726455247,8,TRUE
"CCK_PER",0.279446301607333,8,TRUE
"CCK_POL",-1.08574509036122,4,TRUE
"CCK_SVK",-0.80157931879632,5,TRUE
"CCK_THA",-1.57380421144992,13,TRUE
"CCK_USA",0.557050531594635,11,TRUE
"CCK_ZAF",-0.0581468204471511,6,TRUE
"CHE_ABW",-0.235759489617871,14,TRUE
"CHE_AFG",-0.311859303173934,6,TRUE
"CHE_AGO",-0.140482481880405,22,TRUE
"CHE_AIA",-0.661486099691385,13,TRUE
"CHE_ANT",-0.431160125834313,9,TRUE
"CHE_ARG",-0.195137906178794,11,TRUE
"CHE_ARM",-0.0829818296291131,17,TRUE
"CHE_ASM",-1.55365829176379,8,TRUE
"CHE_ATG",-0.159042291139682,10,TRUE
"CHE_AUS",-0.0322310746523393,14,TRUE
"CHE_BDI",-0.0910515504061036,24,TRUE
"CHE_BEN",-0.383501262887041,25,TRUE
"CHE_BFA",-0.123575028784388,26,TRUE
"CHE_BGD",-0.071191394141886,14,TRUE
"CHE_BHS",-0.456834005483749,10,TRUE
"CHE_BLR",-0.0719900155616695,10,TRUE
"CHE_BLZ",-0.11124897061495,25,TRUE
"CHE_BMU",-0.490278730580706,22,TRUE
"CHE_BOL",0.0928728817878772,5,TRUE
"CHE_BRA",-0.0755088656356545,15,TRUE
"CHE_BRB",0.292632860832394,6,TRUE
"CHE_BTN",-0.273205917166019,26,TRUE
"CHE_BVT",-0.486770800286391,7,TRUE
"CHE_CAF",-0.0806551123822633,16,TRUE
"CHE_CIV",-0.48675479949333,10,TRUE
"CHE_CMR",-0.203436517423653,15,TRUE
"CHE_COD",-0.465734895171325,23,TRUE
"CHE_COG",-0.654962833443618,13,TRUE
"CHE_COK",-2.08803519984995,7,TRUE
"CHE_COM",-0.939991346728458,16,TRUE
"CHE_CPV",-0.222374440886508,22,TRUE
"CHE_CUB",-0.312858773727782,18,TRUE
"CHE_CYM",-0.0215927467803588,21,TRUE
"CHE_DJI",-0.546935178627324,20,TRUE
"CHE_DMA",-1.01919153393373,8,TRUE
"CHE_DOM",-0.0474688525079655,22,TRUE
"CHE_DZA",-0.00551647734754384,17,TRUE
"CHE_ECU",-0.305450718547276,7,TRUE
"CHE_ERI",-0.435557016345647,20,TRUE
"CHE_ETH",0.167840911110428,21,TRUE
"CHE_FJI",-0.155443608061561,13,TRUE
"CHE_FLK",-0.282874251713418,6,TRUE
"CHE_FSM",-2.77808693266668,9,TRUE
"CHE_GAB",-0.694164277790414,12,TRUE
"CHE_GHA",-0.602591577762467,6,TRUE
"CHE_GIB",-0.818999729949582,4,TRUE
"CHE_GIN",-1.33598488071769,4,TRUE
"CHE_GMB",-0.354469022375267,10,TRUE
"CHE_GNB",-0.913554773386268,12,TRUE
"CHE_GNQ",-0.193341816976825,14,TRUE
"CHE_GRD",-0.159416928094475,8,TRUE
"CHE_GRL",-0.75795137118119,22,TRUE
"CHE_GTM",-0.938366129358523,11,TRUE
"CHE_GUM",-0.075580078676932,6,TRUE
"CHE_GUY",0.304302261525416,7,TRUE
"CHE_HND",-0.204558012032663,19,TRUE
"CHE_HTI",-0.461329074138237,10,TRUE
"CHE_IDN",-0.113349416806084,16,TRUE
"CHE_IND",-0.261351225422688,4,TRUE
"CHE_IRN",-0.157681456685556,4,TRUE
"CHE_IRQ",-0.219955131123854,15,TRUE
"CHE_JAM",-0.757554060896379,4,TRUE
"CHE_KAZ",0.100771145552682,21,TRUE
"CHE_KEN",-0.0980716671104786,17,TRUE
"CHE_KGZ",0.08112660290239,19,TRUE
"CHE_KHM",-0.625341552407624,25,TRUE
"CHE_KIR",-1.58013842377043,5,TRUE
"CHE_KNA",-0.272922330175517,24,TRUE
"CHE_LAO",-0.578374733036927,20,TRUE
"CHE_LBR",-0.209215368554945,11,TRUE
"CHE_LBY",-0.320770128134715,13,TRUE
"CHE_LCA",-0.0488872528887515,22,TRUE
"CHE_LKA",-0.0304502408387538,25,TRUE
"CHE_MAC",-0.231650179648322,14,TRUE
"CHE_MDA",-0.0516843229309077,15,TRUE
"CHE_MDG",-0.288571850324264,18,TRUE
"CHE_MDV",-0.211465166824361,8,TRUE
"CHE_MHL",-1.25799510053835,6,TRUE
"CHE_MLI",-0.296244830965174,15,TRUE
"CHE_MMR",-0.413882116250701,9,TRUE
"CHE_MNG",-0.324620920857801,14,TRUE
"CHE_MNP",-0.420981762326052,12,TRUE
"CHE_MOZ",-0.132697651446807,14,TRUE
"CHE_MRT",-0.442625049520406,12,TRUE
"CHE_MSR",-2.49259693664059,14,TRUE
"CHE_MUS",-0.0257783140306581,23,TRUE
"CHE_MWI",-0.497291615246433,22,TRUE
"CHE_MYS",-0.104333529145887,9,TRUE
"CHE_MYT",-1.08598130259165,5,TRUE
"CHE_NCL",-0.308236435814292,14,TRUE
"CHE_NER",-0.282474108676957,18,TRUE
"CHE_NFK",-0.415948434724567,9,TRUE
"CHE_NGA",-0.0807448196074295,22,TRUE
"CHE_NIC",0.0840651411881774,26,TRUE
"CHE_NPL",-0.160536435229849,11,TRUE
"CHE_NRU",-1.66415066807423,9,TRUE
"CHE_NZL",-0.0601356353581415,4,TRUE
"CHE_PAK",0.0394776763551708,22,TRUE
"CHE_PNG",-0.977030522351259,11,TRUE
"CHE_PRK",-0.632442753249767,13,TRUE
"CHE_PYF",-0.0225572177366147,16,TRUE
"CHE_RUS",0.152045715060533,6,TRUE
"CHE_RWA",-0.205579900548266,16,TRUE
"CHE_SDN",-0.362387588490089,7,TRUE
"CHE_SEN",-0.0879132052289385,17,TRUE
"CHE_SHN",-2.10178547751585,12,TRUE
"CHE_SLB",-0.271462589631494,16,TRUE
"CHE_SLE",-0.409322789056806,24,TRUE
"CHE_SLV",0.0341487628738675,24,TRUE
"CHE_SMR",-0.0160988916924278,9,TRUE
"CHE_SOM",-0.669419122699629,22,TRUE
"CHE_SPM",-2.02804893325356,18,TRUE
"CHE_STP",-1.17079956031078,16,TRUE
"CHE_SUR",-0.141282133227571,6,TRUE
"CHE_SYC",-1.02240204589147,23,TRUE
"CHE_SYR",-0.455332691820896,8,TRUE
"CHE_TCA",-0.311909319830743,9,TRUE
"CHE_TCD",-0.237460959790209,18,TRUE
"CHE_TGO",-0.0905253798027909,26,TRUE
"CHE_THA",0.0645216451272306,8,TRUE
"CHE_TJK",-0.699639706442771,22,TRUE
"CHE_TKL",-2.51619682474441,8,TRUE
"CHE_TKM",-0.0141263231769927,22,TRUE
"CHE_TLS",-0.375560376039895,6,TRUE
"CHE_TON",-0.954821898546943,12,TRUE
"CHE_TTO",0.0127035713723198,25,TRUE
"CHE_TZA",-0.79059489742205,6,TRUE
"CHE_UGA",0.159431912973822,24,TRUE
"CHE_UMI",-3.32044919178718,11,TRUE
"CHE_URY",0.0598060545566546,25,TRUE
"CHE_USA",0.0700106158344779,11,TRUE
"CHE_UZB",0.014425584420094,21,TRUE
"CHE_VAT",0.224313916248601,8,TRUE
"CHE_VCT",-0.77326733342178,13,TRUE
"CHE_VEN",-0.0941837890414607,22,TRUE
"CHE_VGB",-0.00325310716632858,20,TRUE
"CHE_VNM",-0.00746537864132417,15,TRUE
"CHE_VUT",-0.193389274350022,26,TRUE
"CHE_WLF",-3.41762901655167,8,TRUE
"CHE_WSM",-1.58476333751912,26,TRUE
"CHE_YEM",-2.60387430802954,4,TRUE
"CHE_ZMB",-0.049750241465512,24,TRUE
"CHE_ZWE",-0.459926648890531,9,TRUE
"CHL_ABW",0.627802142437601,10,TRUE
"CHL_AGO",-0.846506645496152,6,TRUE
"CHL_AIA",-2.96252576688125,8,TRUE
"CHL_ALB",-1.09390649622267,8,TRUE
"CHL_AND",0.572145556704918,5,TRUE
"CHL_ANT",-0.69721885481693,9,TRUE
"CHL_ARE",-0.184593133231676,6,TRUE
"CHL_ARM",0.33387811645875,6,TRUE
"CHL_ATF",0.638074248865635,5,TRUE
"CHL_ATG",0.210508633644012,10,TRUE
"CHL_AZE",0.732247309982299,4,TRUE
"CHL_BFA",-0.412931323734156,6,TRUE
"CHL_BHR",-1.08372390818276,24,TRUE
"CHL_BHS",-0.580379878878302,21,TRUE
"CHL_BIH",0.000294886766490973,11,TRUE
"CHL_BLR",0.0125446834401465,15,TRUE
"CHL_BLZ",-0.149452048797938,22,TRUE
"CHL_BMU",-0.273992907570206,7,TRUE
"CHL_BRB",0.0225123418629374,24,TRUE
"CHL_BWA",-1.14228556667634,5,TRUE
"CHL_CIV",-0.666817260054866,15,TRUE
"CHL_COG",-0.432156332661162,10,TRUE
"CHL_COK",-0.507805306102449,5,TRUE
"CHL_CPV",-1.39652894236773,14,TRUE
"CHL_DMA",-0.776772400740146,18,TRUE
"CHL_DOM",-0.0807809459914389,8,TRUE
"CHL_ETH",-0.674760833823809,4,TRUE
"CHL_FJI",-0.239992410641888,22,TRUE
"CHL_FRO",-1.49506381097622,5,TRUE
"CHL_FSM",-0.656796119577219,9,TRUE
"CHL_GAB",-0.00795302407446579,11,TRUE
"CHL_GEO",-0.0519290211631425,6,TRUE
"CHL_GNQ",-0.168955554011163,10,TRUE
"CHL_GRD",-0.587244300084364,4,TRUE
"CHL_GRL",0.207769975031965,7,TRUE
"CHL_GUM",-0.452960853191295,8,TRUE
"CHL_HTI",-0.418549695472906,14,TRUE
"CHL_JAM",0.0422319126313364,10,TRUE
"CHL_JOR",0.12252715753525,6,TRUE
"CHL_KAZ",-0.0358809899778504,4,TRUE
"CHL_KEN",-0.568589664485323,17,TRUE
"CHL_KGZ",-0.854593899796092,7,TRUE
"CHL_KHM",-0.862704255805139,11,TRUE
"CHL_KIR",-0.647683202701667,15,TRUE
"CHL_KNA",-0.168679978446942,10,TRUE
"CHL_KWT",-0.35249494429668,9,TRUE
"CHL_LAO",0.036699259919194,5,TRUE
"CHL_LBN",0.0371247581475548,10,TRUE
"CHL_LBR",-0.583357694538487,9,TRUE
"CHL_LCA",0.0406849561406485,21,TRUE
"CHL_MAC",-0.762572127845574,10,TRUE
"CHL_MDA",0.041030441645934,8,TRUE
"CHL_MDG",-0.728162414095729,12,TRUE
"CHL_MDV",0.326702787830024,7,TRUE
"CHL_MKD",0.0541572509215052,12,TRUE
"CHL_MLI",-0.962454863641081,14,TRUE
"CHL_MNE",-1.56742952030634,6,TRUE
"CHL_MNG",-0.57263554904262,10,TRUE
"CHL_MRT",0.0713412651531615,11,TRUE
"CHL_MSR",-0.269141595327774,5,TRUE
"CHL_MUS",-0.638553848798573,15,TRUE
"CHL_MWI",-1.96530946213102,15,TRUE
"CHL_MYT",0.251761366870045,4,TRUE
"CHL_NAM",-0.520023079261998,7,TRUE
"CHL_NCL",-1.08676548461805,8,TRUE
"CHL_NER",-1.21884360511309,9,TRUE
"CHL_NPL",-0.338361960204738,10,TRUE
"CHL_OMN",-0.330479245961089,9,TRUE
"CHL_PNG",-2.20682000607119,15,TRUE
"CHL_PYF",-0.785128317126258,9,TRUE
"CHL_QAT",-0.105779913777961,6,TRUE
"CHL_RUS",-0.263530309594296,19,TRUE
"CHL_RWA",-0.0303606969196752,4,TRUE
"CHL_SAU",-0.0623168443952931,17,TRUE
"CHL_SEN",-0.179684229317744,12,TRUE
"CHL_SLE",-1.59254814289467,4,TRUE
"CHL_SUR",-0.419053937384593,18,TRUE
"CHL_SWZ",0.207936990348258,5,TRUE
"CHL_SYC",-0.403985180972635,6,TRUE
"CHL_SYR",-1.33813870998426,20,TRUE
"CHL_TCA",0.330674144779173,6,TRUE
"CHL_TGO",-0.742183309342917,11,TRUE
"CHL_TON",-0.385016711497619,11,TRUE
"CHL_TWN",-0.00559759372465422,24,TRUE
"CHL_UGA",-0.936453924362563,6,TRUE
"CHL_UKR",0.00629019720793262,15,TRUE
"CHL_VCT",0.111657411963378,16,TRUE
"CHL_VGB",-0.490715237014482,9,TRUE
"CHL_VUT",-1.54741151219491,7,TRUE
"CHL_YEM",-0.450294128449048,18,TRUE
"CHL_ZAF",-0.0622795765197734,22,TRUE
"CHL_ZMB",0.0682540405494367,8,TRUE
"CHN_ABW",-0.05358621858935,19,TRUE
"CHN_AFG",-0.168488087395445,15,TRUE
"CHN_AGO",0.00845605662784523,10,TRUE
"CHN_ALB",-0.112389218740984,21,TRUE
"CHN_AND",-0.0698385431678807,22,TRUE
"CHN_ANT",0.0979703067111797,12,TRUE
"CHN_ARE",-0.0490857325348102,10,TRUE
"CHN_ARG",-0.140780139005206,24,TRUE
"CHN_ARM",0.0938429958737491,11,TRUE
"CHN_ATG",-0.579473786256973,14,TRUE
"CHN_AZE",-0.0268479503914431,15,TRUE
"CHN_BDI",-0.134393022157493,16,TRUE
"CHN_BEL",-0.173770460588646,12,TRUE
"CHN_BEN",0.0214470335096893,19,TRUE
"CHN_BGR",-0.214540053758678,26,TRUE
"CHN_BHR",-0.25821084457534,24,TRUE
"CHN_BHS",-1.05423571389992,7,TRUE
"CHN_BIH",0.0456304822443232,8,TRUE
"CHN_BLR",0.118136734202571,7,TRUE
"CHN_BLZ",0.482184500511888,4,TRUE
"CHN_BMU",-0.625049769257047,5,TRUE
"CHN_BOL",0.066664688738798,10,TRUE
"CHN_BRA",0.0456748179293672,5,TRUE
"CHN_BRB",0.092676229843301,16,TRUE
"CHN_BTN",-0.0519340104261093,10,TRUE
"CHN_BWA",-0.824070299329906,4,TRUE
"CHN_CAF",-0.191191665849722,24,TRUE
"CHN_CAN",-0.0290645553110762,24,TRUE
"CHN_CIV",-0.0766366751020783,15,TRUE
"CHN_CMR",-0.2489669505019,24,TRUE
"CHN_COD",0.0961363934815711,8,TRUE
"CHN_COG",-0.0578686728508827,21,TRUE
"CHN_COK",-0.00362795636319727,8,TRUE
"CHN_COL",0.0459919918468188,9,TRUE
"CHN_CPV",-0.168186908773178,18,TRUE
"CHN_CUB",-0.098092502323065,11,TRUE
"CHN_CYM",-1.18039254712258,22,TRUE
"CHN_CZE",0.0429422240658508,12,TRUE
"CHN_DEU",0.0210528882472771,4,TRUE
"CHN_DMA",-0.111427844184952,11,TRUE
"CHN_DNK",0.0246154754446441,20,TRUE
"CHN_DOM",-0.247928493739205,21,TRUE
"CHN_DZA",-0.339853914763052,24,TRUE
"CHN_ECU",-0.555380075487527,26,TRUE
"CHN_EGY",0.0431803970649604,10,TRUE
"CHN_ERI",0.0221142507064253,15,TRUE
"CHN_ESH",-0.595102369107455,13,TRUE
"CHN_ESP",-0.00200102136985301,25,TRUE
"CHN_EST",0.0162946990731882,14,TRUE
"CHN_ETH",0.0470495788492215,8,TRUE
"CHN_FIN",0.0244124277793232,16,TRUE
"CHN_FRA",0.0156289669070256,13,TRUE
"CHN_FSM",-0.15966127410138,20,TRUE
"CHN_GAB",-0.640303166420898,22,TRUE
"CHN_GHA",0.0337666447392225,17,TRUE
"CHN_GIB",-1.02477122044518,22,TRUE
"CHN_GIN",-0.256401559342712,17,TRUE
"CHN_GMB",-0.250925696399977,21,TRUE
"CHN_GNB",-0.154832840636579,11,TRUE
"CHN_GNQ",0.173801766757065,10,TRUE
"CHN_GRC",-0.014711274045909,23,TRUE
"CHN_GRD",0.0264151679046627,16,TRUE
"CHN_GRL",-0.177391759826508,17,TRUE
"CHN_GTM",-0.0282103190412473,16,TRUE
"CHN_GUY",-0.0027559438358687,20,TRUE
"CHN_HND",0.199371736494026,7,TRUE
"CHN_HRV",-0.0879219780866691,20,TRUE
"CHN_HTI",-0.260454899418303,17,TRUE
"CHN_HUN",-0.0547373360048168,24,TRUE
"CHN_IRL",0.0103462410683117,17,TRUE
"CHN_IRN",-0.186491194661779,20,TRUE
"CHN_IRQ",-0.333245491003994,16,TRUE
"CHN_ISR",-0.113822009975115,22,TRUE
"CHN_ITA",-0.00116574712860431,17,TRUE
"CHN_JAM",0.0317905496938783,13,TRUE
"CHN_JOR",0.0524126886111649,4,TRUE
"CHN_KAZ",-0.00898936696862794,14,TRUE
"CHN_KEN",-0.489259640485834,26,TRUE
"CHN_KGZ",-0.121805546447056,22,TRUE
"CHN_KIR",-0.288871108578504,10,TRUE
"CHN_KNA",0.0064677578751897,15,TRUE
"CHN_LBN",-0.0179373513336342,8,TRUE
"CHN_LBR",-0.0523788392559994,15,TRUE
"CHN_LBY",0.11494063764789,13,TRUE
"CHN_LCA",-0.0774740005804412,16,TRUE
"CHN_LSO",-0.183119261300838,9,TRUE
"CHN_LTU",0.0649944296722007,7,TRUE
"CHN_LUX",-0.0590001566669459,7,TRUE
"CHN_LVA",0.117289138810155,8,TRUE
"CHN_MAR",-0.103842492834256,25,TRUE
"CHN_MDG",0.00254234228484013,22,TRUE
"CHN_MDV",-0.103541700831741,10,TRUE
"CHN_MEX",0.00790663902355325,14,TRUE
"CHN_MHL",0.027740755951055,8,TRUE
"CHN_MKD",0.0838653672547841,13,TRUE
"CHN_MLI",-0.187599077171311,19,TRUE
"CHN_MLT",-0.0976274256564539,20,TRUE
"CHN_MNG",-0.0779511417008604,25,TRUE
"CHN_MOZ",-0.0265551138124794,17,TRUE
"CHN_MRT",0.0500084452084723,21,TRUE
"CHN_MSR",0.420596140099122,4,TRUE
"CHN_MUS",0.0751411486359022,6,TRUE
"CHN_MWI",-0.197488770550361,20,TRUE
"CHN_MYT",-0.156471102874691,6,TRUE
"CHN_NAM",-0.037707038313417,10,TRUE
"CHN_NCL",-0.0359889104218608,15,TRUE
"CHN_NER",-0.280477035706673,26,TRUE
"CHN_NFK",-0.072279740990295,9,TRUE
"CHN_NGA",-0.0444113060440462,17,TRUE
"CHN_NIC",0.0383491739975674,16,TRUE
"CHN_NLD",0.0209310976697966,15,TRUE
"CHN_NOR",0.0144937987517906,13,TRUE
"CHN_NPL",-0.0362700596079489,24,TRUE
"CHN_NRU",-0.491818485514007,17,TRUE
"CHN_OMN",-3.38088960342523e-05,12,TRUE
"CHN_PAN",-0.199988963407775,16,TRUE
"CHN_PLW",-0.482072991481207,18,TRUE
"CHN_PNG",0.0102704378696671,17,TRUE
"CHN_POL",-0.0838028252064768,22,TRUE
"CHN_PRT",0.0459217698651572,14,TRUE
"CHN_PRY",0.0664839090393794,15,TRUE
"CHN_QAT",-0.378461447866596,23,TRUE
"CHN_REU",-2.43219054442215,5,TRUE
"CHN_ROU",-0.0769019915984229,19,TRUE
"CHN_RUS",0.0339084834494203,12,TRUE
"CHN_RWA",0.120171226720375,4,TRUE
"CHN_SAU",0.0201157826150317,14,TRUE
"CHN_SEN",0.00493416019231141,14,TRUE
"CHN_SLB",-0.303710355124596,19,TRUE
"CHN_SLE",-0.181956700569625,19,TRUE
"CHN_SLV",0.168263194517209,8,TRUE
"CHN_SOM",0.275656762947047,4,TRUE
"CHN_SRB",-0.0258221602119817,9,TRUE
"CHN_STP",-0.0714250033581129,13,TRUE
"CHN_SUR",0.0451031978519067,20,TRUE
"CHN_SVK",0.0702371098620526,11,TRUE
"CHN_SVN",-0.0268691954674043,19,TRUE
"CHN_SWE",-0.0678890165665254,20,TRUE
"CHN_SWZ",0.116773510976372,8,TRUE
"CHN_SYC",0.433487897732845,5,TRUE
"CHN_SYR",0.176388769945631,13,TRUE
"CHN_TCA",0.15154670996976,7,TRUE
"CHN_TCD",0.0528144966960209,12,TRUE
"CHN_TJK",-0.125696691530453,6,TRUE
"CHN_TKM",-0.115787610153034,8,TRUE
"CHN_TLS",0.135478070232267,8,TRUE
"CHN_TON",-0.180051818241356,20,TRUE
"CHN_TTO",-0.0885734211511155,9,TRUE
"CHN_TUN",0.108587711906164,8,TRUE
"CHN_TUV",0.0659694560792978,9,TRUE
"CHN_TWN",-0.0602863768555535,25,TRUE
"CHN_TZA",-0.103040608322731,20,TRUE
"CHN_UGA",0.0413929770102961,10,TRUE
"CHN_UKR",-0.0958896035928478,18,TRUE
"CHN_URY",-0.0834156154663466,17,TRUE
"CHN_USA",0.0120492384503418,20,TRUE
"CHN_UZB",-0.0920907956958745,18,TRUE
"CHN_VCT",-0.00141351381656881,6,TRUE
"CHN_VEN",-0.602872735041389,24,TRUE
"CHN_VGB",-0.221175240012535,15,TRUE
"CHN_VUT",-0.333962818056914,17,TRUE
"CHN_WLF",-0.758493517921055,5,TRUE
"CHN_WSM",-0.202127679633394,20,TRUE
"CHN_YEM",-0.0772166233429805,16,TRUE
"CHN_ZAF",-0.0625855194872778,19,TRUE
"CHN_ZMB",-0.0665930717702475,14,TRUE
"CHN_ZWE",-0.0947803361966908,20,TRUE
"CIV_AGO",-1.26202987949324,7,TRUE
"CIV_ALB",-1.21125910448263,4,TRUE
"CIV_ARE",-0.136219959076197,10,TRUE
"CIV_ARG",-2.06350745682099,7,TRUE
"CIV_ARM",-0.389719050013236,4,TRUE
"CIV_AUS",0.0370896993512554,25,TRUE
"CIV_AZE",0.576451992047911,4,TRUE
"CIV_BDI",-0.523880377586041,15,TRUE
"CIV_BGD",-0.256593752282442,10,TRUE
"CIV_BHS",-1.89363652327082,8,TRUE
"CIV_BIH",-0.0748071653120322,9,TRUE
"CIV_BLR",-1.45846258631666,7,TRUE
"CIV_BLZ",-1.12055891788111,6,TRUE
"CIV_BOL",-6.16053754527876,6,TRUE
"CIV_BRA",-0.179318235273258,24,TRUE
"CIV_BRB",0.102899082097775,6,TRUE
"CIV_CAF",-0.0708590207884249,13,TRUE
"CIV_CAN",0.03216365241251,5,TRUE
"CIV_CHE",-0.380477975383281,21,TRUE
"CIV_CHL",-2.33880649969454,13,TRUE
"CIV_CHN",-0.135615377735513,24,TRUE
"CIV_CMR",-0.610167269217267,5,TRUE
"CIV_COD",-2.74573062927382,5,TRUE
"CIV_COG",-0.897930080675082,5,TRUE
"CIV_COL",0.00284649199797023,6,TRUE
"CIV_CRI",-1.18567429980217,4,TRUE
"CIV_DOM",0.324153085732319,6,TRUE
"CIV_DZA",0.164030338819572,21,TRUE
"CIV_ECU",-2.02867739408462,5,TRUE
"CIV_ETH",-0.542257508168183,13,TRUE
"CIV_FRO",-1.85625140422444,6,TRUE
"CIV_GAB",-1.09087492715879,9,TRUE
"CIV_GIB",-1.61517196515129,7,TRUE
"CIV_GNQ",-0.366663170113168,19,TRUE
"CIV_HKG",-2.22716019118293,4,TRUE
"CIV_HND",-2.64696100264951,6,TRUE
"CIV_HTI",0.23137247831492,8,TRUE
"CIV_IDN",0.0460651853095226,8,TRUE
"CIV_IND",0.162634541681527,21,TRUE
"CIV_IRN",-1.43252350729432,12,TRUE
"CIV_ISR",-0.370196253861366,16,TRUE
"CIV_JAM",-0.887440009691609,4,TRUE
"CIV_JOR",-0.767302101736277,14,TRUE
"CIV_JPN",-0.361892130054906,14,TRUE
"CIV_KAZ",-0.608098539127987,12,TRUE
"CIV_KEN",-0.213527883372464,4,TRUE
"CIV_KOR",-1.0364926992947,20,TRUE
"CIV_KWT",-0.522404115678073,17,TRUE
"CIV_LBN",-0.568114203510162,7,TRUE
"CIV_LBY",-1.76926396302174,11,TRUE
"CIV_LKA",-0.175849166048013,4,TRUE
"CIV_MAR",-0.525039664612251,13,TRUE
"CIV_MDA",-1.51375446006197,4,TRUE
"CIV_MDG",-0.467442094767589,16,TRUE
"CIV_MEX",0.137523909192129,10,TRUE
"CIV_MKD",-1.45445426485528,13,TRUE
"CIV_MNE",-1.27750436133795,8,TRUE
"CIV_MOZ",-1.1111842692444,9,TRUE
"CIV_MUS",-0.303260175917136,19,TRUE
"CIV_MWI",-1.92642541449814,15,TRUE
"CIV_MYS",0.341387074527931,11,TRUE
"CIV_MYT",-0.381814800226719,5,TRUE
"CIV_NCL",-4.08480486249245,5,TRUE
"CIV_NIC",-1.04104413890551,8,TRUE
"CIV_NOR",0.168696895350275,8,TRUE
"CIV_NZL",-0.519239180689879,17,TRUE
"CIV_PAK",-0.309708335416415,8,TRUE
"CIV_PAN",-4.86090937113021,5,TRUE
"CIV_PER",0.339350085725081,5,TRUE
"CIV_PHL",-2.48716680996895,6,TRUE
"CIV_PYF",-0.91978657997864,8,TRUE
"CIV_QAT",-0.1430854496936,4,TRUE
"CIV_RUS",-0.189895363495733,11,TRUE
"CIV_RWA",-0.237698855014459,18,TRUE
"CIV_SAU",-0.303103276641717,22,TRUE
"CIV_SDN",-0.88574919960207,8,TRUE
"CIV_SGP",-0.458100610693474,7,TRUE
"CIV_SLV",-4.39240743462841,7,TRUE
"CIV_SRB",0.0963903034105644,8,TRUE
"CIV_SWZ",0.235131442196319,4,TRUE
"CIV_SYC",-1.1592047446063,10,TRUE
"CIV_SYR",-0.749238409462045,10,TRUE
"CIV_TCD",-0.175666745394324,10,TRUE
"CIV_THA",-0.944120255083842,18,TRUE
"CIV_TTO",-4.79040890457871,12,TRUE
"CIV_TUN",-0.263308293541321,22,TRUE
"CIV_TUR",0.251029149541293,5,TRUE
"CIV_TWN",-2.20523019081197,10,TRUE
"CIV_TZA",-1.7739916895485,10,TRUE
"CIV_UGA",0.0205856294237148,7,TRUE
"CIV_UKR",-0.110669828432151,11,TRUE
"CIV_USA",0.0713167528099248,12,TRUE
"CIV_VCT",-0.829851566896681,9,TRUE
"CIV_VUT",-0.965358997982106,7,TRUE
"CIV_ZAF",-1.50800386185167,4,TRUE
"CIV_ZMB",-0.392750427382469,11,TRUE
"CIV_ZWE",-0.673307120377087,16,TRUE
"CMR_AGO",-1.74217506245792,8,TRUE
"CMR_ALB",0.0468383464084702,6,TRUE
"CMR_ARE",-0.719609056952523,12,TRUE
"CMR_ARM",-0.172197562192392,6,TRUE
"CMR_ATG",-0.697223884185991,6,TRUE
"CMR_AUS",-0.185482388753211,12,TRUE
"CMR_AZE",0.455358431915137,4,TRUE
"CMR_BDI",-0.719197868200836,9,TRUE
"CMR_BFA",-0.472574634616762,15,TRUE
"CMR_BLR",-1.41611952904296,10,TRUE
"CMR_BRB",-0.0435935405820791,7,TRUE
"CMR_BWA",-2.09976325483168,8,TRUE
"CMR_CAN",-0.420543359221878,18,TRUE
"CMR_CHN",-0.0577165726400872,21,TRUE
"CMR_CIV",-0.898826972787783,9,TRUE
"CMR_COD",-1.29975339502555,16,TRUE
"CMR_COM",-1.53288900895286,6,TRUE
"CMR_CRI",-2.16470296440539,10,TRUE
"CMR_DOM",-0.0555250346000223,9,TRUE
"CMR_ETH",-0.453810617799582,9,TRUE
"CMR_FJI",-0.711989154800478,9,TRUE
"CMR_FRO",0.0925107060497691,5,TRUE
"CMR_GMB",-2.28543597417893,12,TRUE
"CMR_GRD",-0.974885467113957,8,TRUE
"CMR_HKG",-1.45465169790339,8,TRUE
"CMR_ISL",-0.810210093280567,15,TRUE
"CMR_ISR",-1.47333260303116,18,TRUE
"CMR_JOR",0.0908265487278665,10,TRUE
"CMR_JPN",-0.752680470710804,8,TRUE
"CMR_KEN",-1.40843764199564,4,TRUE
"CMR_KWT",-0.114533150468667,12,TRUE
"CMR_LBN",-0.0790661123430917,17,TRUE
"CMR_LBR",-1.97150427987462,6,TRUE
"CMR_MDG",-1.02522591814277,11,TRUE
"CMR_MKD",-0.618920330316757,11,TRUE
"CMR_MLI",-0.26344899513331,19,TRUE
"CMR_MNE",-1.85979160700423,5,TRUE
"CMR_MRT",-0.421782367785991,8,TRUE
"CMR_MUS",-0.678828174862299,10,TRUE
"CMR_MWI",-3.5794552035481,6,TRUE
"CMR_NAM",-3.13629569016318,11,TRUE
"CMR_NCL",-0.610148301166486,7,TRUE
"CMR_NOR",-2.61676094908374,14,TRUE
"CMR_NPL",-1.36184071557767,4,TRUE
"CMR_NZL",0.0753155117190791,11,TRUE
"CMR_OMN",0.0754656328290114,4,TRUE
"CMR_PYF",-0.244207802104329,14,TRUE
"CMR_QAT",0.378732260689235,5,TRUE
"CMR_RUS",-0.125106637898526,6,TRUE
"CMR_RWA",-2.50379898920257,4,TRUE
"CMR_SAU",-0.0361247423368152,6,TRUE
"CMR_SEN",-0.0785302083047007,10,TRUE
"CMR_SLE",-4.31886142489458,9,TRUE
"CMR_SRB",-0.62956795505537,8,TRUE
"CMR_STP",-1.58191434138288,8,TRUE
"CMR_SYR",-1.07186556273373,7,TRUE
"CMR_TGO",-0.743673200888022,17,TRUE
"CMR_TUR",0.052941280469002,5,TRUE
"CMR_TWN",-0.937227135940956,23,TRUE
"CMR_UGA",-0.562380611752077,9,TRUE
"CMR_UKR",-1.18744797697611,11,TRUE
"CMR_USA",0.0822831078970469,18,TRUE
"CMR_VCT",0.27026128112005,5,TRUE
"CMR_YEM",-0.933686098049856,5,TRUE
"CMR_ZAF",-1.12361785669812,11,TRUE
"CMR_ZMB",-0.597577459676269,6,TRUE
"COD_AUS",-1.3045210916543,9,TRUE
"COD_AUT",-1.95867235282939,12,TRUE
"COD_BEL",-1.06126208429719,7,TRUE
"COD_BEN",-0.450252833520685,6,TRUE
"COD_BFA",-2.23903796187217,6,TRUE
"COD_BOL",-2.04270591610713,4,TRUE
"COD_BWA",-0.727660268645642,4,TRUE
"COD_CAF",-1.92341153466784,11,TRUE
"COD_CAN",-0.34977953271418,8,TRUE
"COD_CHE",0.740257460510161,4,TRUE
"COD_CHN",0.0254759799669392,15,TRUE
"COD_CIV",-3.00623319142637,9,TRUE
"COD_CMR",-1.96938932987391,4,TRUE
"COD_COG",-0.883870805112799,4,TRUE
"COD_CRI",-0.936427701101336,5,TRUE
"COD_CYP",-0.305347539704692,18,TRUE
"COD_CZE",-0.498992021387642,13,TRUE
"COD_DEU",-0.224678499014432,8,TRUE
"COD_DNK",-1.96447865846314,10,TRUE
"COD_DOM",-1.50522148408429,7,TRUE
"COD_DZA",-1.2347641171239,16,TRUE
"COD_ESP",-1.10328366611952,22,TRUE
"COD_FIN",-0.644696664382963,15,TRUE
"COD_FRA",-0.953303356261533,10,TRUE
"COD_GBR",-1.3470482932176,6,TRUE
"COD_GRC",-0.676130722976303,14,TRUE
"COD_GTM",-3.97028516262991,6,TRUE
"COD_HKG",-0.6581870412658,11,TRUE
"COD_HRV",-2.37932363663206,13,TRUE
"COD_HUN",-5.21176152849904,12,TRUE
"COD_IND",-0.898227870462475,26,TRUE
"COD_IRL",-0.817610970137647,8,TRUE
"COD_ITA",-0.833685024182616,20,TRUE
"COD_JPN",-2.78308143735754,11,TRUE
"COD_KOR",-0.359894683366706,13,TRUE
"COD_LUX",0.645834271579335,5,TRUE
"COD_MAR",-0.433384358371995,12,TRUE
"COD_MEX",-2.13658438877826,10,TRUE
"COD_MYS",-1.56169796970887,18,TRUE
"COD_NER",-1.61829257582251,8,TRUE
"COD_NLD",-0.529811629173458,22,TRUE
"COD_NOR",-4.66060694356175,19,TRUE
"COD_NZL",-0.0107931416495876,4,TRUE
"COD_PAK",-1.15502247269083,9,TRUE
"COD_POL",-1.35385558579713,10,TRUE
"COD_PRT",-0.741292719495653,13,TRUE
"COD_ROU",-0.485266220718377,21,TRUE
"COD_RUS",-1.28221213197858,12,TRUE
"COD_SAU",0.238742545153855,6,TRUE
"COD_SGP",-2.84601557775925,7,TRUE
"COD_SRB",-1.73230787435483,5,TRUE
"COD_SVK",-3.34132233364031,6,TRUE
"COD_SVN",-1.03891662207419,8,TRUE
"COD_SWE",-0.670605043645325,11,TRUE
"COD_TGO",-2.23036526176608,17,TRUE
"COD_THA",-5.00551281143537,14,TRUE
"COD_TTO",-1.94319516917501,8,TRUE
"COD_TUR",-2.10875513445773,25,TRUE
"COD_TWN",0.275424783516247,8,TRUE
"COD_USA",-1.41343894953322,9,TRUE
"COD_VCT",-1.79404509307676,4,TRUE
"COD_ZAF",-0.195271456949824,10,TRUE
"COG_AGO",-0.496680007627536,5,TRUE
"COG_ARG",-2.65818748916242,12,TRUE
"COG_AUS",0.0356911959758318,6,TRUE
"COG_AUT",-2.74689623614184,16,TRUE
"COG_AZE",-1.14365280733824,6,TRUE
"COG_BDI",-1.3755537001236,11,TRUE
"COG_BEL",0.267934193697145,10,TRUE
"COG_BEN",-1.82687717956703,7,TRUE
"COG_BFA",-3.00888905527761,5,TRUE
"COG_BGR",-2.52262511222648,8,TRUE
"COG_BIH",-1.81245859617487,5,TRUE
"COG_BRA",-2.66884712377609,13,TRUE
"COG_CAN",-0.79250681643891,7,TRUE
"COG_CHE",-1.42150393568252,25,TRUE
"COG_CHL",-5.90465304168488,7,TRUE
"COG_CHN",0.00168794249064053,8,TRUE
"COG_CIV",-1.28206106722609,6,TRUE
"COG_COD",-0.71100690821879,4,TRUE
"COG_COL",-3.75404626692953,11,TRUE
"COG_CZE",-0.21346840991406,19,TRUE
"COG_DEU",-0.954203232672502,8,TRUE
"COG_DNK",-0.852012669687422,25,TRUE
"COG_DZA",-0.366533407085036,4,TRUE
"COG_ECU",-4.1837966243929,4,TRUE
"COG_EGY",-0.581577488472726,5,TRUE
"COG_ESP",-0.762998668674681,20,TRUE
"COG_EST",-0.125373210413528,4,TRUE
"COG_ETH",-1.41999133804423,4,TRUE
"COG_FRA",-0.427524797299273,22,TRUE
"COG_GBR",-0.365556350243667,15,TRUE
"COG_GHA",-1.59728407397336,7,TRUE
"COG_GRC",-0.0437675381939308,10,TRUE
"COG_HKG",-0.255824488055559,16,TRUE
"COG_HRV",-1.16010912185445,6,TRUE
"COG_HUN",-3.41335986113925,16,TRUE
"COG_IDN",-2.25607907836957,15,TRUE
"COG_IRL",-1.00147604993024,19,TRUE
"COG_ISR",-1.84836319084123,7,TRUE
"COG_ITA",0.676469563176846,7,TRUE
"COG_JOR",-0.59623399755057,4,TRUE
"COG_JPN",-1.68035621311523,14,TRUE
"COG_KAZ",0.16294146060716,4,TRUE
"COG_KEN",-0.345014082790341,5,TRUE
"COG_KOR",-1.76874873717641,12,TRUE
"COG_KWT",0.0820459255228773,8,TRUE
"COG_LBN",-0.549230219013103,17,TRUE
"COG_LTU",-2.07848283152003,11,TRUE
"COG_LUX",-1.17832011615907,4,TRUE
"COG_MAR",-0.249464901214699,12,TRUE
"COG_MKD",-3.05929548767594,4,TRUE
"COG_MUS",-0.037708098425284,7,TRUE
"COG_NAM",-0.709760217801725,11,TRUE
"COG_NER",-1.55400060648289,10,TRUE
"COG_NGA",-0.189175144555634,4,TRUE
"COG_NLD",-0.54523639972329,9,TRUE
"COG_NOR",-0.295775053802978,5,TRUE
"COG_NZL",-1.5780792709644,8,TRUE
"COG_OMN",-0.15036727809144,7,TRUE
"COG_PAK",0.194605812325536,7,TRUE
"COG_PER",-3.22063487761919,4,TRUE
"COG_POL",-1.11595726453686,4,TRUE
"COG_PRT",-0.344399548827478,17,TRUE
"COG_PSE",-1.20695778328278,5,TRUE
"COG_ROU",-0.935255452526282,10,TRUE
"COG_RUS",-0.220370119627242,14,TRUE
"COG_RWA",-1.68023270243608,8,TRUE
"COG_SAU",-1.57721626577149,6,TRUE
"COG_SEN",-1.14020562749182,12,TRUE
"COG_SGP",-0.630986452958809,5,TRUE
"COG_SRB",-1.73474137926897,9,TRUE
"COG_SVN",-1.11703664270538,15,TRUE
"COG_TGO",-3.45232947313061,19,TRUE
"COG_THA",0.486215362900597,7,TRUE
"COG_TTO",-3.22940425274708,8,TRUE
"COG_TUN",-0.0896385166150668,18,TRUE
"COG_TUR",-0.495852009876189,12,TRUE
"COG_TWN",-1.89501417959279,12,TRUE
"COG_TZA",-1.28858782603861,9,TRUE
"COG_UGA",-1.51266634758053,11,TRUE
"COG_UKR",-0.69403648571057,9,TRUE
"COG_USA",-1.55940831937599,4,TRUE
"COG_VEN",-3.43569777879748,4,TRUE
"COG_VNM",-0.297535033091658,9,TRUE
"COG_ZAF",-1.09696276983765,10,TRUE
"COG_ZMB",-2.65738844465041,6,TRUE
"COG_ZWE",-0.529542880392992,7,TRUE
"COK_BEL",-2.15896962573402,6,TRUE
"COK_CAN",-0.315637737571967,16,TRUE
"COK_CHE",-2.98335147228947,8,TRUE
"COK_CHN",-0.483444804022109,12,TRUE
"COK_CZE",-0.397464435495274,4,TRUE
"COK_DEU",-1.09504475356119,23,TRUE
"COK_DNK",-1.4708543819813,17,TRUE
"COK_ESP",-3.72848753918854,4,TRUE
"COK_FRA",0.132984794597194,4,TRUE
"COK_GBR",-0.863160349606548,18,TRUE
"COK_IDN",-1.72637555118996,8,TRUE
"COK_IRL",-3.25815039130785,4,TRUE
"COK_JPN",-0.0505323690527174,19,TRUE
"COK_KOR",-0.0982323899431136,5,TRUE
"COK_LUX",-0.660685919523125,5,TRUE
"COK_MEX",-3.72562614310912,5,TRUE
"COK_MUS",-0.934176015278903,8,TRUE
"COK_NLD",-2.54501192285883,4,TRUE
"COK_NOR",-4.33281639754658,8,TRUE
"COK_THA",-0.835438845996859,13,TRUE
"COK_USA",-0.162390557380746,21,TRUE
"COK_ZAF",-1.79560691130159,12,TRUE
"COL_ABW",-0.977757899690101,21,TRUE
"COL_AGO",-0.82936819278076,6,TRUE
"COL_AIA",-1.84467951143357,7,TRUE
"COL_ALB",-0.0973392837903679,5,TRUE
"COL_AND",-1.13052641955227,19,TRUE
"COL_ANT",-0.202882728239814,5,TRUE
"COL_ARE",0.24905220624062,5,TRUE
"COL_ARM",-1.08123024974645,6,TRUE
"COL_ATG",0.15704386561983,18,TRUE
"COL_AZE",-0.657095644242615,10,TRUE
"COL_BFA",-3.17420535961696,10,TRUE
"COL_BHR",0.0205260002267413,13,TRUE
"COL_BHS",-0.84154852668125,21,TRUE
"COL_BIH",-0.151887653344993,9,TRUE
"COL_BLR",-0.10169069053362,15,TRUE
"COL_BLZ",0.0701100406609751,19,TRUE
"COL_BMU",-0.454821216866185,16,TRUE
"COL_BRB",-1.08820534244642,7,TRUE
"COL_BRN",-0.880645889203597,6,TRUE
"COL_CHN",-0.0280534183493224,4,TRUE
"COL_CIV",-1.14003871149417,19,TRUE
"COL_COG",-0.882171025506988,4,TRUE
"COL_CPV",-0.388892342882824,4,TRUE
"COL_CYM",-2.99288232161605,19,TRUE
"COL_DMA",-0.246176811552389,23,TRUE
"COL_DOM",-0.00714509060507878,13,TRUE
"COL_ETH",-0.394233432954761,9,TRUE
"COL_FRO",-1.42210901921054,6,TRUE
"COL_GAB",-1.40297198725763,19,TRUE
"COL_GEO",-0.839479017441607,14,TRUE
"COL_GLP",1.0871483058084,6,TRUE
"COL_GMB",-1.7321255145585,11,TRUE
"COL_GRD",-0.284046639141903,12,TRUE
"COL_GRL",-4.23321723136974,7,TRUE
"COL_HKG",-0.295046470797459,15,TRUE
"COL_HTI",-0.614837930781885,5,TRUE
"COL_ISR",-0.624382980716266,8,TRUE
"COL_JAM",0.0036901868028733,7,TRUE
"COL_JOR",-0.096118030247283,11,TRUE
"COL_JPN",-0.0323225634364253,23,TRUE
"COL_KAZ",0.108341626673651,6,TRUE
"COL_KEN",-0.311908562192649,20,TRUE
"COL_KGZ",-0.766847251862051,9,TRUE
"COL_KHM",-0.220616739535349,7,TRUE
"COL_KNA",-0.664306815651143,8,TRUE
"COL_KWT",-0.00562046946779245,6,TRUE
"COL_LBN",-0.519062515016391,24,TRUE
"COL_LBR",-0.633583536731756,11,TRUE
"COL_LCA",-1.01229151242187,12,TRUE
"COL_MAC",-0.0171325949632107,4,TRUE
"COL_MDG",-0.360633023764699,5,TRUE
"COL_MKD",-0.196980439143358,7,TRUE
"COL_MLI",-1.23211878266896,10,TRUE
"COL_MRT",-3.28899806663502,7,TRUE
"COL_MTQ",1.18627719421558,6,TRUE
"COL_MUS",-0.812078159232725,5,TRUE
"COL_NCL",-0.350524858188103,15,TRUE
"COL_NER",-0.614256024774608,9,TRUE
"COL_NZL",-0.104128915048086,7,TRUE
"COL_OMN",-0.840926207076337,12,TRUE
"COL_PLW",-2.22201650236749,5,TRUE
"COL_PRI",-0.00077155416069874,4,TRUE
"COL_PYF",0.0533826270587216,22,TRUE
"COL_QAT",-0.216061162877046,14,TRUE
"COL_RUS",-0.393453702857916,6,TRUE
"COL_RWA",-0.461051648424129,17,TRUE
"COL_SAU",-0.0341282317443909,26,TRUE
"COL_SEN",-0.443516986142739,15,TRUE
"COL_SRB",-0.163176585577889,5,TRUE
"COL_SUR",-0.229816292569144,9,TRUE
"COL_SWZ",-6.06810775000294,4,TRUE
"COL_SYR",-1.18778953923359,5,TRUE
"COL_TCA",-1.05428145962231,18,TRUE
"COL_TGO",-3.61633449386826,22,TRUE
"COL_TUR",0.124707113430654,7,TRUE
"COL_TWN",-0.213427367837809,13,TRUE
"COL_UGA",-0.679518181842686,9,TRUE
"COL_UKR",-0.0849771870583148,13,TRUE
"COL_VCT",0.1045932448069,16,TRUE
"COL_VGB",-2.35181322152308,16,TRUE
"COL_YEM",-0.621879224694949,9,TRUE
"COL_ZAF",-0.661762130037594,6,TRUE
"COL_ZMB",-0.297476758797996,7,TRUE
"COM_ARE",0.147573489816461,7,TRUE
"COM_ARG",-0.101553459404432,6,TRUE
"COM_AUS",-0.745375650829593,19,TRUE
"COM_AUT",-2.51932370504229,18,TRUE
"COM_BEL",-2.82401704280332,6,TRUE
"COM_BHR",-0.618856169321571,4,TRUE
"COM_BRA",-0.150483835347338,8,TRUE
"COM_CAN",-0.606783275458092,13,TRUE
"COM_CHE",-0.849252919959424,15,TRUE
"COM_CHN",0.00738954166735539,4,TRUE
"COM_CRI",-2.29284359645616,8,TRUE
"COM_CZE",-0.124013736041168,11,TRUE
"COM_DEU",-0.135333514226212,20,TRUE
"COM_ESP",0.541267093737641,8,TRUE
"COM_FRA",-0.0237024259477798,24,TRUE
"COM_GBR",-1.70869740516533,6,TRUE
"COM_GRC",-0.577199727714358,4,TRUE
"COM_HRV",-0.456778676105119,9,TRUE
"COM_IDN",-0.0125912695475938,4,TRUE
"COM_IND",0.0186160342393898,10,TRUE
"COM_IRL",-2.13285250390116,8,TRUE
"COM_ITA",-1.25542901303372,4,TRUE
"COM_JPN",-1.54776193309523,6,TRUE
"COM_MEX",-2.00913994468036,15,TRUE
"COM_MYT",-0.395190724810724,7,TRUE
"COM_NLD",-0.0640060172296033,16,TRUE
"COM_NOR",0.0791939355829707,9,TRUE
"COM_RUS",0.174045773337309,10,TRUE
"COM_SGP",-0.107297967935041,14,TRUE
"COM_TUR",-0.865924055993225,4,TRUE
"COM_USA",-1.0125619865584,8,TRUE
"CPV_AGO",-1.43862165920482,5,TRUE
"CPV_ARE",-0.25242133391339,4,TRUE
"CPV_AUS",-0.835853404375314,4,TRUE
"CPV_AUT",-1.32464435368117,9,TRUE
"CPV_BEL",-3.51296998864975,5,TRUE
"CPV_BRA",-0.55060244143993,18,TRUE
"CPV_CAN",-0.922295768374923,16,TRUE
"CPV_CHE",-1.90662048325518,12,TRUE
"CPV_CHL",0.25788978771126,5,TRUE
"CPV_CHN",-1.21777555681478,5,TRUE
"CPV_CZE",-1.51541532722844,5,TRUE
"CPV_DEU",-1.26847219810757,22,TRUE
"CPV_DNK",-2.36815607431339,8,TRUE
"CPV_DOM",-2.46086348672893,8,TRUE
"CPV_ETH",-0.612574115732061,4,TRUE
"CPV_FIN",-3.86944324055489,5,TRUE
"CPV_FRA",-0.738268557983484,7,TRUE
"CPV_GBR",-1.51454844553674,17,TRUE
"CPV_IDN",-2.37962732430071,14,TRUE
"CPV_IND",0.560080213138525,6,TRUE
"CPV_IRL",-5.15981054984127,5,TRUE
"CPV_ITA",-0.629906779689976,11,TRUE
"CPV_JPN",-1.7993488292918,9,TRUE
"CPV_KOR",-2.08267449714352,8,TRUE
"CPV_LBN",-1.24131063240245,12,TRUE
"CPV_LUX",-0.940384624840042,5,TRUE
"CPV_MAR",-1.61272172886824,5,TRUE
"CPV_MEX",-2.47712735257401,14,TRUE
"CPV_MMR",-3.3584570376799,4,TRUE
"CPV_MOZ",-2.9032195856647,6,TRUE
"CPV_NIC",-0.98566048492819,4,TRUE
"CPV_NLD",-1.44599175362621,16,TRUE
"CPV_NZL",-1.20530366929058,4,TRUE
"CPV_PAK",-0.22188765328789,5,TRUE
"CPV_POL",-0.664245623253309,5,TRUE
"CPV_PRT",-0.0586347697639575,19,TRUE
"CPV_RUS",-2.51406840608262,10,TRUE
"CPV_SGP",0.155501572324467,6,TRUE
"CPV_SLV",-5.70260215070018,5,TRUE
"CPV_STP",-0.663953954536019,6,TRUE
"CPV_SVK",-1.11399541860146,9,TRUE
"CPV_SWE",-2.11958317877386,9,TRUE
"CPV_THA",-1.47023128719244,5,TRUE
"CPV_TWN",-0.981995599622353,4,TRUE
"CPV_USA",-0.124658973663273,8,TRUE
"CPV_ZAF",-0.634056483007242,14,TRUE
"CRI_ABW",0.834185718934669,9,TRUE
"CRI_AGO",-1.93321876217131,6,TRUE
"CRI_AIA",-0.591140516199446,12,TRUE
"CRI_ALB",-0.304192382123779,15,TRUE
"CRI_ANT",-0.47294770109441,6,TRUE
"CRI_ARE",-0.0374396198992352,9,TRUE
"CRI_ARG",0.0313602050151098,18,TRUE
"CRI_ARM",0.0539712545408775,4,TRUE
"CRI_ATG",0.299816485078716,18,TRUE
"CRI_AUS",-0.117432434045035,23,TRUE
"CRI_AZE",0.00605922464997555,6,TRUE
"CRI_BEN",-2.44611489123404,6,TRUE
"CRI_BGD",-0.766642869151618,12,TRUE
"CRI_BHR",-0.333159703394667,17,TRUE
"CRI_BHS",0.717738794557782,5,TRUE
"CRI_BIH",1.29318280234716,4,TRUE
"CRI_BLR",0.777685568310115,4,TRUE
"CRI_BLZ",-0.0208065479426764,17,TRUE
"CRI_BMU",-0.410186522982489,16,TRUE
"CRI_BOL",0.0324606097979538,6,TRUE
"CRI_BRA",-0.343050361780762,25,TRUE
"CRI_BRB",0.272897095019101,11,TRUE
"CRI_CIV",-0.547483703514809,18,TRUE
"CRI_CMR",-2.29684763300595,4,TRUE
"CRI_COG",-1.62247100059576,6,TRUE
"CRI_CPV",-0.708125759859838,6,TRUE
"CRI_CUB",0.0819584502161305,20,TRUE
"CRI_CYM",-1.22499755374463,7,TRUE
"CRI_DMA",-0.286308079852041,13,TRUE
"CRI_DZA",-0.657517438199588,10,TRUE
"CRI_ECU",0.14673214171537,15,TRUE
"CRI_EGY",-0.819108853590526,19,TRUE
"CRI_FJI",-0.352060249532672,6,TRUE
"CRI_GEO",0.0030300265881666,5,TRUE
"CRI_GHA",-0.0395903121376617,11,TRUE
"CRI_GRD",0.213923390910883,9,TRUE
"CRI_GUM",0.286608832001376,4,TRUE
"CRI_GUY",0.130283184993796,11,TRUE
"CRI_HKG",-0.204599534297982,12,TRUE
"CRI_HTI",0.0638963355632135,10,TRUE
"CRI_IDN",-0.0254006356205526,7,TRUE
"CRI_IND",0.0154498579143579,13,TRUE
"CRI_IRN",-0.627861416490651,5,TRUE
"CRI_ISR",-0.243141330736653,7,TRUE
"CRI_JAM",0.157096881528293,18,TRUE
"CRI_JOR",-0.368898923281196,16,TRUE
"CRI_JPN",0.418765532430961,7,TRUE
"CRI_KAZ",0.16302950500747,6,TRUE
"CRI_KEN",-0.421839636906575,5,TRUE
"CRI_KGZ",-0.986274640304701,6,TRUE
"CRI_KNA",-0.00955816622966137,12,TRUE
"CRI_KOR",-0.122655535013517,25,TRUE
"CRI_KWT",-0.184862420614544,10,TRUE
"CRI_LBN",0.0615093119438333,19,TRUE
"CRI_LCA",0.327156359033068,22,TRUE
"CRI_LKA",-1.07907329347205,6,TRUE
"CRI_MAC",-0.353313217110544,12,TRUE
"CRI_MDA",0.299011324364129,10,TRUE
"CRI_MDG",-0.302527564700739,11,TRUE
"CRI_MKD",-0.252961849248936,16,TRUE
"CRI_MMR",-1.68983689000083,4,TRUE
"CRI_MNE",0.475802701857831,8,TRUE
"CRI_MOZ",-3.07933307295864,5,TRUE
"CRI_MUS",0.122980906488941,16,TRUE
"CRI_MYS",-0.827751544970592,14,TRUE
"CRI_NCL",-0.205515342583753,12,TRUE
"CRI_NER",-0.151227389367238,9,TRUE
"CRI_NGA",-1.04654908841459,17,TRUE
"CRI_NZL",0.043721070379319,14,TRUE
"CRI_OMN",-1.26624139242361,15,TRUE
"CRI_PAK",0.00439463863811849,8,TRUE
"CRI_PHL",-0.421279187735003,5,TRUE
"CRI_PRK",-3.62893965287945,11,TRUE
"CRI_PRY",0.790590454029789,4,TRUE
"CRI_PSE",-0.0666461757483667,7,TRUE
"CRI_PYF",0.408837546201995,5,TRUE
"CRI_RUS",0.156580730166216,11,TRUE
"CRI_RWA",-3.2316436402284,4,TRUE
"CRI_SAU",0.730280974580386,4,TRUE
"CRI_SEN",1.00017876906144,4,TRUE
"CRI_SRB",0.775648530191884,4,TRUE
"CRI_SUR",0.213001375147274,9,TRUE
"CRI_SYC",0.667653806702573,5,TRUE
"CRI_SYR",-1.59381752996432,10,TRUE
"CRI_THA",-0.111321452266442,21,TRUE
"CRI_TUN",-0.256759673671685,14,TRUE
"CRI_TUR",0.00493575857520279,11,TRUE
"CRI_TWN",-0.00290521892583924,12,TRUE
"CRI_TZA",-0.416801462857481,12,TRUE
"CRI_UGA",-1.80845585940685,8,TRUE
"CRI_UKR",0.764683269733627,6,TRUE
"CRI_URY",0.184123297925053,9,TRUE
"CRI_VCT",0.116375020138544,19,TRUE
"CRI_VEN",0.148864973756383,7,TRUE
"CRI_VNM",-0.0137397880565498,14,TRUE
"CRI_ZAF",-0.282152087938169,8,TRUE
"CRI_ZMB",-0.938066625891963,4,TRUE
"CUB_AGO",-0.748456027410936,4,TRUE
"CUB_ALB",0.207800394584758,6,TRUE
"CUB_AND",1.16973736227298,5,TRUE
"CUB_ANT",-0.0324706942420343,4,TRUE
"CUB_ARM",-1.0381951300877,4,TRUE
"CUB_ATG",-0.468591188080053,4,TRUE
"CUB_AUS",0.879462135566387,5,TRUE
"CUB_AUT",0.414028047323217,6,TRUE
"CUB_AZE",-1.69423159131579,10,TRUE
"CUB_BEL",0.314976984091338,12,TRUE
"CUB_BGR",-0.914174922809936,15,TRUE
"CUB_BHR",0.114089890623853,7,TRUE
"CUB_BHS",-4.30890707442031,7,TRUE
"CUB_BIH",-1.36168478066282,4,TRUE
"CUB_BLR",-0.706272213509968,10,TRUE
"CUB_BLZ",-5.91590762327786,10,TRUE
"CUB_BRB",0.140036581555641,18,TRUE
"CUB_CAN",-1.01862496868023,9,TRUE
"CUB_CHE",0.15484702363726,17,TRUE
"CUB_CHN",-0.275309713673329,8,TRUE
"CUB_CIV",-1.02587366738212,6,TRUE
"CUB_CPV",0.445137428987808,12,TRUE
"CUB_CRI",-0.692570378535469,16,TRUE
"CUB_CYP",0.586473976277853,17,TRUE
"CUB_CZE",0.314097614332665,12,TRUE
"CUB_DEU",0.252007696310901,18,TRUE
"CUB_DNK",-2.16359968752649,12,TRUE
"CUB_DOM",-0.45801736358637,10,TRUE
"CUB_ESP",0.210623173014223,20,TRUE
"CUB_EST",-1.05335886591997,12,TRUE
"CUB_ETH",-0.846671543151043,9,TRUE
"CUB_FIN",-1.64076292408346,26,TRUE
"CUB_FRA",0.0367617852100198,9,TRUE
"CUB_GBR",-0.105974165974789,17,TRUE
"CUB_GEO",-1.81962221992841,6,TRUE
"CUB_GRC",0.828557446397299,12,TRUE
"CUB_GRD",-2.30306276142135,15,TRUE
"CUB_GRL",-0.531912140959997,5,TRUE
"CUB_GTM",-0.581582352541005,13,TRUE
"CUB_HKG",0.151980315088389,17,TRUE
"CUB_HND",0.522685162080278,10,TRUE
"CUB_HRV",-0.825599801365196,14,TRUE
"CUB_HUN",-1.77587302695172,19,TRUE
"CUB_IRL",-0.479823889562897,18,TRUE
"CUB_ISL",-0.991760147777181,12,TRUE
"CUB_ITA",0.364295351009595,11,TRUE
"CUB_JAM",0.0822764612461193,15,TRUE
"CUB_JOR",-0.957077360389731,14,TRUE
"CUB_JPN",-0.553100357965028,25,TRUE
"CUB_KAZ",-1.39588542113319,10,TRUE
"CUB_KGZ",-5.4747528476538,4,TRUE
"CUB_KHM",0.264786924833739,6,TRUE
"CUB_LBN",0.920411832373343,4,TRUE
"CUB_LCA",0.147722441665606,10,TRUE
"CUB_LTU",-5.6653697465654,9,TRUE
"CUB_LVA",-4.22063441236081,8,TRUE
"CUB_MAC",-0.0958514842207387,18,TRUE
"CUB_MDA",-2.51603117867517,9,TRUE
"CUB_MDG",-1.89295216404447,8,TRUE
"CUB_MKD",0.100249102431981,8,TRUE
"CUB_MLT",-0.397999259567922,13,TRUE
"CUB_MNE",0.699228468471479,4,TRUE
"CUB_MUS",0.64389702422522,6,TRUE
"CUB_NCL",0.100879610976483,10,TRUE
"CUB_NLD",-0.469173751415298,22,TRUE
"CUB_NOR",-0.309257381412361,23,TRUE
"CUB_NZL",-0.427742736531178,12,TRUE
"CUB_OMN",-0.57769367541915,17,TRUE
"CUB_POL",-0.865356343620414,7,TRUE
"CUB_PRT",0.253280925084455,15,TRUE
"CUB_PYF",0.403321789988249,10,TRUE
"CUB_RUS",-1.21560696504183,12,TRUE
"CUB_SAU",0.404885742111413,7,TRUE
"CUB_SEN",-1.3699190641503,8,TRUE
"CUB_SUR",-0.760836509585362,10,TRUE
"CUB_SVK",0.218125120895319,13,TRUE
"CUB_SVN",0.0166668709512249,19,TRUE
"CUB_SWE",-0.61430459241501,24,TRUE
"CUB_TUR",-0.383889680319378,16,TRUE
"CUB_TWN",0.39023882001521,15,TRUE
"CUB_UGA",-0.811927200535981,10,TRUE
"CUB_UKR",-1.78941973354756,15,TRUE
"CUB_VCT",-1.84304667166478,4,TRUE
"CUB_YEM",-1.67982879277469,11,TRUE
"CUB_ZAF",0.0639315432650281,12,TRUE
"CUW_GMB",0.303737079320026,4,TRUE
"CXR_AUS",-0.229823852802879,20,TRUE
"CXR_BRN",-0.726071111707316,5,TRUE
"CXR_CAN",0.0227715388862596,8,TRUE
"CXR_CZE",-0.111244279512006,4,TRUE
"CXR_ETH",-1.26419163059463,4,TRUE
"CXR_IDN",0.157769251149222,6,TRUE
"CXR_IND",-2.45865563429036,4,TRUE
"CXR_IRL",-1.02337162872217,8,TRUE
"CXR_KOR",-2.47100558326024,8,TRUE
"CXR_MYS",-0.0375641171926038,14,TRUE
"CXR_NLD",-1.01963156621027,6,TRUE
"CXR_NZL",0.470407207983214,5,TRUE
"CXR_PAK",-0.554220214365453,4,TRUE
"CXR_POL",-0.515028628079564,9,TRUE
"CXR_SGP",-0.291935758204491,12,TRUE
"CXR_THA",-4.54885583732954,4,TRUE
"CXR_USA",0.310805035093303,10,TRUE
"CXR_ZAF",-1.92310258984992,11,TRUE
"CYM_AUS",-1.80749582957218,10,TRUE
"CYM_BLZ",-1.54393409240714,14,TRUE
"CYM_BRA",-0.788620643216195,22,TRUE
"CYM_BRB",-0.288196579312017,13,TRUE
"CYM_CAN",-0.713651692783455,18,TRUE
"CYM_CHE",-3.05247656181364,5,TRUE
"CYM_CHN",-2.02630282573818,5,TRUE
"CYM_COL",-2.0682292736587,11,TRUE
"CYM_CRI",-1.8615779666908,4,TRUE
"CYM_ETH",-2.31347461469564,5,TRUE
"CYM_GRD",-2.30743045264286,6,TRUE
"CYM_GUY",-1.79270787678833,8,TRUE
"CYM_IDN",-2.98601708149662,5,TRUE
"CYM_IND",-6.04573284999267,10,TRUE
"CYM_JAM",-0.802203201202608,6,TRUE
"CYM_JPN",-4.61761211554246,12,TRUE
"CYM_KOR",-1.03232372040396,6,TRUE
"CYM_LCA",-0.0992506848593797,7,TRUE
"CYM_MEX",-1.51821458467192,13,TRUE
"CYM_NZL",-2.24086064967694,13,TRUE
"CYM_PAK",-2.75746778655167,6,TRUE
"CYM_RUS",-0.964700922839529,9,TRUE
"CYM_SDN",-1.41706749627317,6,TRUE
"CYM_SLV",-2.89655358665569,11,TRUE
"CYM_THA",-3.16672731930377,14,TRUE
"CYM_TTO",-1.55127222898652,10,TRUE
"CYM_TWN",-3.2633796954499,7,TRUE
"CYM_USA",-0.780536681109107,13,TRUE
"CYM_ZAF",-2.49542305259606,9,TRUE
"CYP_AFG",-0.564743948594458,8,TRUE
"CYP_AGO",-0.820880654325279,12,TRUE
"CYP_ARE",0.406468897456175,25,TRUE
"CYP_ARG",-1.0477251871886,4,TRUE
"CYP_AUS",-0.341476333391026,26,TRUE
"CYP_AZE",-1.00555863705934,9,TRUE
"CYP_BDI",-1.81938512458301,9,TRUE
"CYP_BEN",-1.29486276401367,11,TRUE
"CYP_BFA",-0.725469620759697,5,TRUE
"CYP_BGD",-0.519647127202369,14,TRUE
"CYP_BLR",-1.32118429692833,8,TRUE
"CYP_BOL",-0.822778976199358,16,TRUE
"CYP_BRA",-0.576255357766312,16,TRUE
"CYP_BRN",-0.215098379661506,12,TRUE
"CYP_CHN",-0.598341777684356,23,TRUE
"CYP_COD",-1.38242463409197,21,TRUE
"CYP_COG",-2.94225246169447,8,TRUE
"CYP_CUB",-3.38331657265038,19,TRUE
"CYP_DJI",-0.768257436163358,20,TRUE
"CYP_ERI",-0.364791280432916,18,TRUE
"CYP_ETH",0.230171621426414,19,TRUE
"CYP_GIN",-2.61513531004969,11,TRUE
"CYP_GMB",-1.46978572681379,6,TRUE
"CYP_GNB",-2.01132818566831,8,TRUE
"CYP_HKG",-0.141698343858888,11,TRUE
"CYP_HTI",-1.37878344304037,13,TRUE
"CYP_IDN",-0.794772912222668,21,TRUE
"CYP_IND",-0.318976349332009,6,TRUE
"CYP_IRN",-0.585395896317911,16,TRUE
"CYP_IRQ",-0.416441605058221,4,TRUE
"CYP_KAZ",-0.683153411173327,8,TRUE
"CYP_KEN",-0.557666719444297,13,TRUE
"CYP_KGZ",-1.86567462983615,6,TRUE
"CYP_KWT",-0.229265797472591,7,TRUE
"CYP_LBR",1.01188708054093,4,TRUE
"CYP_LBY",-1.18843650253555,25,TRUE
"CYP_LKA",-1.41523915462102,11,TRUE
"CYP_MAC",-2.40640943546399,6,TRUE
"CYP_MDV",-0.179383896662536,4,TRUE
"CYP_MLI",-0.752133556838986,4,TRUE
"CYP_MMR",-1.01201334966877,8,TRUE
"CYP_MNG",-0.101277676420869,12,TRUE
"CYP_MWI",0.148310570958641,23,TRUE
"CYP_MYS",-0.576505250099855,26,TRUE
"CYP_NER",-0.135158920804076,4,TRUE
"CYP_NGA",-0.150491526031892,25,TRUE
"CYP_NPL",-1.93613356425421,10,TRUE
"CYP_NZL",-0.0590961994649006,8,TRUE
"CYP_OMN",-0.919616787233744,11,TRUE
"CYP_PAK",-0.563931540781357,17,TRUE
"CYP_PHL",-0.50364971373072,13,TRUE
"CYP_PRK",-1.57821214729911,13,TRUE
"CYP_QAT",-0.152168227449648,11,TRUE
"CYP_RUS",-0.0753568988021211,17,TRUE
"CYP_RWA",-1.39337250573002,4,TRUE
"CYP_SAU",0.10284947059941,26,TRUE
"CYP_SDN",0.073249008843008,20,TRUE
"CYP_SEN",-1.78993057704113,10,TRUE
"CYP_SLE",-0.327180368235263,5,TRUE
"CYP_SOM",-0.375065445859222,10,TRUE
"CYP_TGO",-1.72181208256294,8,TRUE
"CYP_THA",0.035764130880771,25,TRUE
"CYP_TWN",-1.16873323698827,15,TRUE
"CYP_TZA",-0.167473787348238,9,TRUE
"CYP_UGA",-0.354841602204964,18,TRUE
"CYP_URY",-0.855523528164299,13,TRUE
"CYP_USA",0.00577969114000855,17,TRUE
"CYP_VEN",-0.502397413516828,7,TRUE
"CYP_VNM",0.0654537118059421,19,TRUE
"CYP_YEM",-1.10946627595104,13,TRUE
"CYP_ZMB",0.0273642349455907,24,TRUE
"CZE_AFG",-0.438194875614475,6,TRUE
"CZE_AGO",-0.191296479007409,16,TRUE
"CZE_ARE",0.0766033013906796,19,TRUE
"CZE_ARG",0.0902312707785244,10,TRUE
"CZE_AUS",0.179011624304548,7,TRUE
"CZE_AZE",-0.270417515627489,21,TRUE
"CZE_BDI",-2.54157437710709,6,TRUE
"CZE_BEN",-0.395942405034972,7,TRUE
"CZE_BFA",-0.204169944827078,12,TRUE
"CZE_BGD",-0.00659402916359987,14,TRUE
"CZE_BHR",-0.143216625700906,15,TRUE
"CZE_BLR",-0.0855340147246706,12,TRUE
"CZE_BOL",-0.244669223971387,15,TRUE
"CZE_BRA",0.00589323145061171,4,TRUE
"CZE_BRN",-0.283947558303674,5,TRUE
"CZE_CAF",-0.603649997177234,8,TRUE
"CZE_CHN",0.0485001447406372,10,TRUE
"CZE_COD",-0.407071450920272,12,TRUE
"CZE_COG",-0.295117605744829,13,TRUE
"CZE_COM",-1.46597297874805,8,TRUE
"CZE_CPV",-0.261309642358417,17,TRUE
"CZE_CUB",-0.236595120710386,7,TRUE
"CZE_DJI",-0.64175223637145,9,TRUE
"CZE_ERI",-3.02299162369813,14,TRUE
"CZE_ETH",-0.192357085830151,17,TRUE
"CZE_GAB",-0.477213867178433,17,TRUE
"CZE_GIB",-2.02471016029407,12,TRUE
"CZE_GIN",-0.666455770632362,11,TRUE
"CZE_GMB",-0.60174823039623,14,TRUE
"CZE_HKG",-0.0674167209936493,12,TRUE
"CZE_HTI",-1.34102307928391,16,TRUE
"CZE_IDN",-0.038615579984073,12,TRUE
"CZE_IND",-0.176453400023422,9,TRUE
"CZE_IRN",-0.556755304587507,12,TRUE
"CZE_IRQ",-0.286818322915708,8,TRUE
"CZE_KAZ",-0.0815414127101916,13,TRUE
"CZE_KEN",-0.0251518099854262,5,TRUE
"CZE_KGZ",-0.0472041746795083,15,TRUE
"CZE_KHM",-0.55841220846958,13,TRUE
"CZE_KWT",0.0546135905995293,21,TRUE
"CZE_LAO",0.401643472686171,5,TRUE
"CZE_LBR",-0.776075418621244,15,TRUE
"CZE_LBY",-0.396034922895482,14,TRUE
"CZE_LKA",-0.0301535867869127,7,TRUE
"CZE_MAC",-0.688479217098338,14,TRUE
"CZE_MDV",-0.410822851890982,5,TRUE
"CZE_MLI",-0.499141452939006,14,TRUE
"CZE_MMR",-0.295956990066569,8,TRUE
"CZE_MNG",-0.459925339610319,9,TRUE
"CZE_MRT",-1.23185505825313,8,TRUE
"CZE_NER",-0.166807746614674,21,TRUE
"CZE_NGA",-0.0957697938084921,11,TRUE
"CZE_NPL",-0.118068113997457,12,TRUE
"CZE_NZL",0.333279069110315,5,TRUE
"CZE_OMN",0.30233185755023,5,TRUE
"CZE_PAK",-0.142005758862824,18,TRUE
"CZE_PRK",-4.35823352694149,8,TRUE
"CZE_PRY",-0.245636621542059,4,TRUE
"CZE_QAT",-0.167076849934753,17,TRUE
"CZE_RUS",-0.049846680944738,12,TRUE
"CZE_SDN",-0.383971096476245,14,TRUE
"CZE_SEN",-0.24559079178528,9,TRUE
"CZE_SLE",-2.33578207152856,5,TRUE
"CZE_TCD",-0.457525395209654,15,TRUE
"CZE_TGO",-0.413987618251984,8,TRUE
"CZE_THA",-0.102337439763881,10,TRUE
"CZE_TJK",-0.139045581859096,5,TRUE
"CZE_TKM",-0.330908966983497,9,TRUE
"CZE_TWN",0.0775395904686396,10,TRUE
"CZE_TZA",-0.22676624515577,18,TRUE
"CZE_UGA",-0.251560512216038,19,TRUE
"CZE_URY",-0.684181934279508,5,TRUE
"CZE_USA",0.0129327271397986,20,TRUE
"CZE_UZB",-0.216450801815991,6,TRUE
"CZE_VEN",-0.302055632887057,11,TRUE
"CZE_VNM",-0.0538661486857905,17,TRUE
"CZE_YEM",-1.46305694371892,6,TRUE
"CZE_ZMB",-0.476125825500836,4,TRUE
"DEU_AFG",-0.292992206518875,13,TRUE
"DEU_AGO",0.0671901929166885,4,TRUE
"DEU_ARE",0.0199873574113305,14,TRUE
"DEU_ARG",-0.00441364168925127,22,TRUE
"DEU_ASM",-3.40175704408256,5,TRUE
"DEU_AUS",-0.00376255495794693,17,TRUE
"DEU_AZE",-0.11838382730418,7,TRUE
"DEU_BDI",-0.242269666724826,23,TRUE
"DEU_BEN",-0.0923208177029248,9,TRUE
"DEU_BFA",-0.0928001765776497,26,TRUE
"DEU_BGD",0.00385464779471068,26,TRUE
"DEU_BHR",-0.118163174139778,6,TRUE
"DEU_BLR",-0.262807332346186,5,TRUE
"DEU_BOL",-0.0813333984495561,10,TRUE
"DEU_BRA",-0.0762568194184047,12,TRUE
"DEU_BRN",0.207370452822565,7,TRUE
"DEU_BTN",-0.767574167859233,15,TRUE
"DEU_BVT",-2.6385319485847,6,TRUE
"DEU_CAF",-0.455370617207187,17,TRUE
"DEU_CCK",-1.21912352807538,17,TRUE
"DEU_CHN",-0.00689572452394734,17,TRUE
"DEU_COD",-0.249476669665886,8,TRUE
"DEU_COG",-0.0361243885583774,5,TRUE
"DEU_COK",-1.80938410962051,5,TRUE
"DEU_COM",-0.34063820861029,17,TRUE
"DEU_CPV",-0.161131053494491,19,TRUE
"DEU_CUB",0.0969083121144774,10,TRUE
"DEU_DJI",-0.132312782144019,18,TRUE
"DEU_ERI",-0.0286852660635091,4,TRUE
"DEU_ETH",-0.140268122509983,12,TRUE
"DEU_FSM",-0.816740653044837,16,TRUE
"DEU_GAB",-0.21268781056595,19,TRUE
"DEU_GIN",0.370229345545088,5,TRUE
"DEU_GMB",-0.605634217512421,15,TRUE
"DEU_GNB",-0.229565786414852,15,TRUE
"DEU_GNQ",-0.213469371076756,23,TRUE
"DEU_GUM",0.0365668821614582,5,TRUE
"DEU_HKG",-0.246495700320315,7,TRUE
"DEU_HTI",-0.278356490520379,15,TRUE
"DEU_IDN",-0.15865460574228,13,TRUE
"DEU_IND",-0.0857818227731319,7,TRUE
"DEU_IRN",-0.113902441053006,19,TRUE
"DEU_IRQ",-0.27806751037946,7,TRUE
"DEU_KAZ",-0.107772333576347,7,TRUE
"DEU_KEN",-0.127934216919514,20,TRUE
"DEU_KGZ",-0.146925404231985,14,TRUE
"DEU_KHM",-0.31703236824749,25,TRUE
"DEU_KIR",-1.91504745368153,9,TRUE
"DEU_KWT",0.00162774231631835,19,TRUE
"DEU_LAO",-0.148074314825433,20,TRUE
"DEU_LBR",-0.314142501719828,25,TRUE
"DEU_LBY",-0.338684356038084,13,TRUE
"DEU_LKA",-0.0240178533696682,11,TRUE
"DEU_MAC",-0.684553068600507,5,TRUE
"DEU_MDV",0.0689190340053225,7,TRUE
"DEU_MHL",-0.46997204460721,13,TRUE
"DEU_MLI",0.0413830445331046,13,TRUE
"DEU_MMR",-0.105574967068801,22,TRUE
"DEU_MNG",0.0520399647279629,8,TRUE
"DEU_MNP",-0.534645875649176,20,TRUE
"DEU_MRT",-0.560861685513616,7,TRUE
"DEU_MWI",-0.322036574905784,8,TRUE
"DEU_MYS",-0.0784752192809406,4,TRUE
"DEU_NER",-0.232048809917656,25,TRUE
"DEU_NFK",-0.850191113914061,4,TRUE
"DEU_NGA",0.0195440642244768,23,TRUE
"DEU_NIU",-0.718068809321701,5,TRUE
"DEU_NPL",0.0243684892187935,25,TRUE
"DEU_NRU",-0.698479298686621,21,TRUE
"DEU_OMN",-0.0583304275787652,13,TRUE
"DEU_PAK",-0.215446367807663,11,TRUE
"DEU_PHL",-0.0701077055918555,17,TRUE
"DEU_PLW",-1.06412467873079,17,TRUE
"DEU_PRK",-1.72729722093324,6,TRUE
"DEU_PRY",-0.0616683064593892,20,TRUE
"DEU_QAT",-0.016606868000061,13,TRUE
"DEU_RWA",-0.166092319781857,9,TRUE
"DEU_SAU",-0.0374053206931752,10,TRUE
"DEU_SDN",-0.187048616755677,8,TRUE
"DEU_SEN",-0.0918994670758306,18,TRUE
"DEU_SLB",-0.452547203257832,18,TRUE
"DEU_SLE",-0.806036374588104,9,TRUE
"DEU_SOM",-0.721876109170057,14,TRUE
"DEU_STP",-1.61640455622019,5,TRUE
"DEU_TCD",-0.27677406059505,8,TRUE
"DEU_TGO",-0.0594714314927123,23,TRUE
"DEU_THA",-0.0431505229399414,11,TRUE
"DEU_TJK",0.634619958176697,5,TRUE
"DEU_TKL",-1.16566860199522,7,TRUE
"DEU_TKM",0.0524140848567166,17,TRUE
"DEU_TON",-1.28798576710383,10,TRUE
"DEU_TUV",-2.09467309961402,11,TRUE
"DEU_TWN",-0.076980852989592,20,TRUE
"DEU_TZA",-0.118235468044986,14,TRUE
"DEU_UGA",-0.114765113143124,16,TRUE
"DEU_UMI",-0.800418067532523,10,TRUE
"DEU_URY",-0.154947479945349,11,TRUE
"DEU_VAT",0.203611621566651,5,TRUE
"DEU_VEN",-0.29189643354895,22,TRUE
"DEU_VUT",-0.822079198468123,17,TRUE
"DEU_YEM",-0.15360080268347,21,TRUE
"DEU_ZMB",-0.18863071028408,20,TRUE
"DJI_AUT",-1.30049810850786,18,TRUE
"DJI_BEL",-0.647762684636803,12,TRUE
"DJI_BEN",-1.02466561161425,4,TRUE
"DJI_CAN",0.28056818403931,4,TRUE
"DJI_CHN",-1.79908440185119,9,TRUE
"DJI_COL",-3.69982436327983,6,TRUE
"DJI_CZE",0.276140069563029,9,TRUE
"DJI_DEU",-1.14594685252572,8,TRUE
"DJI_DNK",-2.43925538812299,6,TRUE
"DJI_ESP",-1.75852229234052,5,TRUE
"DJI_FRA",-0.806668809681627,19,TRUE
"DJI_GBR",0.109969754842334,7,TRUE
"DJI_GRC",-1.17041909842636,18,TRUE
"DJI_HKG",-1.02334112132553,6,TRUE
"DJI_IND",-0.344818854346397,14,TRUE
"DJI_ITA",-0.503297724841426,18,TRUE
"DJI_KOR",0.20308023377428,5,TRUE
"DJI_NLD",-0.534458880723144,17,TRUE
"DJI_OMN",-1.10967791639425,6,TRUE
"DJI_PAK",-2.56267239608384,7,TRUE
"DJI_POL",-0.337823552244725,5,TRUE
"DJI_SAU",0.0169821334964522,6,TRUE
"DJI_SGP",0.543464775375544,4,TRUE
"DJI_SVK",-0.676849236851238,5,TRUE
"DJI_SVN",-1.99109117565694,10,TRUE
"DJI_SWE",-3.13974194924408,10,TRUE
"DJI_THA",-1.66181972595264,6,TRUE
"DJI_TUR",-1.09675234790441,6,TRUE
"DJI_YEM",-2.62273555504655,7,TRUE
"DJI_ZAF",0.237894780539519,7,TRUE
"DMA_AIA",1.77220695845412,7,TRUE
"DMA_ANT",-1.53722055869057,10,TRUE
"DMA_ARG",-0.592963090624355,13,TRUE
"DMA_ARM",-4.20291655618151,6,TRUE
"DMA_AUS",-0.178659974516807,6,TRUE
"DMA_BDI",-0.0956274451307149,6,TRUE
"DMA_BIH",-1.48438739195434,8,TRUE
"DMA_BOL",-2.19877341097834,5,TRUE
"DMA_BRA",-1.26697180511896,10,TRUE
"DMA_CAN",-0.0392048462035871,17,TRUE
"DMA_CHE",-0.920804886079947,13,TRUE
"DMA_CHN",-0.427631397949372,16,TRUE
"DMA_COL",-2.41129976948906,4,TRUE
"DMA_CRI",-0.520240092801574,18,TRUE
"DMA_DOM",-0.347893378059971,15,TRUE
"DMA_DZA",-1.96920844900005,6,TRUE
"DMA_GTM",-4.23914998639667,6,TRUE
"DMA_IDN",-1.63484082077322,17,TRUE
"DMA_IND",-0.318650587713883,5,TRUE
"DMA_ISR",-0.127823378485548,4,TRUE
"DMA_KAZ",-3.42156706313283,6,TRUE
"DMA_KOR",-2.99698373387586,23,TRUE
"DMA_LBN",-0.908533957747745,7,TRUE
"DMA_LKA",-1.17792267774148,13,TRUE
"DMA_MAC",-0.570164309463335,4,TRUE
"DMA_MDA",-1.61278934280655,6,TRUE
"DMA_MEX",-1.16360437003359,9,TRUE
"DMA_MNE",0.255443020578319,8,TRUE
"DMA_MYS",-2.71580481626198,15,TRUE
"DMA_NIC",-0.883093499481772,14,TRUE
"DMA_NZL",0.426774661069671,5,TRUE
"DMA_PAN",-2.76348197791158,4,TRUE
"DMA_PER",-0.525634639109058,8,TRUE
"DMA_RUS",-1.82467708433504,4,TRUE
"DMA_SAU",1.05015076820405,7,TRUE
"DMA_SLV",-2.28058225361766,8,TRUE
"DMA_SRB",-3.94504059292414,7,TRUE
"DMA_TUR",-0.646321293604307,12,TRUE
"DMA_TWN",-1.25869568096946,12,TRUE
"DMA_TZA",-2.45355847452607,13,TRUE
"DMA_UKR",-1.94579270593821,4,TRUE
"DMA_URY",-3.35721030991205,11,TRUE
"DMA_USA",-0.577415222719675,5,TRUE
"DMA_VEN",-0.528115819770712,6,TRUE
"DMA_VGB",1.11694720799201,5,TRUE
"DMA_VNM",-1.65539276902592,6,TRUE
"DMA_ZAF",-0.340636652323277,8,TRUE
"DNK_AFG",0.126727642732092,18,TRUE
"DNK_AGO",-0.00254924748399311,21,TRUE
"DNK_ARE",-0.142145277354543,13,TRUE
"DNK_ARG",-0.0892940824977427,10,TRUE
"DNK_ASM",-0.388374819171334,9,TRUE
"DNK_AUS",-0.00344293855046661,26,TRUE
"DNK_AZE",-0.060968510442194,6,TRUE
"DNK_BDI",-0.115722942570932,12,TRUE
"DNK_BEN",-0.184233800234759,15,TRUE
"DNK_BFA",-0.302219495752132,13,TRUE
"DNK_BGD",-0.248694698197212,17,TRUE
"DNK_BHR",-0.24156042656021,17,TRUE
"DNK_BLR",-0.0898859626821773,16,TRUE
"DNK_BOL",-0.293095209197436,15,TRUE
"DNK_BRA",0.0468255560562996,15,TRUE
"DNK_BRN",-0.102917779867486,5,TRUE
"DNK_BTN",-0.876128078779079,8,TRUE
"DNK_CAF",0.0957848518941146,10,TRUE
"DNK_CHN",-0.146065915882723,4,TRUE
"DNK_COD",-0.370837906614634,12,TRUE
"DNK_COG",-0.780991352578512,9,TRUE
"DNK_COK",-4.24465147397752,10,TRUE
"DNK_COM",0.409424387168419,4,TRUE
"DNK_CPV",-0.85256385268113,7,TRUE
"DNK_CUB",-0.198495742659257,11,TRUE
"DNK_DJI",-0.229208808985772,12,TRUE
"DNK_ERI",-0.640663836362278,5,TRUE
"DNK_ETH",-0.455250828536575,5,TRUE
"DNK_GAB",-0.191935811465041,17,TRUE
"DNK_GIB",-0.848997652180655,15,TRUE
"DNK_GIN",-0.279802195486664,9,TRUE
"DNK_GMB",-0.67540005329683,19,TRUE
"DNK_GNB",-0.440402967509556,5,TRUE
"DNK_GNQ",0.124344023978813,12,TRUE
"DNK_GUM",0.384711928109239,4,TRUE
"DNK_HKG",0.120820685100791,4,TRUE
"DNK_HTI",-0.209839368365344,12,TRUE
"DNK_IDN",-0.0419106232278589,10,TRUE
"DNK_IND",-0.00503687627233068,15,TRUE
"DNK_IRN",-0.224452522997728,16,TRUE
"DNK_IRQ",-0.389988431018811,5,TRUE
"DNK_KAZ",0.103350948858885,9,TRUE
"DNK_KEN",-0.311407354243182,6,TRUE
"DNK_KGZ",-0.00724052147038688,20,TRUE
"DNK_KHM",0.50389669613909,5,TRUE
"DNK_KIR",0.153321407557791,8,TRUE
"DNK_KWT",-0.121371808924496,8,TRUE
"DNK_LAO",-0.58535572815538,8,TRUE
"DNK_LBR",-2.37539222339511,7,TRUE
"DNK_LBY",-0.254360251317436,18,TRUE
"DNK_LKA",-0.190278529148689,23,TRUE
"DNK_MAC",-1.08135632123723,9,TRUE
"DNK_MDV",-0.390986082687906,17,TRUE
"DNK_MHL",-0.92814156980743,6,TRUE
"DNK_MLI",-0.357256389307931,15,TRUE
"DNK_MMR",0.124612042262506,5,TRUE
"DNK_MNG",-0.0937365683952569,6,TRUE
"DNK_MNP",-1.16946040030698,8,TRUE
"DNK_MRT",-0.42658103984706,9,TRUE
"DNK_MWI",-0.599102774769483,4,TRUE
"DNK_MYS",-0.0186967789288913,26,TRUE
"DNK_NER",-0.096980014097257,7,TRUE
"DNK_NGA",-0.247298968310669,14,TRUE
"DNK_NPL",-0.258190903525985,24,TRUE
"DNK_NZL",-0.0156652988284887,19,TRUE
"DNK_OMN",0.0669247281467568,26,TRUE
"DNK_PAK",0.129749289226969,8,TRUE
"DNK_PHL",0.0808851498767935,9,TRUE
"DNK_PRK",-3.68985214291386,7,TRUE
"DNK_PRY",-0.118322035044386,19,TRUE
"DNK_QAT",-0.0297101749666233,4,TRUE
"DNK_RUS",-0.135359865167242,7,TRUE
"DNK_RWA",-0.11587312599066,21,TRUE
"DNK_SAU",-0.0276913218708942,11,TRUE
"DNK_SDN",-0.212042327433057,20,TRUE
"DNK_SEN",-0.42312759468596,10,TRUE
"DNK_SLB",-0.529440270080193,15,TRUE
"DNK_SLE",-0.205238925596862,22,TRUE
"DNK_SOM",-1.31692012360264,14,TRUE
"DNK_STP",-0.0923244065757213,16,TRUE
"DNK_TCD",-0.0903977913259764,9,TRUE
"DNK_TGO",-0.00226382429265929,23,TRUE
"DNK_THA",-0.226414405336032,10,TRUE
"DNK_TJK",-0.152799668128342,5,TRUE
"DNK_TKL",-1.28998929483091,11,TRUE
"DNK_TKM",0.122141279100518,8,TRUE
"DNK_TLS",-0.178798294643918,5,TRUE
"DNK_TON",-0.503462645743078,12,TRUE
"DNK_TWN",-0.0840875353331035,21,TRUE
"DNK_TZA",-0.315606120909331,8,TRUE
"DNK_UGA",0.137322633475284,25,TRUE
"DNK_URY",0.180677426413426,8,TRUE
"DNK_USA",0.084941672509604,15,TRUE
"DNK_UZB",-0.253700031891619,9,TRUE
"DNK_VEN",-1.20952916561023,5,TRUE
"DNK_VNM",-0.0889693457174233,15,TRUE
"DNK_VUT",-1.21830354690074,13,TRUE
"DNK_WSM",-2.38769088502882,7,TRUE
"DNK_YEM",-0.245142220316324,16,TRUE
"DNK_ZMB",-0.243849222957089,11,TRUE
"DOM_ABW",-0.0186603978258169,5,TRUE
"DOM_AGO",0.186334099044451,7,TRUE
"DOM_AIA",-0.266637180095671,12,TRUE
"DOM_ALB",-1.245786944999,6,TRUE
"DOM_AND",-0.636604611793738,4,TRUE
"DOM_ARE",0.1135157219033,4,TRUE
"DOM_ARG",-0.304767969048333,14,TRUE
"DOM_ARM",-1.65033172255615,5,TRUE
"DOM_ATG",0.0491951377168792,14,TRUE
"DOM_AUS",-0.245189088435964,26,TRUE
"DOM_BGD",0.0443774319258481,8,TRUE
"DOM_BHR",0.099082309636566,5,TRUE
"DOM_BHS",0.133580768765199,7,TRUE
"DOM_BIH",-0.0997101665270788,12,TRUE
"DOM_BLR",-0.059113161957299,9,TRUE
"DOM_BLZ",-0.495360389822786,9,TRUE
"DOM_BOL",0.241587204133059,15,TRUE
"DOM_BRA",-0.238678986841218,8,TRUE
"DOM_BRB",0.1775809956808,22,TRUE
"DOM_BRN",-3.17950711950535,5,TRUE
"DOM_CAF",-4.71204794158343,5,TRUE
"DOM_CAN",0.173980963957262,6,TRUE
"DOM_CHE",-0.722314575308122,16,TRUE
"DOM_CHL",0.320735542544156,10,TRUE
"DOM_CHN",-0.47661509314674,4,TRUE
"DOM_CIV",-1.02985763862724,6,TRUE
"DOM_COL",0.0737918432429944,15,TRUE
"DOM_CUB",-0.0727939313864602,14,TRUE
"DOM_CYM",-0.149385105793903,11,TRUE
"DOM_DMA",0.144396154930729,13,TRUE
"DOM_DZA",-1.37936985773237,4,TRUE
"DOM_ECU",-0.0273967754264304,15,TRUE
"DOM_EGY",-1.49012943894804,8,TRUE
"DOM_FRO",-2.84490772003814,7,TRUE
"DOM_GHA",-0.476359247576603,4,TRUE
"DOM_GIB",-1.0415291203926,6,TRUE
"DOM_GRD",0.125720114799564,11,TRUE
"DOM_GUY",-0.0275166215182414,11,TRUE
"DOM_HTI",-0.0385081804003294,9,TRUE
"DOM_IDN",0.0960843759376981,7,TRUE
"DOM_IND",-1.8559543659147,16,TRUE
"DOM_IRQ",-4.67743049105558,4,TRUE
"DOM_ISL",0.0636200839898204,18,TRUE
"DOM_ISR",0.0621826985148636,4,TRUE
"DOM_JAM",-0.0532488032736442,5,TRUE
"DOM_JOR",-0.862685687416047,10,TRUE
"DOM_JPN",-0.217820580687632,11,TRUE
"DOM_KAZ",-0.0570949795442052,14,TRUE
"DOM_KGZ",-0.32808708677325,8,TRUE
"DOM_KNA",-0.150469294945132,12,TRUE
"DOM_KOR",0.199660192005092,19,TRUE
"DOM_KWT",0.138611943761456,4,TRUE
"DOM_LBN",0.190392690902563,17,TRUE
"DOM_LBR",-0.906094108736944,6,TRUE
"DOM_LCA",-0.171456329890891,11,TRUE
"DOM_MAC",0.176171003755894,13,TRUE
"DOM_MAR",-2.71325838291151,9,TRUE
"DOM_MDA",-0.426091283728569,9,TRUE
"DOM_MDG",-2.03062871972313,11,TRUE
"DOM_MEX",-0.506896330837366,6,TRUE
"DOM_MKD",-0.00212180079081184,13,TRUE
"DOM_MSR",-0.308382562286559,15,TRUE
"DOM_MUS",-0.567518057632485,10,TRUE
"DOM_MYS",-0.750638376532542,5,TRUE
"DOM_NAM",-3.25398187877291,4,TRUE
"DOM_NCL",-1.07864301288061,4,TRUE
"DOM_NGA",-5.04116615084516,6,TRUE
"DOM_NOR",0.094178541806567,16,TRUE
"DOM_NPL",-0.00705506191999322,4,TRUE
"DOM_NZL",0.0916109806887648,8,TRUE
"DOM_PAK",-0.403073004002396,8,TRUE
"DOM_PER",-0.527201024863299,5,TRUE
"DOM_PHL",-1.28499435158429,16,TRUE
"DOM_PRY",-1.32539476886422,15,TRUE
"DOM_PYF",-0.0403737481543878,10,TRUE
"DOM_RUS",-0.142327944363212,18,TRUE
"DOM_SAU",-0.047496320250508,14,TRUE
"DOM_SEN",-0.305520756791861,4,TRUE
"DOM_SGP",0.15374658394704,16,TRUE
"DOM_SRB",-0.184370880462309,6,TRUE
"DOM_SUR",-0.423569261210021,6,TRUE
"DOM_TCA",-0.40090321875768,7,TRUE
"DOM_THA",-0.511438756023907,21,TRUE
"DOM_TTO",-0.086566881179204,9,TRUE
"DOM_TUN",-0.733920942285958,12,TRUE
"DOM_TUR",0.0274324921466997,10,TRUE
"DOM_TWN",0.0330410477083844,9,TRUE
"DOM_UKR",0.0178200796562243,7,TRUE
"DOM_URY",-0.265042206573901,7,TRUE
"DOM_VCT",0.142152749456253,17,TRUE
"DOM_VEN",-0.172181851529361,20,TRUE
"DOM_VGB",0.422820069127644,6,TRUE
"DOM_ZAF",-0.0634949834844382,14,TRUE
"DZA_AUS",-0.390606369415131,12,TRUE
"DZA_BFA",-1.31831229314149,13,TRUE
"DZA_BIH",-0.0192269302839507,7,TRUE
"DZA_BLR",-1.12712390141801,5,TRUE
"DZA_BRB",-4.04723187218816,10,TRUE
"DZA_CAN",-0.335744234067253,17,TRUE
"DZA_CHE",-0.0465336187738675,24,TRUE
"DZA_CHN",0.225225673781675,8,TRUE
"DZA_CIV",-0.202611586673709,11,TRUE
"DZA_COG",0.0708106729971849,4,TRUE
"DZA_CPV",-0.431536015896176,12,TRUE
"DZA_CRI",-4.70543175922885,6,TRUE
"DZA_DOM",-2.08842307059313,7,TRUE
"DZA_ETH",-1.51359878720688,11,TRUE
"DZA_GAB",-2.03116632530251,15,TRUE
"DZA_GMB",0.0396267487760288,8,TRUE
"DZA_HKG",0.0175916519462923,6,TRUE
"DZA_ISL",-8.29718932696118,4,TRUE
"DZA_JPN",-1.04159423765532,26,TRUE
"DZA_KAZ",-2.75036037466287,9,TRUE
"DZA_KNA",-4.88450605851126,10,TRUE
"DZA_MDG",-1.40016897873492,7,TRUE
"DZA_MNE",-0.12639912342611,5,TRUE
"DZA_MUS",0.25234066780472,5,TRUE
"DZA_NCL",0.189854327549591,7,TRUE
"DZA_NER",-1.05157339445337,19,TRUE
"DZA_NOR",0.0528425892817972,6,TRUE
"DZA_NZL",-0.391493999862084,4,TRUE
"DZA_PAN",-2.65311051253732,10,TRUE
"DZA_PRY",-5.0367881466205,10,TRUE
"DZA_PYF",-0.545625128447142,8,TRUE
"DZA_RUS",-0.84361662153131,16,TRUE
"DZA_SEN",-0.607061182369465,11,TRUE
"DZA_SLE",-0.0274377709274108,6,TRUE
"DZA_SRB",-1.59126017289414,5,TRUE
"DZA_STP",-1.39279518115759,5,TRUE
"DZA_TGO",-2.92445259221058,12,TRUE
"DZA_TUR",0.17899143093755,22,TRUE
"DZA_TWN",1.03289470191899,7,TRUE
"DZA_UGA",-0.0587909443668995,8,TRUE
"DZA_UKR",0.442597983223676,10,TRUE
"DZA_USA",-0.168088654345581,9,TRUE
"DZA_ZAF",-0.82441298050095,5,TRUE
"ECU_ABW",-1.82079974934871,12,TRUE
"ECU_AFG",-2.57139294583821,8,TRUE
"ECU_AGO",-0.6470906143282,4,TRUE
"ECU_ALB",0.0455291987869139,16,TRUE
"ECU_AND",-1.66384539583752,15,TRUE
"ECU_ARE",0.0636670356210532,7,TRUE
"ECU_ARM",-0.359677899944238,6,TRUE
"ECU_ATG",-0.26097284138711,4,TRUE
"ECU_AUS",0.0275040515664166,15,TRUE
"ECU_AZE",-0.137755897372125,8,TRUE
"ECU_BFA",-1.01414742494849,4,TRUE
"ECU_BHR",-0.169395489570536,13,TRUE
"ECU_BHS",-2.03308941070873,12,TRUE
"ECU_BIH",-0.327202952672411,5,TRUE
"ECU_BLR",0.292775661674994,7,TRUE
"ECU_BLZ",-0.136795228787886,23,TRUE
"ECU_BRB",0.0544320770816558,10,TRUE
"ECU_CAN",-0.206962489737234,8,TRUE
"ECU_CHE",-0.254043931491806,9,TRUE
"ECU_CHN",-0.521199047751035,20,TRUE
"ECU_CIV",-1.62378121545517,12,TRUE
"ECU_CRI",0.103510580507098,4,TRUE
"ECU_CYM",-2.72831113214271,15,TRUE
"ECU_DMA",-0.0549964912569055,6,TRUE
"ECU_DOM",-0.00242117627957515,11,TRUE
"ECU_ETH",-1.01667067554444,17,TRUE
"ECU_FRO",-2.39315608580328,5,TRUE
"ECU_GEO",0.0626841096591203,7,TRUE
"ECU_GRD",-1.16941476050523,16,TRUE
"ECU_GRL",-1.85287949742539,6,TRUE
"ECU_GTM",-0.256032255920323,22,TRUE
"ECU_HKG",0.073143560596802,7,TRUE
"ECU_HND",-0.155473882164647,20,TRUE
"ECU_ISL",-0.426872564891089,21,TRUE
"ECU_ISR",-0.421634304367556,16,TRUE
"ECU_JAM",-1.46951579185005,14,TRUE
"ECU_JOR",-0.30660158830556,21,TRUE
"ECU_JPN",0.507018099670561,6,TRUE
"ECU_KAZ",-0.00765286679827747,15,TRUE
"ECU_KEN",-0.507147695950047,10,TRUE
"ECU_KGZ",-0.313227324733106,14,TRUE
"ECU_KWT",0.120469112360125,8,TRUE
"ECU_LBN",-0.151454861733483,10,TRUE
"ECU_LCA",-3.35718742577299,20,TRUE
"ECU_MAC",-1.14988701316989,8,TRUE
"ECU_MDA",0.0498656972328522,10,TRUE
"ECU_MDG",-0.845506116974843,11,TRUE
"ECU_MKD",0.0541119878287467,6,TRUE
"ECU_MNE",0.0681379512812798,4,TRUE
"ECU_MUS",-0.289744710268628,7,TRUE
"ECU_NCL",-1.43994785380186,10,TRUE
"ECU_NOR",-0.147523977055029,22,TRUE
"ECU_NPL",-2.08111408008137,5,TRUE
"ECU_NZL",-0.431883749385107,11,TRUE
"ECU_OMN",0.680389532011705,4,TRUE
"ECU_PYF",-0.673276859991565,4,TRUE
"ECU_QAT",0.262317225623452,7,TRUE
"ECU_RUS",0.243407448905895,6,TRUE
"ECU_RWA",-1.51298091489368,6,TRUE
"ECU_SAU",-0.0462262404352793,20,TRUE
"ECU_SEN",-0.712817465553276,14,TRUE
"ECU_SRB",-0.187268437118739,7,TRUE
"ECU_SUR",-0.431665594518704,11,TRUE
"ECU_SYC",-0.714489319076461,4,TRUE
"ECU_SYR",-1.40687100737515,13,TRUE
"ECU_TUR",0.126122627152312,23,TRUE
"ECU_TWN",-0.844646388050928,16,TRUE
"ECU_UGA",-1.02988845485744,19,TRUE
"ECU_UKR",-0.238902494971074,4,TRUE
"ECU_USA",-0.121975096017784,6,TRUE
"ECU_UZB",-0.234478396644167,10,TRUE
"ECU_YEM",0.329980633330825,4,TRUE
"ECU_ZAF",-0.74216908062557,7,TRUE
"EGY_AFG",-0.445647702341331,13,TRUE
"EGY_ALB",0.0944917895693093,26,TRUE
"EGY_AND",-0.301351916606862,9,TRUE
"EGY_ARM",0.104551903520403,13,TRUE
"EGY_ATG",0.736620630729251,7,TRUE
"EGY_AUS",-0.119058329225332,14,TRUE
"EGY_AZE",-0.248432818807813,10,TRUE
"EGY_BFA",0.00893850298283308,8,TRUE
"EGY_BHS",-0.946510304665955,11,TRUE
"EGY_BIH",0.0112629852383098,17,TRUE
"EGY_BLR",0.105257607125995,8,TRUE
"EGY_BMU",0.449266847283269,4,TRUE
"EGY_BRB",0.496766375486305,7,TRUE
"EGY_BRN",0.812773940459683,5,TRUE
"EGY_BWA",-0.724287326031674,11,TRUE
"EGY_CAF",-1.39470695953859,13,TRUE
"EGY_CAN",0.658499255078449,6,TRUE
"EGY_CHN",-0.124466012466974,17,TRUE
"EGY_CIV",0.0909559266159597,4,TRUE
"EGY_COG",-0.924936616804682,22,TRUE
"EGY_CPV",0.147295526091301,10,TRUE
"EGY_DMA",-0.462982182268211,6,TRUE
"EGY_DOM",0.176321605013598,8,TRUE
"EGY_FJI",-0.925152941740602,5,TRUE
"EGY_FRO",-0.284750635587898,8,TRUE
"EGY_GAB",-0.357229363940896,21,TRUE
"EGY_GEO",-0.0915855125370762,11,TRUE
"EGY_GMB",0.0080724536088887,15,TRUE
"EGY_GNB",-2.67008335180595,5,TRUE
"EGY_GRD",-1.67516670747556,14,TRUE
"EGY_GTM",0.256891256009808,9,TRUE
"EGY_HKG",-0.628614854309113,5,TRUE
"EGY_HND",-0.349068452933546,15,TRUE
"EGY_HTI",0.0200665191457176,6,TRUE
"EGY_JAM",-0.816775357918218,13,TRUE
"EGY_JPN",-0.317622401628617,10,TRUE
"EGY_KAZ",-0.162504130289821,14,TRUE
"EGY_KGZ",0.1314561862464,10,TRUE
"EGY_KHM",-1.58942491935201,14,TRUE
"EGY_MAC",-2.54883722844126,10,TRUE
"EGY_MDA",-0.0757138406544994,5,TRUE
"EGY_MDV",0.128406393335159,4,TRUE
"EGY_MKD",-0.0127219540276375,7,TRUE
"EGY_MNE",-0.469529134186384,4,TRUE
"EGY_MYT",-0.206181009912036,4,TRUE
"EGY_NCL",-0.0930616471868181,5,TRUE
"EGY_NER",-0.283882852759764,13,TRUE
"EGY_NPL",-0.120412109072147,6,TRUE
"EGY_NZL",-0.0380197148297104,25,TRUE
"EGY_PAN",0.299205554827073,9,TRUE
"EGY_PYF",-0.357533970855505,6,TRUE
"EGY_RUS",-0.0213297890459436,18,TRUE
"EGY_SEN",-0.289925803886759,4,TRUE
"EGY_SLE",-0.101061477720452,16,TRUE
"EGY_TCD",0.19774741484991,11,TRUE
"EGY_TGO",-0.426804568620034,17,TRUE
"EGY_TKM",0.450094499354542,7,TRUE
"EGY_TWN",-1.19620902761036,6,TRUE
"EGY_UKR",-0.00119031204307975,14,TRUE
"EGY_USA",-0.0726336679533232,15,TRUE
"EGY_UZB",-1.83654758656059,15,TRUE
"EGY_ZAF",-0.355632146196769,15,TRUE
"ERI_AUS",-1.70652026986013,10,TRUE
"ERI_AUT",-3.26076410790365,13,TRUE
"ERI_BEL",-3.47384225830155,7,TRUE
"ERI_BRA",-4.21271850707971,4,TRUE
"ERI_BRB",-2.42093760127736,5,TRUE
"ERI_CAN",-3.62729770379193,12,TRUE
"ERI_CHE",-4.6097530306868,10,TRUE
"ERI_CHN",0.275822152186622,4,TRUE
"ERI_COL",-3.56080429824331,9,TRUE
"ERI_CZE",-5.33528240994443,8,TRUE
"ERI_DEU",-4.30864518731794,5,TRUE
"ERI_DNK",-0.496327832082648,12,TRUE
"ERI_ESP",-2.15012048224797,15,TRUE
"ERI_FJI",-0.69066141518859,8,TRUE
"ERI_FRA",-2.82291981788936,4,TRUE
"ERI_GBR",-0.650703119250436,15,TRUE
"ERI_IDN",-1.88949436226752,14,TRUE
"ERI_IND",-2.61026312073372,9,TRUE
"ERI_IRL",-4.56694521089544,7,TRUE
"ERI_ISR",-2.06373945406501,6,TRUE
"ERI_ITA",0.407484822957137,16,TRUE
"ERI_JPN",-1.57336490836028,15,TRUE
"ERI_KOR",-2.11250846863834,10,TRUE
"ERI_LBN",-2.50538156599348,8,TRUE
"ERI_MYS",-3.91307448801116,6,TRUE
"ERI_NLD",-2.51437672178407,12,TRUE
"ERI_NOR",-0.634109379840164,5,TRUE
"ERI_NZL",-1.02331580213079,4,TRUE
"ERI_PAK",-1.50322129351522,5,TRUE
"ERI_RUS",-1.43309478391521,12,TRUE
"ERI_SAU",-1.67998659589561,5,TRUE
"ERI_SVK",-2.00523306760882,7,TRUE
"ERI_SWE",-0.579227242083884,13,TRUE
"ERI_THA",-3.37164184477717,7,TRUE
"ERI_USA",-1.82983741465032,8,TRUE
"ERI_YEM",-3.02920102806531,6,TRUE
"ERI_ZAF",-1.37909205115037,8,TRUE
"ESH_DOM",-1.14094494991483,5,TRUE
"ESH_HRV",-2.54850453666845,6,TRUE
"ESH_MEX",-1.03972896644657,8,TRUE
"ESP_AFG",-0.220976619341257,25,TRUE
"ESP_AGO",-0.149342166753775,20,TRUE
"ESP_ARE",0.0290598782080357,18,TRUE
"ESP_ARG",-0.511159071411134,6,TRUE
"ESP_ASM",-0.182144961205978,13,TRUE
"ESP_AUS",0.0217197750799749,10,TRUE
"ESP_BDI",-0.449861516302829,11,TRUE
"ESP_BEN",0.0402766570479633,7,TRUE
"ESP_BFA",0.0644256507491133,18,TRUE
"ESP_BGD",0.0468378714500125,18,TRUE
"ESP_BHR",-0.0548019481427551,13,TRUE
"ESP_BLR",-0.0255572139251371,19,TRUE
"ESP_BOL",0.0862812535972351,6,TRUE
"ESP_BRA",0.0380798545969028,18,TRUE
"ESP_BRN",0.125415232681388,16,TRUE
"ESP_BTN",0.478730780993233,6,TRUE
"ESP_CHN",0.0432672714134915,25,TRUE
"ESP_COD",0.00210364142254547,20,TRUE
"ESP_COG",-0.389145544234189,15,TRUE
"ESP_COK",-1.22630444679484,9,TRUE
"ESP_COM",-0.295566968488607,21,TRUE
"ESP_CPV",0.265010134850151,8,TRUE
"ESP_CUB",-0.0125517811444116,21,TRUE
"ESP_DJI",-0.120775552274814,11,TRUE
"ESP_ERI",-0.325053801261459,12,TRUE
"ESP_FSM",0.304590396097569,8,TRUE
"ESP_GAB",-0.163481893083471,4,TRUE
"ESP_GIB",-0.201104718772466,5,TRUE
"ESP_GMB",0.0727469520639538,9,TRUE
"ESP_GNB",0.145859710441774,9,TRUE
"ESP_GNQ",0.0366719199736909,17,TRUE
"ESP_GUM",0.147669514358571,5,TRUE
"ESP_HKG",-0.0908664359841519,11,TRUE
"ESP_HTI",-0.102697711135173,13,TRUE
"ESP_IDN",-0.107964611205361,19,TRUE
"ESP_IND",0.00851185589799264,12,TRUE
"ESP_IRN",-0.0381850855323563,23,TRUE
"ESP_IRQ",-0.283055198489803,16,TRUE
"ESP_KAZ",0.195506318467952,9,TRUE
"ESP_KEN",-0.0394082694436794,6,TRUE
"ESP_KGZ",-0.0529875395202141,14,TRUE
"ESP_KHM",-0.334022285756987,15,TRUE
"ESP_KIR",-1.83738744049467,5,TRUE
"ESP_KWT",0.056090373854053,23,TRUE
"ESP_LAO",0.230238099413704,6,TRUE
"ESP_LBR",-1.1061115619099,14,TRUE
"ESP_LBY",-0.0978434280880111,24,TRUE
"ESP_LKA",0.0385051421452295,13,TRUE
"ESP_MAC",-0.0558115559529734,22,TRUE
"ESP_MDV",-0.617979488288029,20,TRUE
"ESP_MHL",-1.39952673253879,13,TRUE
"ESP_MLI",-0.130575878380696,19,TRUE
"ESP_MMR",0.0481672586191007,16,TRUE
"ESP_MNG",0.13289793151504,5,TRUE
"ESP_MNP",-2.05455499962037,7,TRUE
"ESP_MRT",-0.103204890270748,10,TRUE
"ESP_MWI",-0.192537343690546,9,TRUE
"ESP_MYS",-0.00269803656385491,17,TRUE
"ESP_NER",-0.306253321334518,6,TRUE
"ESP_NGA",-0.17018619448565,20,TRUE
"ESP_NPL",0.0328469917178083,7,TRUE
"ESP_NZL",0.13625792860648,8,TRUE
"ESP_OMN",-0.00756283970377076,5,TRUE
"ESP_PAK",-0.0832467657813377,11,TRUE
"ESP_PHL",0.00450478157906654,13,TRUE
"ESP_PRK",-0.880344998447838,23,TRUE
"ESP_PRY",0.155608562289599,7,TRUE
"ESP_QAT",-0.0462961925781009,4,TRUE
"ESP_RUS",-0.0689215093167116,7,TRUE
"ESP_RWA",-0.111672415448132,20,TRUE
"ESP_SAU",-0.0218577703511018,12,TRUE
"ESP_SDN",0.206408554792138,4,TRUE
"ESP_SEN",-0.0168009615241451,18,TRUE
"ESP_SLB",-0.492831320741016,12,TRUE
"ESP_SLE",-0.110570078705906,5,TRUE
"ESP_SOM",-0.536597951581357,9,TRUE
"ESP_STP",-0.474973391063918,25,TRUE
"ESP_TCD",-0.124218854697582,18,TRUE
"ESP_TGO",-0.189591872507272,20,TRUE
"ESP_THA",-0.0419037722880889,12,TRUE
"ESP_TJK",0.0592493337792563,22,TRUE
"ESP_TKM",-0.0647174287437779,5,TRUE
"ESP_TLS",-0.18157271519251,7,TRUE
"ESP_TON",-0.665439287592332,8,TRUE
"ESP_TWN",-0.0458007278960652,11,TRUE
"ESP_TZA",0.0550076583336597,18,TRUE
"ESP_UGA",-0.104905334247849,21,TRUE
"ESP_URY",-0.0883015450833694,22,TRUE
"ESP_USA",0.0483736871199622,15,TRUE
"ESP_UZB",-0.146460890537174,20,TRUE
"ESP_VAT",-0.614156999464452,11,TRUE
"ESP_VEN",-0.131260174437228,24,TRUE
"ESP_VNM",0.0409385441365636,20,TRUE
"ESP_VUT",-1.85777570716473,23,TRUE
"ESP_WSM",-0.979889727766604,12,TRUE
"ESP_YEM",0.00700075863502696,22,TRUE
"ESP_ZMB",-0.678183589081258,14,TRUE
"EST_AFG",-1.34798639357606,12,TRUE
"EST_AGO",-1.71295084156261,7,TRUE
"EST_ARE",-0.457333673165729,16,TRUE
"EST_ARG",-0.888350974879907,19,TRUE
"EST_AUS",-0.554775160112867,20,TRUE
"EST_AZE",-0.714345725927471,5,TRUE
"EST_BEN",-1.3157919882373,7,TRUE
"EST_BFA",-0.107381950904849,5,TRUE
"EST_BGD",-1.60763450645834,13,TRUE
"EST_BHR",-0.368929638826751,11,TRUE
"EST_BLR",-0.363988038187937,7,TRUE
"EST_BOL",0.0920460497558537,6,TRUE
"EST_BRA",-0.0506836806883101,19,TRUE
"EST_CHN",-0.209155335064335,21,TRUE
"EST_CUB",-0.0645082591894529,12,TRUE
"EST_ETH",-1.68933017104421,8,TRUE
"EST_GIB",-5.90026192238958,12,TRUE
"EST_HKG",0.0791904137767573,12,TRUE
"EST_IDN",-0.610579989126004,16,TRUE
"EST_IND",-0.34050143172953,15,TRUE
"EST_IRN",-0.0600890547727223,10,TRUE
"EST_IRQ",-1.16055014457111,6,TRUE
"EST_KAZ",-0.277883446846239,9,TRUE
"EST_KEN",-0.822003328969708,13,TRUE
"EST_KGZ",-0.212942989328477,15,TRUE
"EST_KHM",-0.765701606441823,8,TRUE
"EST_KWT",-0.429846421049984,15,TRUE
"EST_LAO",-1.52830055234273,4,TRUE
"EST_LBR",-2.66221776640317,14,TRUE
"EST_LBY",-1.40900892027603,7,TRUE
"EST_LKA",0.00834612913222378,10,TRUE
"EST_MRT",-3.05843203760225,13,TRUE
"EST_MYS",0.073512760149384,8,TRUE
"EST_NER",-2.15647056078318,6,TRUE
"EST_NGA",-0.310832963663996,5,TRUE
"EST_NPL",-0.0369100342654254,5,TRUE
"EST_NZL",0.0584276706595406,12,TRUE
"EST_OMN",-0.591268440452727,20,TRUE
"EST_PAK",-0.923910108229197,5,TRUE
"EST_PHL",-0.539457561860558,9,TRUE
"EST_PRY",0.14286389979134,6,TRUE
"EST_QAT",-0.95339101670315,14,TRUE
"EST_RUS",0.0369079511993729,18,TRUE
"EST_SAU",-0.239081126868286,12,TRUE
"EST_SDN",-2.41672218999529,14,TRUE
"EST_SEN",0.353278300166702,5,TRUE
"EST_SLE",-0.769810049715057,6,TRUE
"EST_TGO",-2.88019113886888,8,TRUE
"EST_THA",-0.173131826934007,19,TRUE
"EST_TJK",-0.715584284406532,18,TRUE
"EST_TKM",-0.141926996334443,13,TRUE
"EST_TWN",0.0513859772917007,4,TRUE
"EST_TZA",-0.302139918662679,8,TRUE
"EST_UGA",-0.148758987460631,4,TRUE
"EST_URY",-0.960402009395882,15,TRUE
"EST_USA",-0.0150136002956264,20,TRUE
"EST_UZB",0.0579092263876312,16,TRUE
"EST_VEN",-4.94361902164891,6,TRUE
"EST_VNM",-0.274004835521978,14,TRUE
"EST_YEM",-1.99385249912147,6,TRUE
"ETH_ALB",-0.178478733034665,11,TRUE
"ETH_ARE",-0.0150159659558714,5,TRUE
"ETH_ARG",-0.48186532598529,14,TRUE
"ETH_AUS",-0.207887059663387,21,TRUE
"ETH_AUT",-0.10788428834647,6,TRUE
"ETH_BEL",-0.104037727027604,13,TRUE
"ETH_BEN",0.171670659866478,4,TRUE
"ETH_BFA",-0.0867562931075662,4,TRUE
"ETH_BGD",-0.932085617757319,11,TRUE
"ETH_BGR",-0.236995578810681,12,TRUE
"ETH_BHR",0.172902416645277,4,TRUE
"ETH_BIH",0.031593186692243,6,TRUE
"ETH_BLR",0.137320558141772,7,TRUE
"ETH_BOL",-4.31225498884342,7,TRUE
"ETH_BRA",-0.196715290652545,17,TRUE
"ETH_BWA",-0.421160537215757,13,TRUE
"ETH_CAN",0.350771760132366,4,TRUE
"ETH_CHE",-0.169496590728727,21,TRUE
"ETH_CHL",-0.0462961357818465,9,TRUE
"ETH_CHN",-0.020538102741714,5,TRUE
"ETH_CIV",-0.703485141196511,9,TRUE
"ETH_CMR",-0.399260813725164,12,TRUE
"ETH_COG",-0.758926347048485,4,TRUE
"ETH_COL",-0.99920648677866,9,TRUE
"ETH_CYP",-0.239968872009977,15,TRUE
"ETH_CZE",-0.254226312235236,12,TRUE
"ETH_DEU",-0.0760002346454963,13,TRUE
"ETH_DNK",-0.561538829572256,4,TRUE
"ETH_DOM",-2.68969092838662,10,TRUE
"ETH_DZA",-1.08329777063536,6,TRUE
"ETH_EST",-1.071708507057,6,TRUE
"ETH_FIN",-0.39164654304912,6,TRUE
"ETH_FRA",-0.238390619748074,6,TRUE
"ETH_GBR",-0.0633417997473368,8,TRUE
"ETH_GEO",-0.128900764772441,4,TRUE
"ETH_GHA",-0.342428228340643,15,TRUE
"ETH_GIN",-0.669677189958695,5,TRUE
"ETH_GNQ",0.577192864395259,4,TRUE
"ETH_GRC",-0.37850806560387,4,TRUE
"ETH_GTM",-1.41375994679165,7,TRUE
"ETH_HKG",-0.285813985065821,17,TRUE
"ETH_HND",-1.61595133677137,13,TRUE
"ETH_HRV",0.199823798001822,11,TRUE
"ETH_HUN",-0.383373973318608,19,TRUE
"ETH_IDN",0.309657103383214,5,TRUE
"ETH_IND",-0.0901514528028371,16,TRUE
"ETH_IRL",0.194758683738438,4,TRUE
"ETH_IRN",-0.962408847671149,8,TRUE
"ETH_ISR",-0.00596973815479507,8,TRUE
"ETH_ITA",-0.00442000895619756,20,TRUE
"ETH_JOR",-0.0576122612773479,4,TRUE
"ETH_JPN",0.0732163044998757,4,TRUE
"ETH_KAZ",0.264127799730773,7,TRUE
"ETH_KGZ",0.02777644041492,4,TRUE
"ETH_KOR",-0.569114588970334,20,TRUE
"ETH_KWT",0.12237637214075,8,TRUE
"ETH_LBN",-0.395986591684042,4,TRUE
"ETH_LKA",0.119470145570285,7,TRUE
"ETH_LSO",-1.06625577086007,6,TRUE
"ETH_LTU",-0.112694604811289,10,TRUE
"ETH_LUX",-3.96334363024473,5,TRUE
"ETH_MAR",0.134695855516431,20,TRUE
"ETH_MDA",0.272734474231975,4,TRUE
"ETH_MEX",-1.0757721135043,11,TRUE
"ETH_MKD",-0.494863396598414,7,TRUE
"ETH_MLI",-0.738162630355801,8,TRUE
"ETH_MOZ",-0.174806320553094,7,TRUE
"ETH_MYS",-1.2965364712831,8,TRUE
"ETH_NCL",-0.403164159301426,8,TRUE
"ETH_NER",-1.49085915413264,9,TRUE
"ETH_NGA",-0.370341025302212,8,TRUE
"ETH_NIC",-4.55241910381731,4,TRUE
"ETH_NLD",0.000611394283052125,12,TRUE
"ETH_NOR",0.0479335159119384,15,TRUE
"ETH_NPL",-1.15877750876021,4,TRUE
"ETH_NZL",0.112240725483396,12,TRUE
"ETH_OMN",-0.277445346138741,7,TRUE
"ETH_PAK",-0.352005294556832,15,TRUE
"ETH_PER",0.406674516822803,4,TRUE
"ETH_PHL",-1.21938485727378,5,TRUE
"ETH_POL",-0.237761443340271,16,TRUE
"ETH_PRK",-0.586466227117495,10,TRUE
"ETH_PRT",-0.171137003392063,16,TRUE
"ETH_PYF",-1.69747420145845,4,TRUE
"ETH_QAT",-0.0946308963012417,10,TRUE
"ETH_ROU",-1.08051287065735,7,TRUE
"ETH_RUS",0.0643090241179753,11,TRUE
"ETH_SAU",0.170700958818588,20,TRUE
"ETH_SEN",-0.448510819279435,9,TRUE
"ETH_SGP",-0.119953491519969,18,TRUE
"ETH_SLE",-1.98871464577781,6,TRUE
"ETH_SLV",-1.19405592850698,7,TRUE
"ETH_SRB",-0.336470487673086,6,TRUE
"ETH_SVK",-0.195791222007334,8,TRUE
"ETH_SVN",-0.117354151877986,7,TRUE
"ETH_SWE",-0.134104848370228,11,TRUE
"ETH_SYR",-0.675871322075701,8,TRUE
"ETH_TGO",-0.778931291419594,5,TRUE
"ETH_THA",-0.120284914479807,19,TRUE
"ETH_TUR",0.0241805842007601,13,TRUE
"ETH_TWN",-0.125949582424924,11,TRUE
"ETH_UKR",-0.122798335538259,10,TRUE
"ETH_USA",0.0465783235083075,9,TRUE
"ETH_VNM",-0.871180485793588,14,TRUE
"ETH_YEM",-0.0842713030666795,7,TRUE
"ETH_ZAF",-0.0490685339718149,6,TRUE
"FIN_AFG",-0.849555499681293,8,TRUE
"FIN_AGO",-0.416104881502087,7,TRUE
"FIN_ARE",-0.712709860408924,9,TRUE
"FIN_ARG",-0.0816227298339302,18,TRUE
"FIN_AUS",-0.0119501969444958,15,TRUE
"FIN_AZE",-0.387551419431785,18,TRUE
"FIN_BDI",-0.348054071703682,12,TRUE
"FIN_BEN",-1.25751430409512,26,TRUE
"FIN_BFA",0.477660175701926,4,TRUE
"FIN_BGD",0.0509869096449377,8,TRUE
"FIN_BHR",-0.109824169603166,22,TRUE
"FIN_BLR",0.0388668330610253,10,TRUE
"FIN_BOL",-0.160326444687838,24,TRUE
"FIN_BRA",-0.0207038664779216,20,TRUE
"FIN_BRN",0.288803056615014,12,TRUE
"FIN_BTN",-1.11785542678035,14,TRUE
"FIN_CAF",-1.36410055325689,5,TRUE
"FIN_CHN",0.112484443926248,23,TRUE
"FIN_COD",-1.21941480054972,23,TRUE
"FIN_COG",-0.307828659025879,9,TRUE
"FIN_COM",-3.53462831142618,7,TRUE
"FIN_CPV",-0.522274222522615,11,TRUE
"FIN_CUB",-0.182629705473776,19,TRUE
"FIN_DJI",-1.67383744502206,5,TRUE
"FIN_ERI",-0.720730982006931,18,TRUE
"FIN_ETH",-0.61080748511794,7,TRUE
"FIN_GAB",-1.18934565092894,7,TRUE
"FIN_GIB",0.317027154654122,5,TRUE
"FIN_GIN",-0.790828143700367,5,TRUE
"FIN_GMB",-0.801404333830299,20,TRUE
"FIN_GNQ",-1.13912198174795,4,TRUE
"FIN_GUM",-0.149529060553179,11,TRUE
"FIN_HKG",-0.43213343171186,6,TRUE
"FIN_HTI",-1.52146771468389,15,TRUE
"FIN_IDN",0.311623748765942,5,TRUE
"FIN_IND",-0.0652712522957271,17,TRUE
"FIN_IRN",-0.346970277470384,9,TRUE
"FIN_IRQ",-1.67743976667947,6,TRUE
"FIN_KAZ",-0.0495147684996496,15,TRUE
"FIN_KEN",-0.386432142682094,11,TRUE
"FIN_KGZ",-0.141536698310753,20,TRUE
"FIN_KHM",-1.02661479124234,18,TRUE
"FIN_KWT",-0.693172298591977,4,TRUE
"FIN_LBR",-1.4898891779642,26,TRUE
"FIN_LBY",-2.39426898823852,4,TRUE
"FIN_MAC",-0.738611767821391,17,TRUE
"FIN_MDV",-0.512205858712895,7,TRUE
"FIN_MHL",-1.87967455413863,9,TRUE
"FIN_MLI",-0.0939049253161752,12,TRUE
"FIN_MMR",-0.392461597412609,5,TRUE
"FIN_MNG",0.333066716012414,4,TRUE
"FIN_MNP",-2.42794929403423,10,TRUE
"FIN_MRT",-0.544395254658327,11,TRUE
"FIN_MWI",-0.0732799868786601,5,TRUE
"FIN_MYS",0.033932993812673,9,TRUE
"FIN_NER",-0.574579071197875,10,TRUE
"FIN_NGA",-0.0151517585589542,11,TRUE
"FIN_NPL",-0.743337046779287,6,TRUE
"FIN_NZL",-0.0772952216030029,18,TRUE
"FIN_OMN",0.00873378434492196,5,TRUE
"FIN_PAK",-0.372051188410476,24,TRUE
"FIN_PHL",-0.0861899903268745,22,TRUE
"FIN_PRK",-2.27123552272643,24,TRUE
"FIN_PRY",0.325539049943606,10,TRUE
"FIN_QAT",-0.302245332740932,24,TRUE
"FIN_RUS",-0.0267034521172004,17,TRUE
"FIN_RWA",0.168006725624324,4,TRUE
"FIN_SAU",-0.28595816764804,8,TRUE
"FIN_SDN",-0.46613874438369,24,TRUE
"FIN_SEN",-0.429353227204547,21,TRUE
"FIN_SLB",-3.69835131572878,7,TRUE
"FIN_SLE",-0.809930169231551,22,TRUE
"FIN_SOM",-1.79085753849,15,TRUE
"FIN_TCD",-2.98170613502431,8,TRUE
"FIN_TGO",-2.80658875092366,25,TRUE
"FIN_THA",-0.0163874986114523,4,TRUE
"FIN_TJK",-0.292121134359824,21,TRUE
"FIN_TKL",-0.489724913018747,6,TRUE
"FIN_TKM",0.279060110838614,10,TRUE
"FIN_TWN",-0.0383152604825909,11,TRUE
"FIN_TZA",-0.218601777994276,25,TRUE
"FIN_UGA",-0.362760666904256,25,TRUE
"FIN_URY",-0.431511745823658,25,TRUE
"FIN_USA",0.294028902705742,6,TRUE
"FIN_UZB",-0.0208666912303012,15,TRUE
"FIN_VAT",-0.395233401151619,6,TRUE
"FIN_VEN",-0.384556204794761,8,TRUE
"FIN_VNM",0.0452011569812883,10,TRUE
"FIN_VUT",-1.52497359646393,6,TRUE
"FIN_YEM",-0.991129859455163,8,TRUE
"FIN_ZMB",-0.173565971359079,23,TRUE
"FJI_ARE",0.526993860006622,4,TRUE
"FJI_ASM",-0.108582678667794,8,TRUE
"FJI_BIH",-0.782114682624502,6,TRUE
"FJI_BRA",-0.34765084801182,12,TRUE
"FJI_BRN",-2.21184280513475,7,TRUE
"FJI_CAN",-0.504153977976544,16,TRUE
"FJI_CHE",-0.190275477684671,14,TRUE
"FJI_CHL",0.787558004862539,4,TRUE
"FJI_CHN",-0.763936545935415,15,TRUE
"FJI_CIV",-3.92562491344077,6,TRUE
"FJI_COL",-1.82300036638202,18,TRUE
"FJI_CRI",-0.422613040290368,4,TRUE
"FJI_DMA",-0.512513993499774,8,TRUE
"FJI_DOM",-1.25669117279208,4,TRUE
"FJI_GTM",-2.14069970895159,6,TRUE
"FJI_HKG",-0.677669139280369,7,TRUE
"FJI_IDN",-0.991068501776379,15,TRUE
"FJI_IND",-0.53666450352697,13,TRUE
"FJI_ISR",-1.49295195030869,4,TRUE
"FJI_JPN",-0.0411764579203664,13,TRUE
"FJI_KOR",-0.300066073832263,10,TRUE
"FJI_KWT",0.190200024434733,5,TRUE
"FJI_LKA",-0.0952012078204504,9,TRUE
"FJI_MAC",-0.409597284660353,7,TRUE
"FJI_MEX",-0.692226955457062,14,TRUE
"FJI_MUS",-2.97852443201065,4,TRUE
"FJI_MYS",-2.24234135101512,17,TRUE
"FJI_NCL",-0.0139443576945946,12,TRUE
"FJI_NFK",0.58420662450196,8,TRUE
"FJI_NOR",-1.46528501250008,10,TRUE
"FJI_PAN",-2.17850930232822,5,TRUE
"FJI_PLW",-0.0398793792121522,4,TRUE
"FJI_PRK",-0.294410116678751,9,TRUE
"FJI_PYF",-0.0867766153322318,6,TRUE
"FJI_RUS",-0.33032415814746,5,TRUE
"FJI_SAU",-0.508126952194149,15,TRUE
"FJI_THA",0.396588926064313,11,TRUE
"FJI_TKL",0.782487310777075,4,TRUE
"FJI_TLS",-0.370959501584684,9,TRUE
"FJI_TUR",0.209087597715764,4,TRUE
"FJI_TWN",0.0544547603568013,8,TRUE
"FJI_UKR",-0.879341398635528,14,TRUE
"FJI_VNM",0.0182524302667565,10,TRUE
"FJI_WLF",0.4931015617776,8,TRUE
"FJI_ZAF",-0.161249775522793,12,TRUE
"FLK_BIH",-0.27287362628825,8,TRUE
"FLK_CAN",-0.377144331100608,4,TRUE
"FLK_ISL",-0.391348505331345,9,TRUE
"FLK_JPN",-0.485269986631782,6,TRUE
"FLK_MEX",-1.66769260645467,4,TRUE
"FLK_MKD",-0.969299498265614,4,TRUE
"FLK_MNE",0.0366518694028925,7,TRUE
"FLK_RUS",-1.02337620200818,4,TRUE
"FLK_SRB",-1.06869375982324,7,TRUE
"FLK_TGO",-2.3453539612701,4,TRUE
"FLK_UKR",-0.457382158972977,6,TRUE
"FLK_ZAF",-0.33193627314451,9,TRUE
"FRA_AFG",0.108430812925088,24,TRUE
"FRA_AGO",-0.0636273807242318,15,TRUE
"FRA_ARE",-0.107757253135047,12,TRUE
"FRA_ARG",-0.221961624713572,8,TRUE
"FRA_ASM",-0.559724326081155,5,TRUE
"FRA_AUS",-0.00680815251572427,18,TRUE
"FRA_AZE",-0.115287031600752,16,TRUE
"FRA_BDI",-0.428546590476783,5,TRUE
"FRA_BEN",0.0709780984231464,24,TRUE
"FRA_BFA",-0.0926797506564067,14,TRUE
"FRA_BGD",-0.0922439081229602,21,TRUE
"FRA_BLR",0.0284941968906764,18,TRUE
"FRA_BOL",-0.012321983607988,13,TRUE
"FRA_BRA",0.0352549315137882,21,TRUE
"FRA_BRN",-0.293171991964293,10,TRUE
"FRA_BTN",-0.500394602297187,15,TRUE
"FRA_CAF",-0.251544513491654,5,TRUE
"FRA_COD",0.115369479436069,17,TRUE
"FRA_COG",0.184496286336477,26,TRUE
"FRA_COK",-0.491853065265118,12,TRUE
"FRA_COM",-0.0895414163199699,14,TRUE
"FRA_CPV",-0.23548603544408,18,TRUE
"FRA_DJI",-0.20183753054149,11,TRUE
"FRA_ERI",-0.569233999327392,8,TRUE
"FRA_ETH",0.0311167204198795,19,TRUE
"FRA_FSM",-2.19915694143701,8,TRUE
"FRA_GAB",-0.217460261228357,6,TRUE
"FRA_GIB",-0.043813846793009,11,TRUE
"FRA_GIN",-0.121918305366885,15,TRUE
"FRA_GMB",-0.531585010403714,5,TRUE
"FRA_GNB",-0.020295395036281,20,TRUE
"FRA_GNQ",-0.0572198325797553,15,TRUE
"FRA_GUM",-0.0757368063197822,12,TRUE
"FRA_HKG",-0.0104982799091911,6,TRUE
"FRA_HTI",-0.0518861415514976,20,TRUE
"FRA_IDN",0.0110537775636044,14,TRUE
"FRA_IND",0.0275648465465705,18,TRUE
"FRA_IRN",-0.10431100402024,20,TRUE
"FRA_IRQ",-0.213636897906833,13,TRUE
"FRA_KAZ",0.0646596556264822,10,TRUE
"FRA_KEN",-0.178004599116107,10,TRUE
"FRA_KGZ",-0.0424604681982434,18,TRUE
"FRA_KHM",-0.342043340998512,6,TRUE
"FRA_KIR",-2.55488907140311,8,TRUE
"FRA_KWT",-0.126424002500944,4,TRUE
"FRA_LAO",-0.463765052347159,12,TRUE
"FRA_LBR",-2.88983474505892,4,TRUE
"FRA_LBY",-0.220753605322021,13,TRUE
"FRA_LKA",-0.183588250244042,5,TRUE
"FRA_MAC",-0.135804483871521,14,TRUE
"FRA_MDV",-0.0676592497125357,16,TRUE
"FRA_MHL",-0.802492598332708,18,TRUE
"FRA_MLI",0.0194095147019419,22,TRUE
"FRA_MMR",0.0232931197854665,6,TRUE
"FRA_MNG",-0.147969145223931,7,TRUE
"FRA_MNP",0.0769107466236573,17,TRUE
"FRA_MRT",-0.0937488083745855,14,TRUE
"FRA_MWI",-0.849857877083853,7,TRUE
"FRA_MYS",-0.0644434561975648,25,TRUE
"FRA_NER",0.264579203662222,5,TRUE
"FRA_NGA",-0.363244003784389,5,TRUE
"FRA_NPL",-0.0193719013492884,7,TRUE
"FRA_NRU",0.0919167578200798,4,TRUE
"FRA_NZL",-0.0136922182502133,10,TRUE
"FRA_OMN",-0.274660939793879,4,TRUE
"FRA_PAK",0.0498805718635502,22,TRUE
"FRA_PHL",-0.0940859342706379,23,TRUE
"FRA_PLW",-1.00524816830798,4,TRUE
"FRA_PRK",-0.525141469937539,19,TRUE
"FRA_PRY",-0.0778057518912718,17,TRUE
"FRA_QAT",-0.169656285522198,14,TRUE
"FRA_RUS",0.129925417153739,7,TRUE
"FRA_RWA",0.0936929034074515,18,TRUE
"FRA_SAU",-0.0400220444863127,18,TRUE
"FRA_SDN",-0.201336002338216,15,TRUE
"FRA_SEN",-0.0257130925041709,17,TRUE
"FRA_SLB",-0.784851487280621,4,TRUE
"FRA_SLE",-0.0363258627166039,16,TRUE
"FRA_SOM",-0.475260443209953,18,TRUE
"FRA_STP",-0.436054245157123,4,TRUE
"FRA_TCD",0.0303565451222198,21,TRUE
"FRA_TGO",-0.249957473853666,9,TRUE
"FRA_THA",-0.0681869909085758,16,TRUE
"FRA_TJK",0.224764539676739,5,TRUE
"FRA_TKL",-0.401436551993994,8,TRUE
"FRA_TKM",-0.171120147584329,5,TRUE
"FRA_TLS",-0.989429232698161,7,TRUE
"FRA_TON",-0.962182532170113,7,TRUE
"FRA_TWN",0.0805160062800186,26,TRUE
"FRA_TZA",0.0547270895280323,21,TRUE
"FRA_UGA",-0.0814922722827256,23,TRUE
"FRA_UMI",-2.15380344738745,12,TRUE
"FRA_URY",-0.0631265871137349,11,TRUE
"FRA_USA",0.057354593025552,11,TRUE
"FRA_UZB",-0.163150776300368,11,TRUE
"FRA_VAT",0.161258591813034,7,TRUE
"FRA_VEN",-0.680081527156878,4,TRUE
"FRA_VNM",-0.127706018980056,11,TRUE
"FRA_VUT",0.102613630520926,7,TRUE
"FRA_WSM",-0.912585120908495,11,TRUE
"FRA_YEM",-0.415535395331154,14,TRUE
"FRA_ZMB",-0.452926771980781,12,TRUE
"FRO_BLR",-0.607513576932853,9,TRUE
"FRO_BRA",-2.13519015276432,7,TRUE
"FRO_CAN",-0.537321205314277,16,TRUE
"FRO_CHN",-0.0778467744870135,12,TRUE
"FRO_COL",-1.94372247464271,13,TRUE
"FRO_GRL",-1.79903808790051,4,TRUE
"FRO_IDN",-2.39454942606213,12,TRUE
"FRO_ISR",-0.337101473134997,6,TRUE
"FRO_JPN",0.119190121591494,8,TRUE
"FRO_MDA",-0.162777091347455,6,TRUE
"FRO_MKD",-0.592323240840849,5,TRUE
"FRO_NCL",-1.25441470003004,4,TRUE
"FRO_NGA",-0.263798833427469,6,TRUE
"FRO_NZL",-2.5130696358958,4,TRUE
"FRO_PHL",-1.1171630095118,6,TRUE
"FRO_RUS",0.225928929929041,8,TRUE
"FRO_SRB",-0.271297459166652,7,TRUE
"FRO_THA",-0.431678333414052,21,TRUE
"FRO_TWN",-0.729359583758901,4,TRUE
"FRO_UKR",-0.0351742521940981,7,TRUE
"FRO_USA",-0.284595040357802,15,TRUE
"FRO_ZAF",-1.95743786368368,11,TRUE
"FSM_BRA",-3.4259729692237,8,TRUE
"FSM_CHN",0.148080295204011,9,TRUE
"FSM_DEU",-0.418029183335131,6,TRUE
"FSM_DOM",-4.23009074499962,9,TRUE
"FSM_FRA",-0.702407191375596,12,TRUE
"FSM_GBR",0.380977002038527,10,TRUE
"FSM_GUM",0.397461703561557,6,TRUE
"FSM_HKG",-0.516631010351897,9,TRUE
"FSM_IDN",0.763989510360086,4,TRUE
"FSM_IRL",-1.4952580128961,8,TRUE
"FSM_JPN",-0.540040613275126,21,TRUE
"FSM_KNA",-0.468958099763172,13,TRUE
"FSM_KOR",-1.09527692290804,19,TRUE
"FSM_MEX",-2.05285823622242,8,TRUE
"FSM_MNP",1.33705804704256,4,TRUE
"FSM_NLD",-1.11064676754028,6,TRUE
"FSM_PLW",-0.477273316822899,4,TRUE
"FSM_THA",0.125524686250381,9,TRUE
"FSM_TWN",-0.185826422280665,6,TRUE
"FSM_USA",-2.22605454697155,8,TRUE
"GAB_AGO",-1.61584030218393,4,TRUE
"GAB_ARE",-0.526423469451914,14,TRUE
"GAB_AUS",0.510252066759243,9,TRUE
"GAB_AUT",-0.196077296384887,20,TRUE
"GAB_BEL",0.454473625672105,9,TRUE
"GAB_BEN",-1.69638524529651,8,TRUE
"GAB_BFA",-1.16534947211079,17,TRUE
"GAB_BGR",-2.58137964121444,11,TRUE
"GAB_BIH",-0.0331299244003556,5,TRUE
"GAB_BRA",-6.36624441821279,16,TRUE
"GAB_CAN",-0.994071543421225,26,TRUE
"GAB_CHE",-2.53698300020821,12,TRUE
"GAB_CHN",-0.130089484066492,17,TRUE
"GAB_CIV",-0.697716473717292,5,TRUE
"GAB_COL",-3.68230917771888,14,TRUE
"GAB_CYP",-0.753526575879696,11,TRUE
"GAB_CZE",-1.62189637310258,11,TRUE
"GAB_DEU",-0.439931720612747,10,TRUE
"GAB_DNK",-0.739416418289963,7,TRUE
"GAB_DOM",-0.766386116083897,6,TRUE
"GAB_DZA",-2.140731786523,19,TRUE
"GAB_EGY",-1.01814849096834,8,TRUE
"GAB_ESP",-0.339000518737507,26,TRUE
"GAB_ETH",-2.48230579605811,7,TRUE
"GAB_FIN",-2.17031161365323,9,TRUE
"GAB_FRA",-0.565030652515858,10,TRUE
"GAB_GBR",-0.936240054625006,9,TRUE
"GAB_GHA",-0.914613036431429,17,TRUE
"GAB_GIN",-1.40623961340638,8,TRUE
"GAB_GMB",-4.70551593963425,11,TRUE
"GAB_GTM",-2.10097668524225,13,TRUE
"GAB_HKG",-1.48976593573805,13,TRUE
"GAB_HRV",-1.65431507662393,9,TRUE
"GAB_HUN",1.0476824583275,5,TRUE
"GAB_IDN",-2.22167786627013,14,TRUE
"GAB_IND",-0.210715900208911,6,TRUE
"GAB_IRL",0.387861947049655,5,TRUE
"GAB_ISL",-8.8199563207108,5,TRUE
"GAB_ISR",-3.08942476888959,14,TRUE
"GAB_ITA",-0.219308435332745,23,TRUE
"GAB_JOR",-0.640332683973847,6,TRUE
"GAB_KOR",-0.309576960118982,25,TRUE
"GAB_KWT",-0.817642951696172,15,TRUE
"GAB_LBN",0.495434210128657,6,TRUE
"GAB_LUX",-1.49155446690776,4,TRUE
"GAB_MAR",-0.443647185078313,4,TRUE
"GAB_MDG",-2.39874698625401,14,TRUE
"GAB_MEX",0.00243623448855348,8,TRUE
"GAB_MLI",-0.388798791430222,12,TRUE
"GAB_MOZ",-1.55286684014456,9,TRUE
"GAB_MRT",-0.49710295529214,16,TRUE
"GAB_MUS",0.0360561430455756,7,TRUE
"GAB_MYS",-1.33750469094598,20,TRUE
"GAB_NAM",-5.97446412000408,4,TRUE
"GAB_NER",-2.99580189033071,5,TRUE
"GAB_NGA",-1.6627989018141,14,TRUE
"GAB_NLD",-0.361936510897176,24,TRUE
"GAB_NOR",0.200497960761055,13,TRUE
"GAB_NZL",-0.618577783624239,15,TRUE
"GAB_PAK",0.249421561483534,6,TRUE
"GAB_PHL",0.644791371296135,4,TRUE
"GAB_POL",0.425534920457326,6,TRUE
"GAB_PRK",-2.19816347308641,5,TRUE
"GAB_PRT",-0.848493135692948,20,TRUE
"GAB_QAT",-0.82064858540326,13,TRUE
"GAB_ROU",-2.84837262598286,11,TRUE
"GAB_RUS",-3.26788217990641,16,TRUE
"GAB_RWA",-1.16540455467236,6,TRUE
"GAB_SAU",-0.359139809644951,6,TRUE
"GAB_SDN",-0.587713849995396,8,TRUE
"GAB_SEN",-1.40814871194395,18,TRUE
"GAB_SGP",-0.786575949111393,21,TRUE
"GAB_STP",0.054231629550859,15,TRUE
"GAB_SVK",-0.790180946031811,7,TRUE
"GAB_SVN",-1.78303586459633,19,TRUE
"GAB_SWE",-3.3658977624148,25,TRUE
"GAB_TGO",-2.45043427259252,15,TRUE
"GAB_THA",-2.42733154439861,11,TRUE
"GAB_TTO",0.177550662599416,9,TRUE
"GAB_TUN",-0.480935960362975,15,TRUE
"GAB_TUR",-1.66217471551414,6,TRUE
"GAB_TWN",-0.81803231211784,16,TRUE
"GAB_UGA",-1.92570027605229,12,TRUE
"GAB_UKR",-4.99261007472913,7,TRUE
"GAB_URY",-3.24346809811728,4,TRUE
"GAB_USA",-0.578566984215447,18,TRUE
"GAB_VEN",-3.22140755448861,4,TRUE
"GAB_VNM",0.641627791779943,4,TRUE
"GAB_ZAF",-1.148740023297,12,TRUE
"GBR_AFG",-0.304390627258775,11,TRUE
"GBR_AGO",0.178071999983227,10,TRUE
"GBR_ARE",-0.0742194362844901,8,TRUE
"GBR_ARG",-0.167995497239971,8,TRUE
"GBR_ASM",-1.44453247167733,4,TRUE
"GBR_AUS",-0.0405725340260319,15,TRUE
"GBR_AZE",-0.263896449934682,7,TRUE
"GBR_BDI",-0.158664092531,4,TRUE
"GBR_BEN",-0.278116990428414,20,TRUE
"GBR_BFA",-0.24340356153189,14,TRUE
"GBR_BGD",-0.233286755122787,11,TRUE
"GBR_BHR",-0.119130732375538,5,TRUE
"GBR_BLR",0.0185200847456658,21,TRUE
"GBR_BOL",-0.0728739535476093,25,TRUE
"GBR_BRA",-0.0667958101428745,13,TRUE
"GBR_BRN",-0.483804602133645,8,TRUE
"GBR_BTN",-0.329566440297339,11,TRUE
"GBR_BVT",-0.0581634039569137,5,TRUE
"GBR_CAF",-0.497924061964145,15,TRUE
"GBR_CCK",-0.618301629488807,10,TRUE
"GBR_CHN",0.0180526728525872,23,TRUE
"GBR_COD",0.043812412557989,8,TRUE
"GBR_COG",-0.130526925611925,12,TRUE
"GBR_COM",-1.85879842198412,17,TRUE
"GBR_CPV",-0.0640220942723714,25,TRUE
"GBR_CXR",-3.89836157111116,7,TRUE
"GBR_DJI",-0.722358891623309,13,TRUE
"GBR_ERI",-0.416113056462935,14,TRUE
"GBR_FSM",-0.215069967743375,9,TRUE
"GBR_GAB",-0.0804336241007323,12,TRUE
"GBR_GIB",0.0293717268384454,20,TRUE
"GBR_GIN",-0.249720379412977,15,TRUE
"GBR_GMB",-0.174338534211487,13,TRUE
"GBR_GNB",-1.14712284839981,6,TRUE
"GBR_GNQ",-0.108378765033173,12,TRUE
"GBR_GUM",-0.33019010163273,4,TRUE
"GBR_HKG",-0.0367636329507399,17,TRUE
"GBR_HTI",-0.242769435914206,8,TRUE
"GBR_IDN",-0.170176599748418,14,TRUE
"GBR_IND",-0.0740600133297046,17,TRUE
"GBR_IRN",-0.516769580078195,7,TRUE
"GBR_IRQ",-0.0103812318209505,21,TRUE
"GBR_KAZ",-0.0553235482040005,13,TRUE
"GBR_KEN",0.128896489256999,26,TRUE
"GBR_KGZ",-0.112860224039771,15,TRUE
"GBR_KHM",-0.387588620980911,16,TRUE
"GBR_KIR",-1.26187688634107,11,TRUE
"GBR_KWT",-0.206325849418518,5,TRUE
"GBR_LAO",0.197418225840687,6,TRUE
"GBR_LBR",0.0825231659955225,23,TRUE
"GBR_LBY",-0.571372193290926,6,TRUE
"GBR_LKA",-0.29799088521731,4,TRUE
"GBR_MAC",-0.154057615368411,11,TRUE
"GBR_MDV",-0.354778615589697,4,TRUE
"GBR_MHL",-1.60862311891832,14,TRUE
"GBR_MLI",0.0019261933387976,24,TRUE
"GBR_MMR",-0.0796385964847497,9,TRUE
"GBR_MNG",-0.167958729902197,18,TRUE
"GBR_MNP",-0.705244594994244,18,TRUE
"GBR_MRT",-0.545361963761412,6,TRUE
"GBR_MWI",-0.092981015568701,21,TRUE
"GBR_NER",-0.473406253079856,21,TRUE
"GBR_NFK",-0.34802891577617,10,TRUE
"GBR_NGA",-0.158250685496129,16,TRUE
"GBR_NIU",-1.03115895528653,16,TRUE
"GBR_NPL",-0.0701014869778009,12,TRUE
"GBR_NRU",-1.39172490954008,8,TRUE
"GBR_NZL",-0.0420969593491489,8,TRUE
"GBR_OMN",-0.217543045457033,17,TRUE
"GBR_PAK",0.074008932836723,23,TRUE
"GBR_PLW",-0.190868893491931,16,TRUE
"GBR_PRK",-3.33577367925847,10,TRUE
"GBR_PRY",-0.502854965955397,11,TRUE
"GBR_QAT",0.117111109505722,24,TRUE
"GBR_RUS",-0.0131603513366864,11,TRUE
"GBR_RWA",0.0762423318149136,17,TRUE
"GBR_SAU",0.0341467864560538,6,TRUE
"GBR_SDN",-0.424556993496488,12,TRUE
"GBR_SEN",-0.191936574216239,24,TRUE
"GBR_SLB",-0.554863929241511,11,TRUE
"GBR_SLE",-0.26139764970666,16,TRUE
"GBR_SOM",-0.468310570166495,12,TRUE
"GBR_STP",-1.64517574242607,9,TRUE
"GBR_TCD",-0.162023893470774,21,TRUE
"GBR_TGO",-0.894153767798301,13,TRUE
"GBR_THA",0.0620796747848469,8,TRUE
"GBR_TJK",-0.465774185195239,20,TRUE
"GBR_TKL",0.191125665811789,4,TRUE
"GBR_TKM",-0.228856255192307,5,TRUE
"GBR_TLS",-0.595872313999224,8,TRUE
"GBR_TON",-1.11542579033073,7,TRUE
"GBR_TUV",-1.69512175079133,10,TRUE
"GBR_TWN",0.160399046731881,6,TRUE
"GBR_TZA",-0.0664791020848707,21,TRUE
"GBR_UGA",0.0794202323624788,23,TRUE
"GBR_URY",-0.0562036181439475,17,TRUE
"GBR_USA",0.0578333155067905,8,TRUE
"GBR_UZB",-0.256219833474125,10,TRUE
"GBR_VAT",-0.796285606810252,14,TRUE
"GBR_VEN",-0.249725332859604,6,TRUE
"GBR_VNM",0.0376015199228116,8,TRUE
"GBR_VUT",-0.119589355191663,11,TRUE
"GBR_WSM",-0.905215814691503,14,TRUE
"GBR_YEM",-0.916930188779165,6,TRUE
"GBR_ZMB",-0.398215265844803,7,TRUE
"GEO_AFG",-2.20744387522304,4,TRUE
"GEO_AGO",0.677351952909077,5,TRUE
"GEO_ARE",0.0287024192250991,9,TRUE
"GEO_ARG",-2.05882657960086,5,TRUE
"GEO_AUS",-0.0135099868892208,9,TRUE
"GEO_BGD",-1.99645912905791,10,TRUE
"GEO_BIH",-0.0362425101435572,4,TRUE
"GEO_BLR",0.214043626723136,6,TRUE
"GEO_BMU",-0.116118179326997,4,TRUE
"GEO_BOL",-1.99878678908297,12,TRUE
"GEO_BRA",-1.15648083369133,8,TRUE
"GEO_BRB",-0.565754117183013,16,TRUE
"GEO_CAN",-1.12631027216997,4,TRUE
"GEO_CHL",0.861631201832186,7,TRUE
"GEO_CIV",-0.553897322631999,6,TRUE
"GEO_CMR",-2.25070460343407,5,TRUE
"GEO_COL",-0.0497225749493964,11,TRUE
"GEO_DOM",-0.421728419387425,11,TRUE
"GEO_DZA",-2.51245459676931,4,TRUE
"GEO_ECU",-0.356995867388147,8,TRUE
"GEO_EGY",-0.603111762910989,10,TRUE
"GEO_ETH",-1.80445020906096,4,TRUE
"GEO_FJI",0.679563935081889,5,TRUE
"GEO_GHA",-0.199441839435852,4,TRUE
"GEO_GTM",-1.61459618802557,12,TRUE
"GEO_HND",-1.93070885090006,9,TRUE
"GEO_IDN",-0.408251552931895,8,TRUE
"GEO_IND",-0.0903625254171299,9,TRUE
"GEO_IRN",-0.131222204769869,12,TRUE
"GEO_IRQ",0.189045675176404,7,TRUE
"GEO_ISR",-0.281454063216417,14,TRUE
"GEO_JOR",-0.930902300716199,10,TRUE
"GEO_JPN",-0.133432209973038,18,TRUE
"GEO_KGZ",0.254826317031482,5,TRUE
"GEO_KOR",-0.186845096037526,13,TRUE
"GEO_KWT",0.0945476266180071,4,TRUE
"GEO_LBN",-1.51396524253284,5,TRUE
"GEO_LBY",-0.300346420568373,5,TRUE
"GEO_LKA",-0.672310528532328,9,TRUE
"GEO_MAR",-1.17848845063691,9,TRUE
"GEO_MDG",-1.16728147468139,4,TRUE
"GEO_MEX",-0.906532447389172,9,TRUE
"GEO_MKD",-2.42953053201432,4,TRUE
"GEO_MNE",-0.195328061553705,7,TRUE
"GEO_MOZ",-1.57560177561883,11,TRUE
"GEO_MUS",-0.305937659085018,5,TRUE
"GEO_MWI",-1.93966796302368,13,TRUE
"GEO_MYS",-0.852322054813124,17,TRUE
"GEO_NCL",-0.432523114494938,4,TRUE
"GEO_NER",-3.54827537443425,7,TRUE
"GEO_NIC",-0.778557000419552,5,TRUE
"GEO_NPL",-2.63203680106498,4,TRUE
"GEO_NZL",0.142595810951792,4,TRUE
"GEO_PAK",-0.414746550621543,8,TRUE
"GEO_PAN",0.164965099437042,10,TRUE
"GEO_PER",-0.321558099454262,10,TRUE
"GEO_PHL",0.753996793720851,5,TRUE
"GEO_PRY",-0.967458570836872,6,TRUE
"GEO_PSE",0.015794874046459,4,TRUE
"GEO_PYF",-0.951758869699495,5,TRUE
"GEO_QAT",-0.868554690793227,8,TRUE
"GEO_RWA",-1.09456242265672,9,TRUE
"GEO_SAU",-1.43576212789869,14,TRUE
"GEO_SDN",-1.63149312191399,6,TRUE
"GEO_SYR",-3.78921751034462,9,TRUE
"GEO_THA",-0.815798574270294,6,TRUE
"GEO_TJK",0.310871764996244,7,TRUE
"GEO_TTO",-0.615895612010667,6,TRUE
"GEO_TWN",-0.158628720246249,7,TRUE
"GEO_TZA",-0.775727672301749,14,TRUE
"GEO_UGA",-0.532196961387222,10,TRUE
"GEO_URY",-0.449970302977708,5,TRUE
"GEO_USA",-0.110506942589893,19,TRUE
"GEO_UZB",0.189504024477231,8,TRUE
"GEO_VCT",-0.829374808578524,5,TRUE
"GEO_VNM",-0.701535874404627,6,TRUE
"GEO_ZAF",-0.378295707396358,8,TRUE
"GEO_ZWE",-0.0620077895219364,5,TRUE
"GHA_ARE",0.125029448328293,9,TRUE
"GHA_ARM",-0.903780694656595,4,TRUE
"GHA_ATG",-4.5109296239448,8,TRUE
"GHA_AUS",-0.454710707627292,7,TRUE
"GHA_BIH",-0.276258216903363,10,TRUE
"GHA_BLR",-0.488412356078236,5,TRUE
"GHA_BRB",-0.626108282235323,13,TRUE
"GHA_BRN",-1.83742906940351,6,TRUE
"GHA_BWA",-1.63667461414528,15,TRUE
"GHA_CAF",-1.62591460127079,6,TRUE
"GHA_CAN",-0.439457643098565,7,TRUE
"GHA_CHE",-0.371109183657787,16,TRUE
"GHA_CHN",-0.463540286606704,18,TRUE
"GHA_COD",-0.125126390986728,5,TRUE
"GHA_COG",-1.29475805653059,9,TRUE
"GHA_DOM",-1.65987099568703,8,TRUE
"GHA_ETH",-0.264763665902135,13,TRUE
"GHA_FJI",-4.64698543103422,5,TRUE
"GHA_FRO",-0.866471072630903,6,TRUE
"GHA_GAB",-0.12558331987798,11,TRUE
"GHA_GNQ",-1.25087180684054,8,TRUE
"GHA_HKG",-0.529965781838522,13,TRUE
"GHA_ISL",-0.635914058834248,7,TRUE
"GHA_ISR",-0.549725102322659,9,TRUE
"GHA_JAM",-2.2726441164085,14,TRUE
"GHA_JPN",-0.272433295547764,8,TRUE
"GHA_KAZ",-0.494717539367373,11,TRUE
"GHA_KEN",-0.589699395422058,9,TRUE
"GHA_KWT",-0.109395379826994,6,TRUE
"GHA_LBN",-0.390870752869932,17,TRUE
"GHA_MDA",-0.171754414935996,4,TRUE
"GHA_MDG",-2.67306192109039,6,TRUE
"GHA_MKD",-0.0794139498428157,15,TRUE
"GHA_MNE",-2.16894136750975,6,TRUE
"GHA_MUS",-0.739918326155094,5,TRUE
"GHA_MWI",-0.826096209032818,7,TRUE
"GHA_NAM",-2.26048054940792,13,TRUE
"GHA_NOR",-1.45872660646596,6,TRUE
"GHA_NZL",-0.201440059104008,26,TRUE
"GHA_PSE",-0.000924659656355775,5,TRUE
"GHA_PYF",-0.814355383103283,12,TRUE
"GHA_RUS",0.106832344225321,16,TRUE
"GHA_RWA",-1.20800762621621,8,TRUE
"GHA_SAU",0.147470802253261,21,TRUE
"GHA_SWZ",-1.83253069325332,9,TRUE
"GHA_SYR",-1.99865901049417,8,TRUE
"GHA_TCD",-1.70935864452946,8,TRUE
"GHA_TUR",-0.622631175047796,4,TRUE
"GHA_TWN",-1.26327205544279,8,TRUE
"GHA_UGA",-0.655438439776081,9,TRUE
"GHA_UKR",0.13685095499658,18,TRUE
"GHA_URY",0.280288329634685,5,TRUE
"GHA_USA",-0.138292021982888,15,TRUE
"GHA_ZAF",-1.79774540894105,4,TRUE
"GHA_ZMB",-0.393100059879113,5,TRUE
"GIB_AUT",-0.46062948105257,11,TRUE
"GIB_AZE",-3.90701988280754,5,TRUE
"GIB_BEL",0.769566863200557,5,TRUE
"GIB_BGR",-2.02995735668704,13,TRUE
"GIB_BRA",-6.73497536365894,5,TRUE
"GIB_CAN",-1.79585612845553,16,TRUE
"GIB_CHE",-1.68371592286179,21,TRUE
"GIB_CHN",-4.39417569923832,5,TRUE
"GIB_CRI",-1.83528750951629,4,TRUE
"GIB_CZE",-2.14655822366616,13,TRUE
"GIB_DNK",-3.98173490578477,19,TRUE
"GIB_DOM",-1.4435247224524,9,TRUE
"GIB_EGY",-3.11693033010639,12,TRUE
"GIB_ESP",-0.407361716726834,7,TRUE
"GIB_EST",-2.84843685794354,13,TRUE
"GIB_GBR",-0.470807717787823,21,TRUE
"GIB_GEO",-1.73425046905227,6,TRUE
"GIB_GRC",-1.58424628672941,10,TRUE
"GIB_HKG",-0.519562760548706,16,TRUE
"GIB_HRV",-1.27568009163144,4,TRUE
"GIB_IRL",-0.985022863900403,4,TRUE
"GIB_ISR",-1.77955704957505,16,TRUE
"GIB_ITA",-0.563872151796913,15,TRUE
"GIB_JPN",-4.85686442331059,17,TRUE
"GIB_KAZ",-2.32009632048876,11,TRUE
"GIB_KOR",-4.78059710333098,4,TRUE
"GIB_LKA",-3.26326056965977,5,TRUE
"GIB_LUX",-4.15506794834491,4,TRUE
"GIB_LVA",-2.73464641893301,13,TRUE
"GIB_MAR",-3.11002289850503,4,TRUE
"GIB_MEX",-0.975794347061408,4,TRUE
"GIB_MLT",-0.633762195161091,5,TRUE
"GIB_MOZ",0.106115695873691,7,TRUE
"GIB_NLD",-0.775873666252096,8,TRUE
"GIB_NOR",-2.88416442288436,16,TRUE
"GIB_NZL",-3.98914536257784,13,TRUE
"GIB_PAK",-0.952183121756378,9,TRUE
"GIB_PRT",-1.42859152090407,18,TRUE
"GIB_RUS",-0.764797774230279,12,TRUE
"GIB_SDN",-2.60079917365323,4,TRUE
"GIB_SVK",-1.96803881932821,12,TRUE
"GIB_SVN",-2.36119647786972,7,TRUE
"GIB_SWE",-2.04926129921943,20,TRUE
"GIB_THA",-2.9818836064243,6,TRUE
"GIB_TUR",-2.5654332043596,11,TRUE
"GIB_USA",-1.60634999174445,15,TRUE
"GIB_ZAF",-2.80112638321433,8,TRUE
"GIN_AGO",-1.94489104121545,6,TRUE
"GIN_AUS",-1.85740268182527,17,TRUE
"GIN_AUT",-1.62443511120588,20,TRUE
"GIN_BEL",-0.33268121824799,10,TRUE
"GIN_BIH",-4.66746227432128,8,TRUE
"GIN_CHE",-0.886392167765484,4,TRUE
"GIN_CHN",-2.18485239728934,21,TRUE
"GIN_COG",-1.71177792652939,9,TRUE
"GIN_CZE",-2.85206375936983,5,TRUE
"GIN_DEU",0.214347426052419,12,TRUE
"GIN_DNK",-3.22017665718338,14,TRUE
"GIN_ESP",0.113635766367352,14,TRUE
"GIN_ETH",-2.32062865821703,8,TRUE
"GIN_FIN",-5.18542704634932,22,TRUE
"GIN_FRA",0.0351098978611458,17,TRUE
"GIN_GAB",-1.54370800514464,7,TRUE
"GIN_GBR",-3.37597092030282,5,TRUE
"GIN_HKG",-0.300332694834662,11,TRUE
"GIN_HRV",-1.38591395840328,15,TRUE
"GIN_HUN",-4.25884347378671,15,TRUE
"GIN_IRL",-0.0308237888849122,13,TRUE
"GIN_ISR",-3.72795397450453,4,TRUE
"GIN_ITA",-0.449603144041296,20,TRUE
"GIN_JPN",-1.09953327446283,24,TRUE
"GIN_LUX",-1.99891642917391,4,TRUE
"GIN_MDG",-2.86362529337169,4,TRUE
"GIN_MUS",-1.70427876093475,14,TRUE
"GIN_NLD",-0.38595396936874,22,TRUE
"GIN_NOR",-4.52782086569866,19,TRUE
"GIN_NZL",0.133810221605974,7,TRUE
"GIN_POL",0.182341769147281,16,TRUE
"GIN_PRT",-1.45808782587837,8,TRUE
"GIN_RUS",-2.6928673699502,4,TRUE
"GIN_SRB",-1.71661415529341,5,TRUE
"GIN_SVK",-3.10529789361027,4,TRUE
"GIN_SVN",-5.64202532282904,14,TRUE
"GIN_SWE",-1.56273621106326,13,TRUE
"GIN_TUR",-0.107508679798796,5,TRUE
"GIN_TWN",-1.08200128091529,14,TRUE
"GIN_UKR",0.033555563569577,14,TRUE
"GIN_ZAF",-1.14260147056434,15,TRUE
"GMB_AUS",-1.03829080713847,7,TRUE
"GMB_AUT",-1.07119497214099,13,TRUE
"GMB_BEL",-1.39912837638525,12,TRUE
"GMB_BGD",-3.89911977244129,4,TRUE
"GMB_BGR",-2.95414793824476,7,TRUE
"GMB_BRA",-3.28798666004764,5,TRUE
"GMB_CAN",0.524517598753452,4,TRUE
"GMB_CHE",-3.40573697774511,19,TRUE
"GMB_CHN",0.176102008458573,8,TRUE
"GMB_CMR",-0.990072141842092,6,TRUE
"GMB_CRI",-0.989222185950328,6,TRUE
"GMB_CZE",-0.127455143236159,8,TRUE
"GMB_DEU",-0.69328950747547,10,TRUE
"GMB_DNK",-4.03329010710605,9,TRUE
"GMB_DOM",-0.719166868805107,4,TRUE
"GMB_EGY",-1.0461087041953,4,TRUE
"GMB_ESP",-0.0593515797649647,14,TRUE
"GMB_ETH",-1.63912402011135,11,TRUE
"GMB_FIN",0.0361414267052704,12,TRUE
"GMB_FRA",-0.500871338090505,23,TRUE
"GMB_GBR",0.00433611120040075,14,TRUE
"GMB_GUY",-1.27504208075752,10,TRUE
"GMB_HKG",-2.39039351044028,9,TRUE
"GMB_HRV",-1.53200991039981,12,TRUE
"GMB_IDN",-2.27229638027062,14,TRUE
"GMB_IND",0.21217407918406,14,TRUE
"GMB_IRL",-1.00721921118518,19,TRUE
"GMB_ITA",-1.30440069795331,25,TRUE
"GMB_JPN",-3.53977026446059,21,TRUE
"GMB_KOR",-0.154971005770727,7,TRUE
"GMB_LBN",-1.59031627902176,10,TRUE
"GMB_MEX",-0.69029146001145,18,TRUE
"GMB_MUS",-1.13732900181094,5,TRUE
"GMB_MYS",-2.29945115023111,11,TRUE
"GMB_NLD",0.347018938437205,18,TRUE
"GMB_NOR",-1.4810920882187,6,TRUE
"GMB_PAK",-0.257170991732789,10,TRUE
"GMB_PER",-2.30771113054284,5,TRUE
"GMB_PRT",-0.59280151502209,14,TRUE
"GMB_ROU",-1.04128707527603,8,TRUE
"GMB_RUS",-2.50767198890723,11,TRUE
"GMB_SGP",-0.757200232939353,6,TRUE
"GMB_SVN",-3.0743036419333,15,TRUE
"GMB_SWE",-0.527621818798612,10,TRUE
"GMB_THA",-0.0734626165314556,20,TRUE
"GMB_TUN",-0.864495248473955,6,TRUE
"GMB_TZA",-1.83273072110816,14,TRUE
"GMB_USA",-0.972001342381261,10,TRUE
"GMB_VNM",-1.25912528791164,4,TRUE
"GMB_ZAF",-0.231662659741824,4,TRUE
"GNB_CAN",0.357586705829784,4,TRUE
"GNB_CHN",-0.627508352217584,8,TRUE
"GNB_DEU",-1.30095410960095,9,TRUE
"GNB_ESP",-3.03283305723524,12,TRUE
"GNB_FRA",-0.831192824563228,7,TRUE
"GNB_IND",0.0254139537568919,6,TRUE
"GNB_ITA",-1.88256819040624,19,TRUE
"GNB_JPN",-1.03514579088861,15,TRUE
"GNB_MEX",-0.722707671264418,4,TRUE
"GNB_NLD",-0.498198159192263,4,TRUE
"GNB_PAK",-2.94661632135292,7,TRUE
"GNB_PRT",-1.57072070235322,13,TRUE
"GNB_RUS",-2.65462797093388,10,TRUE
"GNB_THA",-5.407548755805,16,TRUE
"GNB_USA",-2.65213925380136,12,TRUE
"GNQ_AGO",-0.964530368524545,5,TRUE
"GNQ_AUS",1.19920741329076,5,TRUE
"GNQ_AUT",-1.94583231878291,4,TRUE
"GNQ_BEL",-2.87346531769342,6,TRUE
"GNQ_BEN",-1.00993982349469,7,TRUE
"GNQ_BFA",-1.27056713364561,7,TRUE
"GNQ_BRA",-0.921065106353679,5,TRUE
"GNQ_CAN",-3.65338774274506,13,TRUE
"GNQ_CHE",-2.74078070362429,7,TRUE
"GNQ_CHN",-0.063752062473292,15,TRUE
"GNQ_CIV",-0.147507835297723,7,TRUE
"GNQ_CZE",-0.344358476454554,5,TRUE
"GNQ_DEU",0.623036870018978,7,TRUE
"GNQ_DZA",-0.075728790287371,6,TRUE
"GNQ_ESP",0.171023858165907,24,TRUE
"GNQ_FRA",-0.749588041220242,11,TRUE
"GNQ_GBR",-1.33395826173805,13,TRUE
"GNQ_GHA",-0.802546324852126,5,TRUE
"GNQ_IND",0.617584473189139,8,TRUE
"GNQ_IRL",-1.17645569684629,4,TRUE
"GNQ_ITA",-0.056123399686707,5,TRUE
"GNQ_KOR",0.41939484832148,4,TRUE
"GNQ_MAR",-2.51562503410255,10,TRUE
"GNQ_NLD",-0.913886034751144,19,TRUE
"GNQ_NOR",-2.32906864323438,15,TRUE
"GNQ_PRT",-0.776842400590534,25,TRUE
"GNQ_SEN",-1.02217978960155,7,TRUE
"GNQ_SVN",-4.88761272179007,12,TRUE
"GNQ_TUR",-2.8969184691499,7,TRUE
"GNQ_TWN",-3.47774363651242,8,TRUE
"GNQ_USA",-0.925464656616276,8,TRUE
"GNQ_ZAF",0.2388080643582,4,TRUE
"GRC_AFG",-0.797047117779982,14,TRUE
"GRC_AGO",-0.888510067857791,9,TRUE
"GRC_ARE",-0.154875722099689,9,TRUE
"GRC_ARG",-0.509904923341594,19,TRUE
"GRC_AUS",-0.0232693693221981,15,TRUE
"GRC_AZE",-0.319751547512783,15,TRUE
"GRC_BDI",-0.610004959435301,7,TRUE
"GRC_BEN",-0.487087961973314,15,TRUE
"GRC_BFA",-0.972200045188264,19,TRUE
"GRC_BGD",0.306846280023704,7,TRUE
"GRC_BHR",-0.010340066961227,10,TRUE
"GRC_BLR",-0.122051074354194,18,TRUE
"GRC_BOL",-0.0942653285553213,9,TRUE
"GRC_BRA",0.973836705462058,4,TRUE
"GRC_BRN",-0.0523921438411447,14,TRUE
"GRC_CAF",-0.636365452449144,20,TRUE
"GRC_CHN",-0.0553668499450269,13,TRUE
"GRC_COD",-0.573475811068325,11,TRUE
"GRC_COG",-0.100508967077673,26,TRUE
"GRC_COM",-0.09124513385014,9,TRUE
"GRC_CPV",0.887913685248674,4,TRUE
"GRC_CUB",-0.288786998641455,12,TRUE
"GRC_DJI",-0.65781248258667,19,TRUE
"GRC_ERI",-0.915629789634042,16,TRUE
"GRC_ETH",-0.387342408348816,10,TRUE
"GRC_GAB",-0.955103779053914,19,TRUE
"GRC_GIB",-0.139157948852449,15,TRUE
"GRC_GIN",-0.617531757990731,13,TRUE
"GRC_GMB",-2.16557776130177,12,TRUE
"GRC_GUM",-3.52757814536074,6,TRUE
"GRC_HKG",-0.235901768806943,17,TRUE
"GRC_HTI",-1.34196589183179,22,TRUE
"GRC_IDN",-0.432251401656874,18,TRUE
"GRC_IND",0.525259958527302,4,TRUE
"GRC_IRN",0.0975896478437134,24,TRUE
"GRC_IRQ",0.0081277955941394,8,TRUE
"GRC_KEN",-0.228563048408639,16,TRUE
"GRC_KGZ",0.0988791550685093,8,TRUE
"GRC_KHM",-1.06958457738237,9,TRUE
"GRC_KWT",-0.346234573818954,15,TRUE
"GRC_LAO",-1.60057867236561,15,TRUE
"GRC_LBR",-0.587603073377635,15,TRUE
"GRC_LBY",-0.231022194849394,15,TRUE
"GRC_LKA",-0.0386730726947189,4,TRUE
"GRC_MAC",-0.0372132133987005,22,TRUE
"GRC_MDV",-0.201598116246735,14,TRUE
"GRC_MHL",-0.178232111469699,14,TRUE
"GRC_MLI",-0.635758510258141,14,TRUE
"GRC_MMR",-1.73475201792149,17,TRUE
"GRC_MNG",0.327654112483062,7,TRUE
"GRC_MRT",-0.221788631491558,4,TRUE
"GRC_MWI",-1.04225981693353,16,TRUE
"GRC_MYS",-0.344746100238633,21,TRUE
"GRC_NER",-0.574635287639275,6,TRUE
"GRC_NGA",-0.185207211205096,20,TRUE
"GRC_NPL",-1.2179292071849,15,TRUE
"GRC_NZL",0.436834357872876,4,TRUE
"GRC_OMN",-0.344774780482535,17,TRUE
"GRC_PAK",-0.0670270180755118,20,TRUE
"GRC_PHL",-0.171415845394005,15,TRUE
"GRC_PRK",-0.985583332073784,22,TRUE
"GRC_PRY",-0.302167182244157,22,TRUE
"GRC_QAT",0.372370628284926,6,TRUE
"GRC_RUS",0.122011886676668,10,TRUE
"GRC_RWA",-0.672912367219674,15,TRUE
"GRC_SAU",-0.512641727390579,19,TRUE
"GRC_SDN",-0.573932465428567,8,TRUE
"GRC_SEN",-0.19849178375712,17,TRUE
"GRC_SLE",0.0573013971060295,7,TRUE
"GRC_SOM",-0.773350054207604,4,TRUE
"GRC_TCD",-1.30994170469856,17,TRUE
"GRC_TGO",-0.20477912058274,9,TRUE
"GRC_THA",-0.0646098555333571,14,TRUE
"GRC_TJK",-1.23051572017186,12,TRUE
"GRC_TKM",0.609201785118092,5,TRUE
"GRC_TWN",-0.414429918057504,22,TRUE
"GRC_TZA",-0.494208182020529,15,TRUE
"GRC_UGA",-0.541202099278687,10,TRUE
"GRC_URY",-0.0304581307854654,13,TRUE
"GRC_USA",-0.360053509883701,10,TRUE
"GRC_UZB",-0.590001386063112,17,TRUE
"GRC_VEN",2.09051350069449,4,TRUE
"GRC_VUT",-1.16424339787168,20,TRUE
"GRC_ZMB",-0.673316447600129,7,TRUE
"GRD_ANT",0.0900487069268638,8,TRUE
"GRD_ARG",-0.485944379532459,18,TRUE
"GRD_AUS",0.579733286576549,5,TRUE
"GRD_BGD",-1.82241430904939,9,TRUE
"GRD_BRA",-1.80547810390459,15,TRUE
"GRD_CAN",0.299295614071706,15,TRUE
"GRD_CHE",-0.842978163442423,26,TRUE
"GRD_CHN",-0.92849881060874,4,TRUE
"GRD_COL",-2.58133876139949,15,TRUE
"GRD_CRI",-5.95435588545291,5,TRUE
"GRD_DOM",-1.15556711256923,19,TRUE
"GRD_DZA",-2.17130693605513,4,TRUE
"GRD_EGY",-5.01652297639516,4,TRUE
"GRD_ETH",-2.23382478908852,13,TRUE
"GRD_IDN",-1.5651417782847,16,TRUE
"GRD_IND",-0.813759484126807,6,TRUE
"GRD_JPN",-1.9067333680731,7,TRUE
"GRD_KOR",-0.967552578087138,8,TRUE
"GRD_MEX",-1.10229264283533,9,TRUE
"GRD_MYS",-1.82036261542134,9,TRUE
"GRD_NOR",0.23451282957576,18,TRUE
"GRD_PAK",-0.922455327234863,7,TRUE
"GRD_RUS",-1.55052538191258,14,TRUE
"GRD_SRB",-1.81032660057126,8,TRUE
"GRD_THA",-0.907255181497824,15,TRUE
"GRD_TWN",-0.0910592763453187,9,TRUE
"GRD_UKR",-1.96320426305026,14,TRUE
"GRD_URY",-1.65803407126921,12,TRUE
"GRD_USA",0.350317791493049,7,TRUE
"GRD_VEN",-3.6594128426527,4,TRUE
"GRD_VGB",1.44767991033507,4,TRUE
"GRD_ZAF",-1.59393416207566,14,TRUE
"GRL_CHE",-2.79539045974418,17,TRUE
"GRL_CHN",0.0149584048753084,15,TRUE
"GRL_COL",-2.83655007064346,6,TRUE
"GRL_DOM",-3.20444625507592,5,TRUE
"GRL_FRO",0.358555566995494,7,TRUE
"GRL_IND",-1.32247705687866,4,TRUE
"GRL_ISL",-0.057862384920567,21,TRUE
"GRL_JPN",-0.138466578448205,12,TRUE
"GRL_KOR",-0.302453579561771,9,TRUE
"GRL_NOR",-0.150077246427511,21,TRUE
"GRL_PYF",-3.19293027780027,5,TRUE
"GRL_RUS",-0.96250806057003,15,TRUE
"GRL_THA",-0.305223684369585,16,TRUE
"GRL_TUR",-1.94014418972279,11,TRUE
"GRL_TWN",0.0431152320022044,17,TRUE
"GRL_UKR",0.570617315203168,4,TRUE
"GRL_USA",-0.585674209001908,10,TRUE
"GRL_ZAF",-5.51722908431617,7,TRUE
"GTM_ABW",-0.774193631163803,6,TRUE
"GTM_AFG",-0.882668033284171,10,TRUE
"GTM_AGO",-2.70936258208051,5,TRUE
"GTM_ALB",-1.33317702102201,9,TRUE
"GTM_AND",-0.355445992027127,6,TRUE
"GTM_ARE",0.0466594617640911,7,TRUE
"GTM_ARG",-0.171727508291777,10,TRUE
"GTM_ARM",-1.23008723682709,7,TRUE
"GTM_ATG",0.772882180943789,4,TRUE
"GTM_AUS",-0.150391906860406,19,TRUE
"GTM_BGD",-0.626460435812575,11,TRUE
"GTM_BHR",-0.286101988954395,24,TRUE
"GTM_BHS",-0.214066423090269,21,TRUE
"GTM_BIH",-0.280885171588189,11,TRUE
"GTM_BLR",-1.03202814474381,12,TRUE
"GTM_BLZ",-0.0526169026635033,24,TRUE
"GTM_BMU",-1.75411978965622,11,TRUE
"GTM_BRB",-0.369891995408431,13,TRUE
"GTM_CAN",0.108877532399275,10,TRUE
"GTM_CHE",-0.295922628668405,11,TRUE
"GTM_CHN",-0.894825429323591,23,TRUE
"GTM_CIV",-1.5364864189709,14,TRUE
"GTM_CMR",-1.83833088468066,15,TRUE
"GTM_CUB",-0.00162981134656737,8,TRUE
"GTM_CYM",-0.673737619513228,12,TRUE
"GTM_DMA",-0.200039748591167,16,TRUE
"GTM_DZA",-3.70100204235745,6,TRUE
"GTM_ECU",-0.156230200627126,24,TRUE
"GTM_EGY",-0.568939521970395,23,TRUE
"GTM_ETH",-0.839439976780472,11,TRUE
"GTM_FJI",-1.37018305526067,10,TRUE
"GTM_GHA",-1.78790765504989,17,TRUE
"GTM_GRD",-0.0272705710464493,8,TRUE
"GTM_GUY",-0.00677972946559415,10,TRUE
"GTM_HKG",0.0332671960512431,16,TRUE
"GTM_HTI",-0.0380231153611382,14,TRUE
"GTM_IDN",-0.942237965336392,18,TRUE
"GTM_IND",-0.116083635203879,8,TRUE
"GTM_ISL",-0.140368579465818,16,TRUE
"GTM_ISR",-0.201318203177217,17,TRUE
"GTM_JAM",-0.0056187874487826,6,TRUE
"GTM_JOR",-0.226989962119567,20,TRUE
"GTM_JPN",0.0710699431822777,10,TRUE
"GTM_KAZ",-2.8649902774867,11,TRUE
"GTM_KEN",-0.577314266148786,9,TRUE
"GTM_KNA",0.490266811557719,4,TRUE
"GTM_KOR",-0.0203454214153491,17,TRUE
"GTM_KWT",0.000226668234877314,10,TRUE
"GTM_LBN",-0.107709871057836,10,TRUE
"GTM_LCA",-0.167686022408242,22,TRUE
"GTM_LKA",-2.045327312968,5,TRUE
"GTM_MAR",-1.34156887550407,7,TRUE
"GTM_MDA",-0.676551087175307,11,TRUE
"GTM_MKD",-0.418549993584135,8,TRUE
"GTM_MNE",-0.990834837778852,6,TRUE
"GTM_MOZ",-1.95409093904491,5,TRUE
"GTM_MSR",0.452143749428397,10,TRUE
"GTM_MUS",-0.250124101827972,17,TRUE
"GTM_MYS",-0.548542233776928,10,TRUE
"GTM_NCL",-0.63900651403075,8,TRUE
"GTM_NER",-0.217833781642931,5,TRUE
"GTM_NGA",-2.27467849276921,16,TRUE
"GTM_NOR",-0.112014617208063,12,TRUE
"GTM_NPL",-0.340404266888399,5,TRUE
"GTM_NZL",-0.247489146411071,13,TRUE
"GTM_OMN",-0.824032981678026,11,TRUE
"GTM_PAK",-0.279991366735578,25,TRUE
"GTM_PER",-0.192430607975474,11,TRUE
"GTM_PHL",-1.09127488828594,18,TRUE
"GTM_PRK",-2.89147777746177,6,TRUE
"GTM_PRY",-0.478058711240759,15,TRUE
"GTM_PYF",-0.439740287854913,4,TRUE
"GTM_RUS",-0.678167287799105,9,TRUE
"GTM_SAU",-0.0872036547166968,4,TRUE
"GTM_SGP",0.0249362615423545,26,TRUE
"GTM_SRB",-0.0547998227410884,5,TRUE
"GTM_SYR",0.306875568963216,4,TRUE
"GTM_THA",0.0620099534122197,7,TRUE
"GTM_TTO",-0.104388228339366,6,TRUE
"GTM_TUN",-2.34141706043326,10,TRUE
"GTM_TUR",-0.670542080457153,23,TRUE
"GTM_TZA",-0.911067268205609,5,TRUE
"GTM_UGA",-1.63184144537387,14,TRUE
"GTM_URY",-0.496533232987144,4,TRUE
"GTM_VCT",-0.52099346662338,6,TRUE
"GTM_VEN",0.0030813261258968,11,TRUE
"GTM_VGB",-0.838568126665728,4,TRUE
"GTM_VNM",-0.219566777461307,13,TRUE
"GTM_YEM",-0.728295497166187,9,TRUE
"GTM_ZAF",-0.379809635597569,14,TRUE
"GUM_AUS",-2.30679918388948,12,TRUE
"GUM_AUT",-0.894944428243577,9,TRUE
"GUM_BEL",0.178326046528833,4,TRUE
"GUM_CAN",-0.14866544690492,5,TRUE
"GUM_CZE",-1.73827320008381,6,TRUE
"GUM_DEU",-2.35232649230474,9,TRUE
"GUM_ESP",-0.119177433092791,9,TRUE
"GUM_FJI",-3.30511937715322,5,TRUE
"GUM_FRA",-0.448882241686355,4,TRUE
"GUM_FSM",0.178944997608156,6,TRUE
"GUM_GBR",-1.40580378429664,11,TRUE
"GUM_HKG",0.657557967498604,5,TRUE
"GUM_IDN",-0.4423835664403,6,TRUE
"GUM_IRL",0.0998625263924555,4,TRUE
"GUM_ITA",0.675908078711706,8,TRUE
"GUM_JPN",-2.07522443932413,12,TRUE
"GUM_MYS",-0.0622862480492075,10,TRUE
"GUM_NLD",-1.74917931044654,6,TRUE
"GUM_NZL",-0.945759875226667,9,TRUE
"GUM_PHL",0.188002440124568,12,TRUE
"GUM_PLW",-0.389553917152518,4,TRUE
"GUM_POL",-2.28400991201856,9,TRUE
"GUM_SGP",-1.03174552689587,7,TRUE
"GUM_SVK",0.801291437784668,5,TRUE
"GUM_SVN",-2.75479749915568,7,TRUE
"GUM_THA",-1.22123515320029,6,TRUE
"GUM_TWN",0.641807012614186,7,TRUE
"GUM_ZAF",-3.98160478939454,5,TRUE
"GUY_ABW",-2.63035461733032,14,TRUE
"GUY_AIA",-2.50054123530829,5,TRUE
"GUY_ANT",-0.024607119247102,6,TRUE
"GUY_ARE",-1.23732424034622,13,TRUE
"GUY_ATF",-0.661119817447565,10,TRUE
"GUY_AUS",-1.37447077468506,7,TRUE
"GUY_BIH",-2.53204614916344,5,TRUE
"GUY_BMU",0.438093500107362,4,TRUE
"GUY_CAN",0.00740222659223067,20,TRUE
"GUY_CHE",-1.30829701095618,25,TRUE
"GUY_CHN",-0.0383591179334468,4,TRUE
"GUY_CRI",-1.13664749213209,13,TRUE
"GUY_DOM",-0.053181708611929,15,TRUE
"GUY_GTM",-1.35746619337987,10,TRUE
"GUY_HKG",0.0693460086682436,7,TRUE
"GUY_HND",-1.20219286172389,11,TRUE
"GUY_ISR",-1.64411675499992,5,TRUE
"GUY_JOR",-0.653232718388804,8,TRUE
"GUY_JPN",-0.715233915874783,11,TRUE
"GUY_KAZ",-2.01501873744896,8,TRUE
"GUY_LBN",-0.101601058055511,4,TRUE
"GUY_MUS",-0.716497163079816,6,TRUE
"GUY_NCL",-0.339844478529627,7,TRUE
"GUY_NOR",-1.4994275710288,15,TRUE
"GUY_NZL",0.00525651102870942,14,TRUE
"GUY_OMN",-1.28041411364551,8,TRUE
"GUY_PAN",-1.6524952877762,19,TRUE
"GUY_PYF",-0.416097160639658,10,TRUE
"GUY_RUS",-0.510497863734278,5,TRUE
"GUY_SLV",-3.0270210153934,7,TRUE
"GUY_SRB",-2.3833540389714,5,TRUE
"GUY_TCA",-1.49855276150447,11,TRUE
"GUY_TUR",-0.511410469997002,12,TRUE
"GUY_TWN",-0.286818987324325,10,TRUE
"GUY_UKR",-0.42364146612901,17,TRUE
"GUY_USA",-0.0348254115422185,21,TRUE
"HKG_ABW",0.291903750657954,4,TRUE
"HKG_AFG",-0.770626362997222,6,TRUE
"HKG_AGO",-0.200320157671458,14,TRUE
"HKG_ALB",0.199018163222307,5,TRUE
"HKG_AND",-0.49736889515108,12,TRUE
"HKG_ARE",-0.0309390608223894,11,TRUE
"HKG_ARM",-0.431708563661348,7,TRUE
"HKG_ASM",-0.268134621232535,11,TRUE
"HKG_ATG",0.620753310093417,5,TRUE
"HKG_AUS",0.0112584899022557,11,TRUE
"HKG_AUT",-0.226198582550298,13,TRUE
"HKG_AZE",-0.475106167174821,4,TRUE
"HKG_BDI",-0.509929561724436,11,TRUE
"HKG_BEL",0.0880153737115171,6,TRUE
"HKG_BEN",-0.282261804502177,17,TRUE
"HKG_BGD",-0.104049342377379,15,TRUE
"HKG_BGR",0.00110943456707077,17,TRUE
"HKG_BHR",-0.806097324386466,9,TRUE
"HKG_BHS",-0.514482721735632,10,TRUE
"HKG_BIH",-0.114914560213489,14,TRUE
"HKG_BLR",-0.636688147939094,5,TRUE
"HKG_BLZ",-0.585200511963155,17,TRUE
"HKG_BMU",-2.05373331975286,4,TRUE
"HKG_BOL",0.0557082910793544,8,TRUE
"HKG_BRN",-0.386931523180767,14,TRUE
"HKG_BTN",0.146831075891789,13,TRUE
"HKG_BWA",-0.284365192110812,11,TRUE
"HKG_CAF",-0.371884549469428,13,TRUE
"HKG_CAN",-0.0993110647564868,15,TRUE
"HKG_CIV",0.083398900058924,6,TRUE
"HKG_CMR",-0.493917296715545,11,TRUE
"HKG_COD",-0.628343701097417,10,TRUE
"HKG_COG",-1.30781938451829,7,TRUE
"HKG_COL",-0.482932897864353,5,TRUE
"HKG_COM",-0.926002385322488,16,TRUE
"HKG_CPV",-0.0940364296463063,7,TRUE
"HKG_CRI",0.196207063557738,9,TRUE
"HKG_CUB",-0.811814222149733,12,TRUE
"HKG_CYP",0.0730647953655011,7,TRUE
"HKG_CZE",-0.048562087906096,6,TRUE
"HKG_DEU",-0.205459059072885,4,TRUE
"HKG_DJI",-0.456798019828162,5,TRUE
"HKG_DMA",-0.341029644666899,4,TRUE
"HKG_DNK",-0.147419277503712,10,TRUE
"HKG_DOM",-0.108281361000897,15,TRUE
"HKG_DZA",-0.679289373934288,12,TRUE
"HKG_ECU",-0.583499545708614,5,TRUE
"HKG_EGY",-0.210306369419459,11,TRUE
"HKG_ESP",-0.269330479262107,11,TRUE
"HKG_EST",0.0522858798353725,4,TRUE
"HKG_ETH",-0.534611594622432,16,TRUE
"HKG_FIN",-0.161868195247547,17,TRUE
"HKG_FJI",-0.116854402525425,16,TRUE
"HKG_FRA",0.131451015151706,10,TRUE
"HKG_FRO",-0.168042494967453,5,TRUE
"HKG_FSM",-0.495684267952955,9,TRUE
"HKG_GAB",0.183371856093762,11,TRUE
"HKG_GBR",-0.0227649451679379,16,TRUE
"HKG_GHA",0.075445053522515,8,TRUE
"HKG_GIB",-0.345944752525776,8,TRUE
"HKG_GIN",-0.284908879954426,4,TRUE
"HKG_GMB",-0.374694461618053,16,TRUE
"HKG_GNB",-0.384705944488166,12,TRUE
"HKG_GNQ",-0.134385937343995,12,TRUE
"HKG_GRC",-0.0807239050741672,16,TRUE
"HKG_GRD",0.00571663044236264,12,TRUE
"HKG_GRL",-1.24096061915416,9,TRUE
"HKG_GTM",0.0458390987793404,14,TRUE
"HKG_GUM",0.0490395159442064,5,TRUE
"HKG_GUY",0.170444399117979,7,TRUE
"HKG_HND",-1.92533909595863,4,TRUE
"HKG_HRV",-0.13443724943627,12,TRUE
"HKG_HTI",-0.404423890289669,17,TRUE
"HKG_HUN",0.0488375633530893,17,TRUE
"HKG_IDN",0.187519956488335,6,TRUE
"HKG_IND",0.0660924076593339,8,TRUE
"HKG_IRL",-0.345757290033919,15,TRUE
"HKG_IRN",0.368246159601666,11,TRUE
"HKG_IRQ",-0.210257250581341,11,TRUE
"HKG_ISR",-0.331193075208104,4,TRUE
"HKG_ITA",-0.00594373395431041,7,TRUE
"HKG_JAM",0.064709332315064,15,TRUE
"HKG_JOR",-0.278770088410463,17,TRUE
"HKG_JPN",-0.296918056495473,5,TRUE
"HKG_KAZ",-0.149068403201841,9,TRUE
"HKG_KEN",-0.21399400625402,7,TRUE
"HKG_KGZ",-0.345311462314925,15,TRUE
"HKG_KHM",-0.127334119544895,12,TRUE
"HKG_KIR",-0.0563690331996351,17,TRUE
"HKG_KNA",-0.544725990148261,7,TRUE
"HKG_KOR",-0.27231187350028,5,TRUE
"HKG_KWT",-0.518715389599324,11,TRUE
"HKG_LAO",-0.110339441922494,8,TRUE
"HKG_LBN",-0.208473618768644,11,TRUE
"HKG_LBR",-0.371343275524481,13,TRUE
"HKG_LBY",-0.2623764645462,15,TRUE
"HKG_LCA",0.285010144455395,6,TRUE
"HKG_LKA",-0.262337737957541,12,TRUE
"HKG_LSO",-0.865514701055857,10,TRUE
"HKG_LTU",-0.127244125528451,15,TRUE
"HKG_LUX",-0.0752277515606638,5,TRUE
"HKG_LVA",0.101835878113297,15,TRUE
"HKG_MAR",-0.307425947822163,13,TRUE
"HKG_MDA",-0.00246257531380939,14,TRUE
"HKG_MDG",-0.494475100125499,17,TRUE
"HKG_MDV",-0.0477001682047257,12,TRUE
"HKG_MEX",-0.666172824164134,9,TRUE
"HKG_MHL",-0.394334965231043,8,TRUE
"HKG_MKD",-0.294421939009736,8,TRUE
"HKG_MLI",-0.640685577266113,9,TRUE
"HKG_MLT",-0.110646808057454,7,TRUE
"HKG_MMR",-1.20225532077825,4,TRUE
"HKG_MNE",0.175309911476253,6,TRUE
"HKG_MNG",-0.254532292342855,15,TRUE
"HKG_MNP",0.0889764706336462,9,TRUE
"HKG_MOZ",-0.0829777226829044,9,TRUE
"HKG_MRT",-0.775663400374933,14,TRUE
"HKG_MSR",-1.07005879589941,7,TRUE
"HKG_MUS",-0.568587262289212,5,TRUE
"HKG_MWI",-0.0610134857391518,11,TRUE
"HKG_MYS",-0.114892760156277,5,TRUE
"HKG_MYT",-0.935308190290434,4,TRUE
"HKG_NCL",-0.260235628784585,10,TRUE
"HKG_NER",-0.695988709610132,10,TRUE
"HKG_NIC",-0.231097382164467,11,TRUE
"HKG_NLD",-0.0876170720329862,17,TRUE
"HKG_NPL",-1.88224581203525,8,TRUE
"HKG_NRU",-0.59604310491175,14,TRUE
"HKG_OMN",-0.12525515354041,7,TRUE
"HKG_PAK",-0.140992137625087,16,TRUE
"HKG_PAN",-0.206563554096754,16,TRUE
"HKG_PER",-0.0273130285171616,17,TRUE
"HKG_PHL",0.00693609987440051,15,TRUE
"HKG_PNG",-0.133057269416543,8,TRUE
"HKG_POL",-0.0201123392135774,17,TRUE
"HKG_PRK",-0.800649689271697,14,TRUE
"HKG_PRT",-0.114547616396891,9,TRUE
"HKG_PRY",0.045401888975992,8,TRUE
"HKG_PSE",0.411475613906586,4,TRUE
"HKG_PYF",0.00366476892118772,6,TRUE
"HKG_ROU",-0.179433629849094,6,TRUE
"HKG_RUS",0.108426723156697,12,TRUE
"HKG_RWA",-0.157502846502819,15,TRUE
"HKG_SAU",-0.2488778090181,13,TRUE
"HKG_SDN",-0.561292785816942,15,TRUE
"HKG_SEN",0.22747951094825,4,TRUE
"HKG_SGP",-0.0364036712173502,16,TRUE
"HKG_SLB",-0.218644933385445,10,TRUE
"HKG_SLE",-0.22058066365979,14,TRUE
"HKG_SLV",-0.872882276443815,11,TRUE
"HKG_SMR",-0.145774415479627,6,TRUE
"HKG_SOM",-0.399743912565771,5,TRUE
"HKG_SRB",0.224901992969237,4,TRUE
"HKG_STP",0.169227651777339,7,TRUE
"HKG_SVK",-0.273537979526699,11,TRUE
"HKG_SWE",-0.0611983163514597,11,TRUE
"HKG_SWZ",-0.819843371830583,13,TRUE
"HKG_SYC",0.125257786809663,6,TRUE
"HKG_TCD",0.27301170535149,8,TRUE
"HKG_TGO",-0.925047385743289,13,TRUE
"HKG_THA",0.16409146965637,5,TRUE
"HKG_TJK",-0.588448701862735,11,TRUE
"HKG_TKL",0.323262485100229,4,TRUE
"HKG_TKM",-0.0840398801132097,9,TRUE
"HKG_TON",-0.161960542738297,10,TRUE
"HKG_TTO",-0.198527031508927,17,TRUE
"HKG_TUR",-0.468359592932619,6,TRUE
"HKG_TUV",0.813189230610066,5,TRUE
"HKG_TWN",-0.00767107305515378,10,TRUE
"HKG_TZA",0.182343061235216,9,TRUE
"HKG_UGA",-0.77028565027387,5,TRUE
"HKG_UKR",-0.0914035788383553,12,TRUE
"HKG_UMI",-6.47717808233023,7,TRUE
"HKG_URY",-0.132141196198679,5,TRUE
"HKG_USA",0.00635758388906036,13,TRUE
"HKG_UZB",0.164125177405916,7,TRUE
"HKG_VCT",-0.280158335637161,10,TRUE
"HKG_VNM",-0.144433486663253,7,TRUE
"HKG_VUT",0.0734288531579705,16,TRUE
"HKG_WSM",-0.0728073750809042,14,TRUE
"HKG_YEM",-0.981029205810571,11,TRUE
"HKG_ZAF",-0.243418351429654,11,TRUE
"HKG_ZMB",-0.0442591851728468,15,TRUE
"HKG_ZWE",0.563272460189823,5,TRUE
"HMD_CAN",-0.209554995097902,5,TRUE
"HMD_PAK",-1.51137906230423,4,TRUE
"HND_ALB",-1.53813498511409,8,TRUE
"HND_AND",-2.22835087566652,14,TRUE
"HND_ARE",0.81245445292661,4,TRUE
"HND_ARG",-0.554416403299517,14,TRUE
"HND_ARM",-0.136534259004366,7,TRUE
"HND_ATG",0.809990679659938,4,TRUE
"HND_AUS",-0.0497921898122296,17,TRUE
"HND_BHS",0.0410815003024046,12,TRUE
"HND_BIH",-0.119025933987477,10,TRUE
"HND_BLR",-1.75999362033573,9,TRUE
"HND_BLZ",0.496747793325024,8,TRUE
"HND_BOL",-0.546685314250222,22,TRUE
"HND_BRA",-0.0351311508264904,13,TRUE
"HND_BRB",-0.606471307054189,4,TRUE
"HND_BRN",-0.503280476388106,4,TRUE
"HND_CHE",-0.0468086405064196,25,TRUE
"HND_CHN",-0.786066933470682,5,TRUE
"HND_CIV",-1.68977172562201,7,TRUE
"HND_CUB",-0.51646914108023,13,TRUE
"HND_DMA",-2.4810507712056,11,TRUE
"HND_DZA",-1.25469716714513,9,TRUE
"HND_ECU",0.324554525742095,4,TRUE
"HND_EGY",-0.509896709898978,7,TRUE
"HND_ETH",-3.05691550901515,11,TRUE
"HND_GRD",-1.30956126018163,7,TRUE
"HND_GUY",-0.387416101805122,8,TRUE
"HND_HKG",-0.0581106457938099,12,TRUE
"HND_HTI",-0.0370742635725633,11,TRUE
"HND_IDN",-0.072111886696585,6,TRUE
"HND_IND",-1.03200580607254,19,TRUE
"HND_IRN",-1.28343943775699,11,TRUE
"HND_ISL",-0.364179668361633,25,TRUE
"HND_JOR",-1.18131157366708,15,TRUE
"HND_KAZ",0.160217079065944,5,TRUE
"HND_KGZ",-1.84720446549825,7,TRUE
"HND_KNA",0.479067432009737,7,TRUE
"HND_KOR",-0.0658988021390769,14,TRUE
"HND_LBN",-0.553608308396231,7,TRUE
"HND_LCA",-0.0960663714375233,16,TRUE
"HND_MAC",-0.504055781148031,11,TRUE
"HND_MAR",-2.29101614869771,8,TRUE
"HND_MDA",-0.5924115471838,9,TRUE
"HND_MNE",-0.424309063151749,7,TRUE
"HND_MUS",-0.203247885469515,16,TRUE
"HND_MYS",-0.915571942927411,12,TRUE
"HND_NCL",0.107527303165266,6,TRUE
"HND_NOR",-0.237930773657734,19,TRUE
"HND_NPL",-1.02670759167294,4,TRUE
"HND_NZL",0.0743043462388368,15,TRUE
"HND_OMN",-1.4798554819987,10,TRUE
"HND_PHL",-0.434382370768743,13,TRUE
"HND_PRK",-0.269642017637349,15,TRUE
"HND_PRY",0.203923231434554,5,TRUE
"HND_PYF",-0.474573866987917,15,TRUE
"HND_RUS",-0.101148681056682,18,TRUE
"HND_SAU",-0.386990039382247,11,TRUE
"HND_SGP",-0.87809839087031,16,TRUE
"HND_SRB",-0.15102767957138,5,TRUE
"HND_SUR",-0.619960029192971,7,TRUE
"HND_SYR",-0.956064665167924,10,TRUE
"HND_THA",-0.724279355240974,16,TRUE
"HND_TTO",0.080389446328548,23,TRUE
"HND_TUN",-0.763519958319974,14,TRUE
"HND_UKR",-0.129910282172675,8,TRUE
"HND_URY",-0.229374173283257,12,TRUE
"HND_VNM",-0.684307384443222,10,TRUE
"HND_ZAF",-0.0970713794129756,14,TRUE
"HRV_AFG",-1.06327069279924,12,TRUE
"HRV_AGO",0.144070324983326,7,TRUE
"HRV_ARE",-0.629638068221973,6,TRUE
"HRV_ARG",-0.59989058087079,20,TRUE
"HRV_AUS",0.340512144487849,6,TRUE
"HRV_AZE",-0.617230780486169,8,TRUE
"HRV_BEN",-2.23423983720969,8,TRUE
"HRV_BFA",-1.16649332898141,11,TRUE
"HRV_BGD",-0.530574843304514,20,TRUE
"HRV_BHR",-0.38740084192289,18,TRUE
"HRV_BLR",-0.200834310607344,20,TRUE
"HRV_BOL",-0.693940580450035,6,TRUE
"HRV_BRA",-0.0680080025390115,6,TRUE
"HRV_CHN",0.102702300585866,8,TRUE
"HRV_COG",-1.6816990146676,4,TRUE
"HRV_CUB",0.244004961017794,12,TRUE
"HRV_ERI",-1.15269672849721,13,TRUE
"HRV_ETH",-1.03290199928989,17,TRUE
"HRV_GAB",-0.243380444953746,4,TRUE
"HRV_GIB",-0.660542646863087,17,TRUE
"HRV_GIN",-2.48988881581006,6,TRUE
"HRV_HKG",0.0207068320984035,8,TRUE
"HRV_HTI",-0.872043104827516,9,TRUE
"HRV_IDN",0.170008219708664,9,TRUE
"HRV_IND",0.174371558021985,4,TRUE
"HRV_IRN",-0.154412749329949,21,TRUE
"HRV_IRQ",-0.504304215365181,14,TRUE
"HRV_KEN",-0.823452920633394,13,TRUE
"HRV_KGZ",-0.483635828362593,9,TRUE
"HRV_KHM",-1.68117118518777,14,TRUE
"HRV_KWT",-0.208565358282774,12,TRUE
"HRV_LBR",-2.01257981209585,17,TRUE
"HRV_LBY",-0.271081440540709,8,TRUE
"HRV_LKA",-0.534190225152392,4,TRUE
"HRV_MAC",-1.08372716213825,6,TRUE
"HRV_MHL",-1.86974748927819,9,TRUE
"HRV_MMR",-0.545147618326278,5,TRUE
"HRV_MRT",-2.62073232464057,5,TRUE
"HRV_MYS",-0.293667316383847,17,TRUE
"HRV_NER",-2.26952364308569,4,TRUE
"HRV_NGA",-0.867128184814042,13,TRUE
"HRV_NPL",-1.33964867692968,11,TRUE
"HRV_NZL",0.109092577495953,12,TRUE
"HRV_OMN",-0.426658801626648,19,TRUE
"HRV_PAK",-0.591956039202292,18,TRUE
"HRV_PHL",0.166236958197826,5,TRUE
"HRV_PRK",-1.42806813197126,8,TRUE
"HRV_PRY",-1.09563688768541,6,TRUE
"HRV_QAT",-0.905546574150976,22,TRUE
"HRV_RUS",-0.0653954419839774,13,TRUE
"HRV_SAU",0.190056567553756,7,TRUE
"HRV_SDN",-1.43828092372641,16,TRUE
"HRV_SEN",-0.560270496226478,5,TRUE
"HRV_SLE",-1.50378407916752,7,TRUE
"HRV_TGO",-2.09961609953308,5,TRUE
"HRV_THA",0.094942929970677,9,TRUE
"HRV_TJK",-0.731055216943285,7,TRUE
"HRV_TKM",-1.61684717930231,9,TRUE
"HRV_TWN",-0.157734247037575,16,TRUE
"HRV_TZA",-0.164275323326739,13,TRUE
"HRV_UGA",-1.20942910147511,11,TRUE
"HRV_URY",-0.800783850055057,16,TRUE
"HRV_USA",0.0219206167555857,17,TRUE
"HRV_VEN",-1.25306677932089,22,TRUE
"HRV_VNM",0.237492503946002,4,TRUE
"HRV_YEM",-1.86116709797621,4,TRUE
"HTI_ANT",-0.607050758340055,7,TRUE
"HTI_ARG",0.360223806252649,4,TRUE
"HTI_AUT",0.0731626484362403,6,TRUE
"HTI_BEL",-1.54740139319243,10,TRUE
"HTI_BIH",0.242583112735876,6,TRUE
"HTI_BOL",0.372121441538809,4,TRUE
"HTI_BRA",-0.18793588271382,19,TRUE
"HTI_CAN",0.238506161506782,4,TRUE
"HTI_CHE",-0.504470752242948,8,TRUE
"HTI_CHL",-0.121357744399819,10,TRUE
"HTI_CHN",-0.518285386519426,14,TRUE
"HTI_COL",-1.77852721818579,9,TRUE
"HTI_CRI",-0.590576013989109,13,TRUE
"HTI_CZE",-0.862375775895468,21,TRUE
"HTI_DEU",-0.603886538343323,9,TRUE
"HTI_DNK",-1.51189388299857,11,TRUE
"HTI_DOM",-1.19108895928432,10,TRUE
"HTI_DZA",-1.48939092087451,8,TRUE
"HTI_ECU",-1.45035457430788,13,TRUE
"HTI_ESP",-0.0290855876016392,12,TRUE
"HTI_EST",-1.95523525068298,10,TRUE
"HTI_FIN",-0.35630226061639,15,TRUE
"HTI_FRA",-0.232455341298464,8,TRUE
"HTI_GBR",0.0707014574814753,4,TRUE
"HTI_GTM",-0.953144489270143,12,TRUE
"HTI_HND",-0.468282563055673,14,TRUE
"HTI_HRV",-0.158357145103361,7,TRUE
"HTI_HUN",-1.38514002614018,10,TRUE
"HTI_IDN",-0.696949680584254,4,TRUE
"HTI_IND",-0.206002303478426,9,TRUE
"HTI_IRL",-0.371707214393175,15,TRUE
"HTI_ITA",-1.33629166943187,8,TRUE
"HTI_JPN",-0.406812448367273,22,TRUE
"HTI_KAZ",-0.663584972337293,7,TRUE
"HTI_KOR",-0.0229175947852268,9,TRUE
"HTI_LBN",-0.797531540852797,14,TRUE
"HTI_MEX",0.0191601764839111,5,TRUE
"HTI_MUS",-2.02440719829559,13,TRUE
"HTI_NIC",-1.9836069905183,7,TRUE
"HTI_NLD",-0.149426178891358,4,TRUE
"HTI_NZL",0.22477998743845,13,TRUE
"HTI_PAN",-0.783757212368308,12,TRUE
"HTI_PER",-0.718001392346634,12,TRUE
"HTI_PHL",-1.11879292702056,6,TRUE
"HTI_POL",-0.16807171835937,6,TRUE
"HTI_PRT",-1.58414783008012,9,TRUE
"HTI_PYF",-0.325158739529622,9,TRUE
"HTI_ROU",-0.45890120957539,10,TRUE
"HTI_RUS",-0.371554092518245,13,TRUE
"HTI_SLV",-1.10152111254866,15,TRUE
"HTI_SRB",0.0797670387988269,4,TRUE
"HTI_SVK",-0.357670015455919,7,TRUE
"HTI_SVN",-0.143487955223898,11,TRUE
"HTI_SWE",-0.291045115850331,10,TRUE
"HTI_THA",0.109318477667698,5,TRUE
"HTI_TUR",-0.528194333298466,16,TRUE
"HTI_TWN",0.444284126890596,4,TRUE
"HTI_UGA",-3.9348360312988,4,TRUE
"HTI_UKR",0.158614416837522,6,TRUE
"HTI_URY",0.222531445796125,7,TRUE
"HTI_USA",0.00848868555836889,7,TRUE
"HTI_VNM",-0.829276559843291,4,TRUE
"HTI_ZAF",-0.584468089945517,14,TRUE
"HUN_AFG",-0.173160970911651,6,TRUE
"HUN_AGO",-0.6644252803996,8,TRUE
"HUN_ARE",-0.993966234830508,4,TRUE
"HUN_ARG",0.0948889122125619,10,TRUE
"HUN_AUS",-0.137025967585401,22,TRUE
"HUN_AZE",-0.0485896418705298,12,TRUE
"HUN_BDI",-0.193005722340569,8,TRUE
"HUN_BEN",0.0275070216680977,9,TRUE
"HUN_BFA",-0.0457542875472425,14,TRUE
"HUN_BGD",-0.278240421941707,15,TRUE
"HUN_BHR",0.0608709225241552,10,TRUE
"HUN_BOL",0.503851971944604,5,TRUE
"HUN_BRA",0.0169505375078286,17,TRUE
"HUN_BRN",-0.0883285538437901,11,TRUE
"HUN_CAF",-0.570936179743857,8,TRUE
"HUN_CHN",0.0833523111353283,10,TRUE
"HUN_COD",-0.367048268183034,12,TRUE
"HUN_COG",-0.413248905625251,17,TRUE
"HUN_COK",-0.407930694572655,4,TRUE
"HUN_CUB",-0.972247161363556,17,TRUE
"HUN_DJI",-1.1636897041971,10,TRUE
"HUN_ERI",-1.27280150551482,10,TRUE
"HUN_ETH",-0.0510069813748974,9,TRUE
"HUN_GAB",-0.158251533812859,19,TRUE
"HUN_GIB",-0.559204791766154,15,TRUE
"HUN_GIN",-0.475748651547675,9,TRUE
"HUN_GMB",-0.757555656949932,9,TRUE
"HUN_GNQ",0.986815606797251,4,TRUE
"HUN_HKG",-0.0592013873432276,14,TRUE
"HUN_HTI",-0.217808569167127,16,TRUE
"HUN_IDN",-0.407208160938918,21,TRUE
"HUN_IND",-0.219503875771463,19,TRUE
"HUN_IRN",-0.538056954195586,11,TRUE
"HUN_IRQ",-0.640897287451696,7,TRUE
"HUN_KAZ",-0.11811697321232,10,TRUE
"HUN_KEN",-0.203294838663226,22,TRUE
"HUN_KGZ",-0.144301120584289,9,TRUE
"HUN_KHM",-1.10713570732427,16,TRUE
"HUN_KWT",0.0144639907315909,18,TRUE
"HUN_LAO",0.225505242232121,5,TRUE
"HUN_LKA",-0.276961577595758,9,TRUE
"HUN_MAC",-0.189211910511521,15,TRUE
"HUN_MDV",0.100517934004333,11,TRUE
"HUN_MLI",0.154438725353079,9,TRUE
"HUN_MMR",-0.0911289330664387,5,TRUE
"HUN_MNG",0.045150126838771,8,TRUE
"HUN_MRT",-3.54319868828374,5,TRUE
"HUN_MWI",-0.537296401879571,7,TRUE
"HUN_MYS",0.00208129347074671,17,TRUE
"HUN_NER",-0.657300743905691,16,TRUE
"HUN_NGA",-0.0188759666520122,20,TRUE
"HUN_NPL",-0.343744369061206,22,TRUE
"HUN_NZL",-0.138439424145209,21,TRUE
"HUN_OMN",-0.214685109568301,20,TRUE
"HUN_PAK",0.0555299422790257,26,TRUE
"HUN_PHL",-0.111750375037345,18,TRUE
"HUN_PRK",-1.64708360620491,6,TRUE
"HUN_QAT",0.0336133832098459,11,TRUE
"HUN_RUS",-0.0644654393269784,20,TRUE
"HUN_RWA",-0.538453338647684,5,TRUE
"HUN_SAU",-0.488314446230919,6,TRUE
"HUN_SDN",-0.384789537413909,20,TRUE
"HUN_TGO",-0.283819587257696,13,TRUE
"HUN_THA",0.0688552377104031,7,TRUE
"HUN_TJK",-0.367073581063449,13,TRUE
"HUN_TKM",-0.21236786657402,15,TRUE
"HUN_TWN",-0.0660419962967425,24,TRUE
"HUN_TZA",-0.419429836104221,19,TRUE
"HUN_UGA",-0.558356386293747,9,TRUE
"HUN_URY",-0.02063417147713,7,TRUE
"HUN_USA",0.0312136514624959,23,TRUE
"HUN_UZB",-0.241195825026189,21,TRUE
"HUN_VEN",-0.288113554409496,14,TRUE
"HUN_VNM",-0.000212161025567426,7,TRUE
"HUN_YEM",-0.490650186179706,4,TRUE
"HUN_ZMB",-0.177228795313853,16,TRUE
"IDN_ABW",0.30692046328413,13,TRUE
"IDN_AFG",0.0270461503879849,24,TRUE
"IDN_AGO",-0.071924768422407,22,TRUE
"IDN_AIA",-0.516036562563836,15,TRUE
"IDN_ALB",0.0758379132563496,13,TRUE
"IDN_AND",-0.0298639526350557,11,TRUE
"IDN_ANT",-0.616466458411609,15,TRUE
"IDN_ARE",-0.0946376056869947,14,TRUE
"IDN_ARM",0.0492869650600613,10,TRUE
"IDN_ASM",-0.682933696218778,14,TRUE
"IDN_ATG",-0.272089697165162,15,TRUE
"IDN_AUT",0.021194246202187,20,TRUE
"IDN_BDI",-0.322203053617536,15,TRUE
"IDN_BEL",-0.299220576250077,12,TRUE
"IDN_BFA",-0.185194686912073,22,TRUE
"IDN_BGR",-0.398033160714893,13,TRUE
"IDN_BHR",0.0297069472578773,22,TRUE
"IDN_BHS",-0.583310743979324,10,TRUE
"IDN_BIH",0.540355301270629,4,TRUE
"IDN_BLR",-0.0605307925808038,13,TRUE
"IDN_BLZ",-0.326951343063369,15,TRUE
"IDN_BMU",-0.163428771899968,16,TRUE
"IDN_BRB",0.116963513527936,10,TRUE
"IDN_BTN",-2.30725389788337,7,TRUE
"IDN_BWA",-0.443980119994894,9,TRUE
"IDN_CAF",0.0927367891927845,20,TRUE
"IDN_CAN",0.0884334677428479,6,TRUE
"IDN_CHE",-0.264976855136753,16,TRUE
"IDN_CIV",-0.157103685718654,24,TRUE
"IDN_COD",-1.36930943258903,15,TRUE
"IDN_COG",-0.543475437788049,24,TRUE
"IDN_COK",-0.27691530968396,5,TRUE
"IDN_COM",0.0554981684222961,19,TRUE
"IDN_CRI",-0.215877629321146,24,TRUE
"IDN_CXR",-0.921265815899549,12,TRUE
"IDN_CYM",-1.81301574172424,16,TRUE
"IDN_CYP",-0.216462044852626,5,TRUE
"IDN_CZE",0.0259814470771611,20,TRUE
"IDN_DEU",0.00343816931074192,4,TRUE
"IDN_DJI",-0.160631814297605,15,TRUE
"IDN_DMA",-0.37654712374248,21,TRUE
"IDN_DNK",-0.124105892814778,6,TRUE
"IDN_DOM",-0.00383884198664525,9,TRUE
"IDN_ESP",0.0490747518737952,21,TRUE
"IDN_EST",0.42091598616764,7,TRUE
"IDN_ETH",0.138447868638956,7,TRUE
"IDN_FIN",0.0224138984636482,21,TRUE
"IDN_FJI",-0.131445721243681,6,TRUE
"IDN_FLK",-1.91499817526231,5,TRUE
"IDN_FRA",-0.0373974253794495,7,TRUE
"IDN_FRO",-0.744122853453148,7,TRUE
"IDN_FSM",-0.155505503076549,14,TRUE
"IDN_GAB",0.103721443267693,16,TRUE
"IDN_GBR",0.0093283246134627,24,TRUE
"IDN_GEO",-0.185943836251618,13,TRUE
"IDN_GIB",-3.09054044210619,6,TRUE
"IDN_GMB",0.422232367972854,7,TRUE
"IDN_GNB",-0.689568988133878,19,TRUE
"IDN_GNQ",0.799103012720914,6,TRUE
"IDN_GRC",0.0254245900790801,13,TRUE
"IDN_GRD",0.241766345139599,4,TRUE
"IDN_GRL",-0.902196597112095,7,TRUE
"IDN_GTM",0.110936654673134,13,TRUE
"IDN_GUM",-0.129814240561294,14,TRUE
"IDN_HND",0.108322401921489,8,TRUE
"IDN_HRV",0.0352332995013604,18,TRUE
"IDN_HTI",-0.307622248448273,15,TRUE
"IDN_HUN",0.00657994790203361,24,TRUE
"IDN_IOT",-2.96626007740431,9,TRUE
"IDN_IRL",-0.182323244656082,17,TRUE
"IDN_ISL",0.0721840127279011,22,TRUE
"IDN_ISR",-0.0241925487008223,19,TRUE
"IDN_ITA",-0.0361805033039471,20,TRUE
"IDN_JAM",0.0551608743668259,13,TRUE
"IDN_JOR",-0.362928043834138,9,TRUE
"IDN_KAZ",-0.220716018498477,13,TRUE
"IDN_KEN",0.0820464679225022,14,TRUE
"IDN_KGZ",-0.0852071429737998,9,TRUE
"IDN_KNA",0.036951647501477,20,TRUE
"IDN_KWT",0.0358156230625736,20,TRUE
"IDN_LBN",-0.0422525131796932,9,TRUE
"IDN_LCA",-0.250407562522358,15,TRUE
"IDN_LSO",-2.08646219476693,9,TRUE
"IDN_LTU",0.132018838269936,4,TRUE
"IDN_LUX",-0.837675059363658,4,TRUE
"IDN_LVA",0.183832495627556,12,TRUE
"IDN_MAC",-0.141005058133707,18,TRUE
"IDN_MDA",0.000249762235042488,7,TRUE
"IDN_MDG",-0.0325829274874194,11,TRUE
"IDN_MDV",0.00691359743635554,18,TRUE
"IDN_MHL",-0.928668188462751,16,TRUE
"IDN_MLI",-0.101265283107267,17,TRUE
"IDN_MLT",-0.146138797565935,18,TRUE
"IDN_MNE",0.293963494873349,4,TRUE
"IDN_MNG",-0.0761387592237807,11,TRUE
"IDN_MNP",0.378253175628409,13,TRUE
"IDN_MRT",-0.182615831657818,8,TRUE
"IDN_MSR",-3.65078582036158,10,TRUE
"IDN_MUS",0.0956938926016489,21,TRUE
"IDN_MWI",0.210345646102598,11,TRUE
"IDN_MYT",-0.478742601827899,6,TRUE
"IDN_NAM",-2.13649459940231,8,TRUE
"IDN_NCL",-0.119221742578306,12,TRUE
"IDN_NER",-0.423613867950073,10,TRUE
"IDN_NFK",-2.84121952413112,13,TRUE
"IDN_NLD",-0.0418611514586488,18,TRUE
"IDN_NOR",0.0719969620845129,5,TRUE
"IDN_NPL",0.197904754740409,11,TRUE
"IDN_NRU",-0.496656857017752,4,TRUE
"IDN_OMN",0.188338274389686,5,TRUE
"IDN_PAN",-0.056763799825424,4,TRUE
"IDN_PNG",0.0776798250342287,22,TRUE
"IDN_POL",-0.0347108353449056,14,TRUE
"IDN_PRT",0.0348598896430771,15,TRUE
"IDN_PRY",0.0368175857014895,9,TRUE
"IDN_PSE",0.271141914879611,5,TRUE
"IDN_PYF",-0.0874223365062997,4,TRUE
"IDN_QAT",-0.0357934758867882,17,TRUE
"IDN_RUS",0.0266427174693206,13,TRUE
"IDN_RWA",-0.393984226125824,14,TRUE
"IDN_SAU",-0.0382057633620677,22,TRUE
"IDN_SEN",0.0952450990048423,5,TRUE
"IDN_SHN",-2.79480696149053,10,TRUE
"IDN_SLB",0.138460130826265,9,TRUE
"IDN_SLE",0.0429548403805428,19,TRUE
"IDN_SLV",0.394181144631769,5,TRUE
"IDN_SOM",-0.297087273623754,11,TRUE
"IDN_SRB",0.0197384570305763,9,TRUE
"IDN_STP",-0.0894551183459871,10,TRUE
"IDN_SUR",0.0791537443515312,18,TRUE
"IDN_SVN",-0.0568277947555859,10,TRUE
"IDN_SWE",-0.0218900541902143,17,TRUE
"IDN_SWZ",-0.642047176307159,13,TRUE
"IDN_SYC",-0.277797156252041,6,TRUE
"IDN_SYR",-0.0311257818057052,25,TRUE
"IDN_TCA",-0.550573550145854,15,TRUE
"IDN_TCD",-0.0623996438237612,4,TRUE
"IDN_TGO",0.0881017375752138,13,TRUE
"IDN_TJK",0.157267382663606,4,TRUE
"IDN_TKL",-1.90402456965323,8,TRUE
"IDN_TKM",0.577819757299697,4,TRUE
"IDN_TLS",0.0548924753680827,11,TRUE
"IDN_TON",0.102614090234857,8,TRUE
"IDN_TUR",-0.174798983404091,26,TRUE
"IDN_TUV",-0.414565955426098,6,TRUE
"IDN_TWN",0.0550706786736986,18,TRUE
"IDN_UGA",0.372920522075246,8,TRUE
"IDN_UKR",0.047059716157318,11,TRUE
"IDN_URY",-0.164211297986082,21,TRUE
"IDN_USA",0.0258624688013218,9,TRUE
"IDN_UZB",-0.0158523150155558,5,TRUE
"IDN_VCT",0.0575522000305374,17,TRUE
"IDN_VGB",-0.0140067577820229,13,TRUE
"IDN_VUT",0.781020750156761,4,TRUE
"IDN_WLF",-0.518377521128358,8,TRUE
"IDN_WSM",-0.36238824368423,4,TRUE
"IDN_YEM",0.0403585324540245,7,TRUE
"IDN_ZAF",0.0212396435608065,10,TRUE
"IDN_ZMB",-0.233341393919468,15,TRUE
"IND_AGO",-0.0492633391940521,7,TRUE
"IND_AIA",-0.785917157866713,9,TRUE
"IND_ALB",0.0549533541192229,10,TRUE
"IND_AND",-0.150668339850541,19,TRUE
"IND_ANT",-0.303590420213692,17,TRUE
"IND_ARE",0.0541373588677018,23,TRUE
"IND_ARM",0.0743539745292218,9,TRUE
"IND_ATG",0.00789116556095584,19,TRUE
"IND_AUS",0.0232509070416713,10,TRUE
"IND_AUT",-0.0242584203513154,4,TRUE
"IND_AZE",-0.326003887950832,7,TRUE
"IND_BDI",-0.0636390911000494,20,TRUE
"IND_BEL",-0.0364003672523156,14,TRUE
"IND_BFA",-0.167704705510342,24,TRUE
"IND_BHR",0.0910104297427895,26,TRUE
"IND_BHS",-2.98401610201451,25,TRUE
"IND_BIH",0.0846796900443265,8,TRUE
"IND_BLR",0.0568975552017743,19,TRUE
"IND_BLZ",0.108265880530792,10,TRUE
"IND_BMU",-0.147251960955689,10,TRUE
"IND_BRB",-0.115733622784236,25,TRUE
"IND_BWA",-0.110896412240293,13,TRUE
"IND_CAF",-0.655237934141714,23,TRUE
"IND_CCK",-2.34968822781695,8,TRUE
"IND_CHE",-0.0237923391222632,7,TRUE
"IND_COD",-1.1242663415739,21,TRUE
"IND_COG",-0.34553217085772,4,TRUE
"IND_COK",-0.0734540455168277,4,TRUE
"IND_COM",-0.0575159920241065,18,TRUE
"IND_CPV",-0.302648861264528,17,TRUE
"IND_CRI",0.241220052040211,9,TRUE
"IND_CXR",-1.50260502123682,12,TRUE
"IND_CYM",-0.929050081748934,14,TRUE
"IND_CYP",-0.106892903342316,9,TRUE
"IND_CZE",0.0119017749162464,6,TRUE
"IND_DEU",-0.00594606554153351,21,TRUE
"IND_DJI",-0.340208009996626,6,TRUE
"IND_DMA",-0.166446003440852,9,TRUE
"IND_DNK",-0.013862218874734,8,TRUE
"IND_DOM",-0.0865872609156494,20,TRUE
"IND_ERI",-0.93926825724156,7,TRUE
"IND_EST",-0.0846154454343624,22,TRUE
"IND_ETH",0.0145970266094269,14,TRUE
"IND_FIN",-0.230185779887786,21,TRUE
"IND_FJI",0.0711623319733795,17,TRUE
"IND_FLK",-1.27138521552213,10,TRUE
"IND_FRA",0.00158313463328075,16,TRUE
"IND_FRO",-0.0574592264065726,12,TRUE
"IND_FSM",-0.261169502563236,9,TRUE
"IND_GAB",0.0206296013196816,15,TRUE
"IND_GBR",-0.00625475869118499,22,TRUE
"IND_GEO",-0.0425817331734205,8,TRUE
"IND_GIB",0.453413317593155,4,TRUE
"IND_GMB",0.161154425352728,8,TRUE
"IND_GNB",-0.121968753931502,21,TRUE
"IND_GNQ",0.642592124173047,4,TRUE
"IND_GRC",-0.327336586114889,5,TRUE
"IND_GRD",-0.067611314040159,13,TRUE
"IND_GRL",-0.696115245577966,8,TRUE
"IND_GTM",-0.358138129763231,23,TRUE
"IND_GUM",-0.536434024680212,7,TRUE
"IND_HKG",-0.0910021054131174,8,TRUE
"IND_HND",-0.233109128034301,24,TRUE
"IND_HRV",0.24938293951511,5,TRUE
"IND_HTI",-0.467238359858273,26,TRUE
"IND_HUN",0.0782054331967134,8,TRUE
"IND_IRL",0.147123308904177,6,TRUE
"IND_ISL",-0.0284360022139547,17,TRUE
"IND_ISR",0.102385858742901,20,TRUE
"IND_ITA",0.0276637697886261,25,TRUE
"IND_JAM",0.0896883698021943,10,TRUE
"IND_JOR",-0.109065742643913,22,TRUE
"IND_KAZ",0.163889150443567,20,TRUE
"IND_KGZ",-0.0608491019093634,4,TRUE
"IND_KIR",0.0985508018266541,17,TRUE
"IND_KNA",-0.0548612724188075,20,TRUE
"IND_KWT",0.135786766360521,22,TRUE
"IND_LBN",-0.0825315448278445,26,TRUE
"IND_LBR",0.710908355444884,4,TRUE
"IND_LCA",-0.260257592624843,12,TRUE
"IND_LSO",0.188725757301858,6,TRUE
"IND_LTU",0.049853754803006,6,TRUE
"IND_LUX",-0.249671901902178,11,TRUE
"IND_LVA",-0.0354530014534655,12,TRUE
"IND_MAC",0.00975790600998248,21,TRUE
"IND_MDA",0.0790371706082385,16,TRUE
"IND_MDG",-0.209607383010624,26,TRUE
"IND_MHL",-2.38167743790179,8,TRUE
"IND_MKD",0.157797524954146,9,TRUE
"IND_MLI",0.0435433840750628,7,TRUE
"IND_MLT",-0.0112673846459787,8,TRUE
"IND_MNE",0.0536411350005818,8,TRUE
"IND_MNG",-0.307791306938058,21,TRUE
"IND_MNP",-0.594084071993509,7,TRUE
"IND_MRT",-0.193437923497953,12,TRUE
"IND_MSR",-0.603141968519599,19,TRUE
"IND_MUS",0.0486325247684609,12,TRUE
"IND_MWI",0.0192893834645993,10,TRUE
"IND_NAM",0.0365359424644132,4,TRUE
"IND_NCL",-0.092689621040603,13,TRUE
"IND_NER",-0.0942015914281635,5,TRUE
"IND_NOR",0.0174602169334796,23,TRUE
"IND_NRU",-0.803867722535835,12,TRUE
"IND_NZL",0.0759893180468456,5,TRUE
"IND_OMN",0.0220530202143055,25,TRUE
"IND_PAN",0.354761002696627,7,TRUE
"IND_PCN",-0.51559350480549,14,TRUE
"IND_PLW",-0.76017177056929,10,TRUE
"IND_PNG",-0.0982131272609945,13,TRUE
"IND_POL",-0.0227880964467141,12,TRUE
"IND_PRT",0.026941315640562,23,TRUE
"IND_PSE",0.216285938991213,6,TRUE
"IND_PYF",0.0133216577753746,14,TRUE
"IND_QAT",-0.0669120294217139,26,TRUE
"IND_RUS",-0.135925168430597,10,TRUE
"IND_RWA",-0.0196071226863965,12,TRUE
"IND_SAU",0.117875193792886,20,TRUE
"IND_SEN",-0.183954458900907,14,TRUE
"IND_SHN",-0.849642941677294,20,TRUE
"IND_SLB",-0.453898254968329,17,TRUE
"IND_SLE",-0.0559672863639538,11,TRUE
"IND_SLV",-0.126576936565501,18,TRUE
"IND_SOM",-0.037380774468239,17,TRUE
"IND_SRB",-0.0991826060768348,4,TRUE
"IND_SUR",0.120378238888947,16,TRUE
"IND_SVK",-0.014646828713775,15,TRUE
"IND_SVN",-0.0424185571070697,18,TRUE
"IND_SWE",-0.0418074403873823,26,TRUE
"IND_SWZ",-0.122319128923053,16,TRUE
"IND_SYC",0.00926083878875807,22,TRUE
"IND_SYR",-0.0881084086904642,6,TRUE
"IND_TCA",-3.06015340261512,6,TRUE
"IND_TCD",0.198806289037608,6,TRUE
"IND_TGO",-0.0159333590044,6,TRUE
"IND_TJK",0.203905080189932,20,TRUE
"IND_TKL",-2.10499053736636,23,TRUE
"IND_TKM",0.141144496359877,4,TRUE
"IND_TLS",-1.92605521192864,10,TRUE
"IND_TON",-0.0282316908978196,7,TRUE
"IND_TUR",-0.0454582313761521,20,TRUE
"IND_TUV",-2.6588299617875,10,TRUE
"IND_TWN",0.0165349823130155,19,TRUE
"IND_UGA",-0.131563877006449,26,TRUE
"IND_UKR",-0.154743691258137,7,TRUE
"IND_USA",-0.0373483658308601,18,TRUE
"IND_UZB",0.201579620846684,4,TRUE
"IND_VCT",-0.25726989938768,7,TRUE
"IND_VGB",-0.952205310155978,4,TRUE
"IND_VUT",0.0611220691163699,5,TRUE
"IND_WLF",-1.02489572676861,15,TRUE
"IND_WSM",-0.396131426252077,16,TRUE
"IND_YEM",0.0195264428074689,22,TRUE
"IND_ZAF",0.0580273537213539,6,TRUE
"IND_ZMB",0.0637523115472971,19,TRUE
"IOT_CAN",0.120919281588329,9,TRUE
"IOT_CRI",-3.58883376228934,4,TRUE
"IOT_DOM",-2.90885769258506,7,TRUE
"IOT_IDN",-1.34173327882876,10,TRUE
"IOT_NZL",-1.71287866472813,7,TRUE
"IOT_PAK",-1.7876360351948,5,TRUE
"IOT_THA",-2.09209492097664,5,TRUE
"IOT_USA",0.372296600879633,8,TRUE
"IOT_ZAF",-0.314847793839452,7,TRUE
"IRL_AFG",-0.0304248026644328,15,TRUE
"IRL_AGO",-0.199902737466759,11,TRUE
"IRL_ARG",-0.00903817120987522,10,TRUE
"IRL_AUS",-0.0233336187026547,17,TRUE
"IRL_AZE",-0.0864183298545376,11,TRUE
"IRL_BDI",-1.865672340786,8,TRUE
"IRL_BEN",-0.582975756726158,8,TRUE
"IRL_BFA",-0.0837227381741995,15,TRUE
"IRL_BGD",-0.0333653342816917,25,TRUE
"IRL_BLR",-0.0836834695166783,10,TRUE
"IRL_BOL",-0.268680050930798,13,TRUE
"IRL_BRA",-0.00620057420968924,9,TRUE
"IRL_BRN",0.0457539767748,20,TRUE
"IRL_CAF",-0.836180385295694,10,TRUE
"IRL_CHN",-0.0363220455116107,5,TRUE
"IRL_COD",-0.0210463195842116,15,TRUE
"IRL_COG",-0.395090028171007,11,TRUE
"IRL_COM",-0.732672815835118,19,TRUE
"IRL_CPV",-0.879110799600767,18,TRUE
"IRL_CUB",-0.724046280393846,17,TRUE
"IRL_ERI",-4.42097444204609,12,TRUE
"IRL_ETH",-0.0487991402574286,11,TRUE
"IRL_GAB",-0.574460878972936,17,TRUE
"IRL_GIB",-0.097746853833823,19,TRUE
"IRL_GIN",-0.1851453248041,10,TRUE
"IRL_GMB",-0.30275933318788,24,TRUE
"IRL_GNQ",-0.504774741076799,13,TRUE
"IRL_GUM",-1.14092753790056,4,TRUE
"IRL_HKG",-0.10683453954555,13,TRUE
"IRL_HTI",-0.223820319788327,20,TRUE
"IRL_IDN",0.0199313078434269,8,TRUE
"IRL_IND",0.0226259246094883,14,TRUE
"IRL_IRN",-0.115356638063438,16,TRUE
"IRL_IRQ",0.092377409410649,12,TRUE
"IRL_KEN",-0.329558349130112,10,TRUE
"IRL_KGZ",-0.0613974060666026,21,TRUE
"IRL_KHM",-0.115046636367949,18,TRUE
"IRL_KWT",-0.0091294509970874,17,TRUE
"IRL_LAO",-0.192252098877783,20,TRUE
"IRL_LBR",0.0993974275848214,9,TRUE
"IRL_LBY",-0.362622707983348,9,TRUE
"IRL_LKA",-0.205616169602602,17,TRUE
"IRL_MAC",-0.503065306034288,23,TRUE
"IRL_MDV",-1.26897310143573,22,TRUE
"IRL_MLI",-0.774482253124472,4,TRUE
"IRL_MMR",-0.298720365660691,8,TRUE
"IRL_MNG",0.201216541286836,8,TRUE
"IRL_MRT",-0.364571824660747,8,TRUE
"IRL_MWI",0.0988226226583113,19,TRUE
"IRL_MYS",-0.284679597569645,12,TRUE
"IRL_NER",0.425021634115078,4,TRUE
"IRL_NPL",-0.910196473376024,22,TRUE
"IRL_NRU",-0.275389898525543,6,TRUE
"IRL_NZL",-0.0280577764495698,20,TRUE
"IRL_PAK",-0.270880696287925,15,TRUE
"IRL_PHL",-0.463081632519899,7,TRUE
"IRL_PRY",-0.207986767505061,15,TRUE
"IRL_QAT",-0.059883935240315,16,TRUE
"IRL_RUS",-0.125643746138287,22,TRUE
"IRL_RWA",-0.627141685022605,7,TRUE
"IRL_SAU",0.117123719992812,24,TRUE
"IRL_SDN",-0.157124691613237,18,TRUE
"IRL_SEN",-0.720576699741324,8,TRUE
"IRL_SLE",-0.632072915158122,12,TRUE
"IRL_SOM",-0.346191548532984,6,TRUE
"IRL_STP",-2.44090833355515,5,TRUE
"IRL_TCD",-0.162279815422845,12,TRUE
"IRL_TGO",0.10203712114457,11,TRUE
"IRL_THA",0.0705588237804126,7,TRUE
"IRL_TJK",-3.04170188200025,9,TRUE
"IRL_TKM",-0.594198329649316,12,TRUE
"IRL_TWN",-0.0662155680887898,9,TRUE
"IRL_TZA",-0.11238203237332,14,TRUE
"IRL_UGA",-0.0777147158040763,15,TRUE
"IRL_UMI",0.479808026957745,6,TRUE
"IRL_URY",-0.00754059903759767,15,TRUE
"IRL_USA",-0.00100326140093932,21,TRUE
"IRL_UZB",-0.64193326199206,17,TRUE
"IRL_VEN",-0.582284250750872,13,TRUE
"IRL_VNM",-0.990841045293732,19,TRUE
"IRL_WSM",-5.68042931595372,4,TRUE
"IRL_YEM",-0.549812796645701,8,TRUE
"IRL_ZMB",-0.145477662354408,18,TRUE
"IRN_AND",-1.29301882196696,17,TRUE
"IRN_ARE",-0.14170557878757,13,TRUE
"IRN_AUS",0.197662226730079,5,TRUE
"IRN_AUT",-0.48728784343361,11,TRUE
"IRN_BDI",-2.02242809236784,9,TRUE
"IRN_BEL",-0.222579853368412,14,TRUE
"IRN_BFA",-0.244660782020847,18,TRUE
"IRN_BHR",-0.441431673327523,9,TRUE
"IRN_BIH",0.51745484525378,5,TRUE
"IRN_BLZ",-0.728095222862567,6,TRUE
"IRN_BMU",-3.74496858933936,4,TRUE
"IRN_BRB",-0.570921593510671,23,TRUE
"IRN_BRN",-0.511076393287613,11,TRUE
"IRN_CAF",-1.86048985022124,13,TRUE
"IRN_CAN",-0.567045439270164,21,TRUE
"IRN_CHE",-1.1386235885823,10,TRUE
"IRN_CHN",-0.153626438820934,22,TRUE
"IRN_CIV",-0.153275183859194,17,TRUE
"IRN_COG",-0.578477670977739,15,TRUE
"IRN_CRI",-2.92525943800223,18,TRUE
"IRN_CYP",-0.722388824155754,14,TRUE
"IRN_CZE",-0.343262088808059,11,TRUE
"IRN_DEU",-0.0630090022930509,26,TRUE
"IRN_DNK",0.164619418140854,5,TRUE
"IRN_DOM",-0.360765196797241,4,TRUE
"IRN_ESP",-0.549186354959075,14,TRUE
"IRN_EST",0.183642692341254,9,TRUE
"IRN_ETH",-0.305868124711204,14,TRUE
"IRN_FIN",-0.983535416906225,12,TRUE
"IRN_FJI",-1.99976293688661,10,TRUE
"IRN_FRA",-0.75292566014472,16,TRUE
"IRN_FRO",-0.924723964827004,4,TRUE
"IRN_GAB",-0.734993390952064,12,TRUE
"IRN_GBR",-0.53999547658138,11,TRUE
"IRN_GEO",0.0102478841651432,13,TRUE
"IRN_GMB",-0.964779281952541,11,TRUE
"IRN_GRC",-1.96393965111145,6,TRUE
"IRN_GRD",-1.22474739697099,11,TRUE
"IRN_GRL",-0.216595018983061,6,TRUE
"IRN_GTM",-2.30221920099179,12,TRUE
"IRN_HKG",-0.365874767467269,4,TRUE
"IRN_HRV",-2.04123997575393,22,TRUE
"IRN_HUN",-0.773356324599244,17,TRUE
"IRN_IRL",-0.22475049733556,20,TRUE
"IRN_ISL",0.649736386113684,8,TRUE
"IRN_ISR",-1.55926340375447,5,TRUE
"IRN_ITA",-0.172591172497486,25,TRUE
"IRN_JOR",-0.176982415546129,11,TRUE
"IRN_JPN",-0.0388337836377319,22,TRUE
"IRN_KEN",-0.100457359097845,14,TRUE
"IRN_KWT",0.0977881411319333,21,TRUE
"IRN_LBN",-0.0774000223088124,14,TRUE
"IRN_LCA",-0.320445019079501,7,TRUE
"IRN_LTU",0.10957079300449,9,TRUE
"IRN_LUX",-1.50721796405387,12,TRUE
"IRN_LVA",-0.299177024843171,11,TRUE
"IRN_MAC",-1.19581402817121,11,TRUE
"IRN_MDG",-3.63716812761806,12,TRUE
"IRN_MDV",-0.211134789275037,8,TRUE
"IRN_MKD",0.23853633054875,7,TRUE
"IRN_MLI",-0.268279155283806,13,TRUE
"IRN_MLT",-1.87184344357775,12,TRUE
"IRN_MNE",0.387975093768917,8,TRUE
"IRN_MRT",-0.628604539985679,8,TRUE
"IRN_MUS",-0.852918900905501,17,TRUE
"IRN_MWI",-1.93666292838944,4,TRUE
"IRN_MYT",-1.20609519334264,4,TRUE
"IRN_NCL",-0.0426377198480676,4,TRUE
"IRN_NER",-0.37164050573287,15,TRUE
"IRN_NLD",-1.79158794025989,8,TRUE
"IRN_NOR",-0.209390446518166,7,TRUE
"IRN_NPL",-1.50861539248638,5,TRUE
"IRN_NZL",-0.817229305945838,18,TRUE
"IRN_PAN",-0.262931501023173,14,TRUE
"IRN_PRT",-1.0579526778742,21,TRUE
"IRN_PYF",-1.84687962450012,4,TRUE
"IRN_QAT",-0.36586764889769,15,TRUE
"IRN_RWA",-0.843693631792015,15,TRUE
"IRN_SAU",-5.59343470165518,4,TRUE
"IRN_SEN",-0.374507902557719,17,TRUE
"IRN_SLE",-0.587775653245509,11,TRUE
"IRN_SLV",-1.07784182190766,7,TRUE
"IRN_SRB",0.79128464916199,4,TRUE
"IRN_SVK",-0.0691361289289915,16,TRUE
"IRN_SVN",-0.262830410001866,17,TRUE
"IRN_SWE",-1.65669801531927,17,TRUE
"IRN_SYR",0.498279136943273,12,TRUE
"IRN_TGO",-0.444933526141367,20,TRUE
"IRN_TWN",-0.133696651044663,23,TRUE
"IRN_UGA",-0.00852721115645753,16,TRUE
"IRN_UKR",0.0203117797542074,14,TRUE
"IRN_URY",-2.18355907309107,21,TRUE
"IRN_USA",-1.53148606495959,17,TRUE
"IRN_VCT",-0.432992911179219,10,TRUE
"IRN_YEM",-0.00983791842560165,12,TRUE
"IRN_ZAF",-4.48787382681082,4,TRUE
"IRN_ZMB",-0.940380673942329,13,TRUE
"IRQ_AGO",-5.87058190329188,5,TRUE
"IRQ_ARM",-2.39988154869137,4,TRUE
"IRQ_AUT",-0.100276855784634,4,TRUE
"IRQ_BEL",-0.157431437942249,7,TRUE
"IRQ_BGR",-1.60879332601705,5,TRUE
"IRQ_BLR",-4.16779215889815,4,TRUE
"IRQ_CAN",-5.07656438463193,7,TRUE
"IRQ_CHE",-2.22731625433766,7,TRUE
"IRQ_CHN",-0.997865896552179,18,TRUE
"IRQ_DEU",-0.103780870288254,13,TRUE
"IRQ_DNK",-1.33225939283268,4,TRUE
"IRQ_ESP",-0.169748810372757,12,TRUE
"IRQ_ETH",-3.95102499325223,9,TRUE
"IRQ_FIN",-0.667913665524746,8,TRUE
"IRQ_FRA",-0.327895213196737,17,TRUE
"IRQ_GBR",-1.29158413933911,8,TRUE
"IRQ_GEO",-0.0523761478194074,7,TRUE
"IRQ_GRC",-1.1702345273911,14,TRUE
"IRQ_HRV",-2.77200175026147,20,TRUE
"IRQ_HUN",0.913518692584786,6,TRUE
"IRQ_ITA",-0.0214147991119075,18,TRUE
"IRQ_JPN",-0.168418671956792,17,TRUE
"IRQ_NLD",-0.016806465518633,12,TRUE
"IRQ_NOR",-0.808547330839065,7,TRUE
"IRQ_NPL",-1.80886084306594,5,TRUE
"IRQ_NZL",-7.42947162758041,8,TRUE
"IRQ_POL",-0.822842367981468,5,TRUE
"IRQ_PRT",-2.13663489863595,11,TRUE
"IRQ_RUS",-0.88140223014638,12,TRUE
"IRQ_SRB",-1.48848365306554,5,TRUE
"IRQ_SVK",-2.50562993476692,5,TRUE
"IRQ_TUR",0.216401813555148,5,TRUE
"IRQ_TWN",-0.20386643979417,9,TRUE
"IRQ_UKR",-4.52123363349352,7,TRUE
"IRQ_USA",-0.303846878666137,9,TRUE
"IRQ_ZAF",-7.50995904864989,4,TRUE
"ISL_AGO",-1.49073978077585,4,TRUE
"ISL_AND",0.253789475580284,6,TRUE
"ISL_ARG",-0.041671382429079,12,TRUE
"ISL_ARM",-0.515271180782284,6,TRUE
"ISL_AUS",-0.0319913653216583,7,TRUE
"ISL_AZE",-0.667913444969148,13,TRUE
"ISL_BGD",-1.48697071125954,13,TRUE
"ISL_BHS",0.565057062203612,5,TRUE
"ISL_BLR",-0.468899517760286,8,TRUE
"ISL_BLZ",-3.93738259601256,10,TRUE
"ISL_BMU",-0.128096356115655,5,TRUE
"ISL_BOL",-0.525582661221538,7,TRUE
"ISL_BRB",-0.584280425688252,14,TRUE
"ISL_BRN",-0.100679378678439,8,TRUE
"ISL_CIV",-0.000628446747355036,7,TRUE
"ISL_CMR",-2.06723213565559,9,TRUE
"ISL_CUB",-1.33080622097263,4,TRUE
"ISL_DZA",-0.693912685932534,18,TRUE
"ISL_ECU",-0.552626745003702,14,TRUE
"ISL_ETH",-1.86211950505495,9,TRUE
"ISL_FJI",-2.25184690244364,4,TRUE
"ISL_GAB",-0.917882569784055,17,TRUE
"ISL_GHA",-0.832684114532489,13,TRUE
"ISL_GIB",0.689185140075101,4,TRUE
"ISL_GRD",-1.89830147687739,7,TRUE
"ISL_GRL",0.464770436101647,6,TRUE
"ISL_GTM",-0.823068282523333,9,TRUE
"ISL_GUY",-1.13293435355782,5,TRUE
"ISL_IDN",-0.268468386586281,18,TRUE
"ISL_IND",-0.446897035844954,6,TRUE
"ISL_IRN",-0.796946163531078,10,TRUE
"ISL_JAM",-1.68040388581723,15,TRUE
"ISL_JPN",-0.0714112917570596,21,TRUE
"ISL_KAZ",-0.0344638009919346,11,TRUE
"ISL_KEN",-0.391905157177027,5,TRUE
"ISL_KGZ",-1.95522147643099,12,TRUE
"ISL_KNA",-3.10394768822025,5,TRUE
"ISL_LBR",-1.25846065635708,5,TRUE
"ISL_LKA",-1.17245888011487,9,TRUE
"ISL_MAC",-1.10701702755953,7,TRUE
"ISL_MDA",-0.00554924732065398,5,TRUE
"ISL_MDG",-1.75286159208944,12,TRUE
"ISL_MHL",-0.985688186135716,4,TRUE
"ISL_MMR",-2.53020403714171,4,TRUE
"ISL_MOZ",-2.84876334046217,5,TRUE
"ISL_MRT",-2.05640297658454,6,TRUE
"ISL_MUS",-0.635674181670182,9,TRUE
"ISL_MWI",-3.39533008368943,5,TRUE
"ISL_MYS",-1.34656594234868,9,TRUE
"ISL_NCL",-0.223922299495188,9,TRUE
"ISL_NER",-3.23972157234607,11,TRUE
"ISL_NGA",-0.0776870523586865,9,TRUE
"ISL_NIC",-0.936648739352598,4,TRUE
"ISL_NPL",-6.33597282866265,5,TRUE
"ISL_NZL",-0.0721562544348973,14,TRUE
"ISL_PAK",-0.63885897073458,9,TRUE
"ISL_PRY",0.166341648049138,5,TRUE
"ISL_PYF",-0.270683628934139,6,TRUE
"ISL_RUS",-0.295916775355281,8,TRUE
"ISL_RWA",-1.82933878394889,4,TRUE
"ISL_SDN",-1.08576906525691,7,TRUE
"ISL_SEN",-0.189316973529227,10,TRUE
"ISL_SLV",-2.34473838515963,5,TRUE
"ISL_SYC",-1.86323555980103,11,TRUE
"ISL_THA",-0.426392333402547,7,TRUE
"ISL_TTO",-1.19171365873439,13,TRUE
"ISL_TWN",-0.305494011406277,21,TRUE
"ISL_TZA",-2.10275091139314,16,TRUE
"ISL_UGA",-1.00044711824355,18,TRUE
"ISL_URY",-0.664023859883083,19,TRUE
"ISL_USA",0.248244159848487,4,TRUE
"ISL_VCT",-1.43714568161749,9,TRUE
"ISL_VEN",-2.88936404401134,9,TRUE
"ISL_VGB",-1.05532038576201,9,TRUE
"ISL_VNM",-0.177964191820289,11,TRUE
"ISL_YEM",-2.32645223320952,7,TRUE
"ISL_ZMB",-0.836369147115006,8,TRUE
"ISL_ZWE",-2.6306117465865,9,TRUE
"ISR_ABW",-0.451617479689258,16,TRUE
"ISR_AFG",-0.907243130419225,8,TRUE
"ISR_AGO",-0.127822948113974,6,TRUE
"ISR_ALB",0.0378661660738592,5,TRUE
"ISR_AND",-0.882580531426292,17,TRUE
"ISR_ANT",-0.0158287495331595,6,TRUE
"ISR_ARE",-2.02669665498436,5,TRUE
"ISR_ARM",-1.24941204035973,8,TRUE
"ISR_ATG",-0.244584420224872,5,TRUE
"ISR_AUS",-0.0477580930506726,9,TRUE
"ISR_AZE",0.0237631985809948,10,TRUE
"ISR_BDI",-0.911008443773531,14,TRUE
"ISR_BEN",-1.26273668843971,14,TRUE
"ISR_BFA",-0.128693159336231,16,TRUE
"ISR_BHS",-1.58572373495542,11,TRUE
"ISR_BIH",-0.217397907911206,7,TRUE
"ISR_BLR",-0.03605548556213,16,TRUE
"ISR_BLZ",-0.234898085750907,18,TRUE
"ISR_BMU",-2.61373171015274,18,TRUE
"ISR_BOL",-0.270059337187079,12,TRUE
"ISR_BRB",-0.417515827071545,9,TRUE
"ISR_BRN",-0.539190633267316,10,TRUE
"ISR_BTN",0.593875117753077,4,TRUE
"ISR_BWA",-0.345203313248678,6,TRUE
"ISR_CAF",-1.48917819235225,18,TRUE
"ISR_CHN",-0.0622462619959914,21,TRUE
"ISR_CIV",-0.16931786798159,13,TRUE
"ISR_CMR",-1.00898179873467,5,TRUE
"ISR_COD",-0.307404100961868,6,TRUE
"ISR_COG",-0.135952390757422,7,TRUE
"ISR_COL",-0.608756596701122,5,TRUE
"ISR_CPV",-1.31308891024579,13,TRUE
"ISR_CRI",-0.526724747518471,4,TRUE
"ISR_CUB",-2.63100426622183,5,TRUE
"ISR_CYM",0.294094539693677,7,TRUE
"ISR_DJI",-1.4343051749706,4,TRUE
"ISR_DMA",-1.63022404342693,6,TRUE
"ISR_DOM",0.043289376417808,17,TRUE
"ISR_ECU",-0.312695889361756,10,TRUE
"ISR_ERI",-3.2107751270431,7,TRUE
"ISR_ETH",-0.694559719346865,6,TRUE
"ISR_FJI",-0.506405291894268,4,TRUE
"ISR_FRO",-4.20534631775777,5,TRUE
"ISR_GAB",-0.111950723958044,7,TRUE
"ISR_GEO",-0.0770434785938229,15,TRUE
"ISR_GHA",-0.328151204533733,16,TRUE
"ISR_GIB",-0.511042871081082,6,TRUE
"ISR_GIN",-0.998872729510928,7,TRUE
"ISR_GMB",-0.963933495885804,5,TRUE
"ISR_GNQ",-1.35505984472688,8,TRUE
"ISR_GRD",-0.890998635917655,20,TRUE
"ISR_GRL",-2.65259452940526,7,TRUE
"ISR_GTM",-0.0567338958027007,16,TRUE
"ISR_GUY",-0.0110066208992006,11,TRUE
"ISR_HKG",0.00934539007695188,10,TRUE
"ISR_HND",-0.0575084316183037,17,TRUE
"ISR_HTI",-1.8884354203165,4,TRUE
"ISR_IDN",-0.139765558384578,9,TRUE
"ISR_IND",-0.0402576537749845,14,TRUE
"ISR_IRQ",-0.77999570910134,5,TRUE
"ISR_JAM",-0.566549926625234,10,TRUE
"ISR_JOR",-0.205966261395117,15,TRUE
"ISR_JPN",0.136574797211884,6,TRUE
"ISR_KAZ",-0.112572572657448,12,TRUE
"ISR_KEN",-0.00104984120000208,18,TRUE
"ISR_KGZ",-0.17172091689116,19,TRUE
"ISR_KHM",-0.0435963402531915,13,TRUE
"ISR_KWT",-0.19026158484807,6,TRUE
"ISR_LAO",-1.64426317233222,7,TRUE
"ISR_LBN",-2.53087599918529,4,TRUE
"ISR_LBR",0.102282211861767,9,TRUE
"ISR_LBY",-1.27496910354506,4,TRUE
"ISR_LCA",-1.62774358161977,7,TRUE
"ISR_LKA",0.0608526032220724,23,TRUE
"ISR_LSO",0.0377550344241692,10,TRUE
"ISR_MAC",-1.24605071099428,10,TRUE
"ISR_MAR",-0.427547424165122,13,TRUE
"ISR_MDA",-0.160038102609571,12,TRUE
"ISR_MDG",-0.338775098062372,10,TRUE
"ISR_MDV",-2.04061884088577,7,TRUE
"ISR_MKD",-0.0723092000506654,17,TRUE
"ISR_MLI",-0.256278398049694,7,TRUE
"ISR_MMR",-0.440530811570769,11,TRUE
"ISR_MNG",-1.21827870993813,6,TRUE
"ISR_MOZ",-0.622813797468246,9,TRUE
"ISR_MRT",-1.66825817209639,9,TRUE
"ISR_MUS",-0.560236773382702,9,TRUE
"ISR_MWI",-0.588742068726008,6,TRUE
"ISR_MYS",-0.949890274194055,12,TRUE
"ISR_MYT",-1.5368826836502,7,TRUE
"ISR_NAM",-1.25896100227503,8,TRUE
"ISR_NCL",-0.549254823493273,7,TRUE
"ISR_NER",-0.64290934988779,19,TRUE
"ISR_NGA",0.0940991923359769,12,TRUE
"ISR_NIC",-0.00296498141616537,17,TRUE
"ISR_NPL",-0.0360822853200107,19,TRUE
"ISR_NZL",-0.00527742153748418,13,TRUE
"ISR_OMN",-0.989070589934376,9,TRUE
"ISR_PAN",0.176668547791367,13,TRUE
"ISR_PNG",-0.395900166441243,6,TRUE
"ISR_PSE",-0.0440577675372846,6,TRUE
"ISR_PYF",-0.00440532288637021,18,TRUE
"ISR_QAT",-1.76613500283809,4,TRUE
"ISR_RUS",0.0233814036522289,15,TRUE
"ISR_RWA",-0.779988502931427,4,TRUE
"ISR_SAU",-1.96928632198684,7,TRUE
"ISR_SEN",-0.339835212659563,8,TRUE
"ISR_SGP",-0.0579587034232563,8,TRUE
"ISR_SLE",-0.609903826610625,5,TRUE
"ISR_SLV",-0.107210649257196,11,TRUE
"ISR_SUR",-0.997218736127256,16,TRUE
"ISR_SWZ",-0.0961234841972814,13,TRUE
"ISR_SYC",-0.216168159130713,4,TRUE
"ISR_TCA",0.0389710795193777,6,TRUE
"ISR_TCD",-0.251917300201018,6,TRUE
"ISR_TGO",-0.549624124543883,12,TRUE
"ISR_THA",-0.110379221799035,15,TRUE
"ISR_TJK",-0.132551567629028,19,TRUE
"ISR_TKM",-0.594016105517043,17,TRUE
"ISR_TTO",-0.349178993891707,9,TRUE
"ISR_TWN",0.0831447781556156,21,TRUE
"ISR_TZA",-0.382602947091241,7,TRUE
"ISR_UGA",0.0779563189182252,19,TRUE
"ISR_UKR",0.00407055551908695,11,TRUE
"ISR_UZB",-0.105793741608517,18,TRUE
"ISR_VCT",0.114694854272847,9,TRUE
"ISR_VGB",-1.36723674134064,4,TRUE
"ISR_VNM",-0.155274594534228,13,TRUE
"ISR_WSM",-1.73298328940555,11,TRUE
"ISR_ZMB",-0.8033280411013,9,TRUE
"ISR_ZWE",0.0499065975066633,23,TRUE
"ITA_AFG",-0.0603291174883825,21,TRUE
"ITA_AGO",0.0181982282325217,18,TRUE
"ITA_ARE",0.00159838267351748,21,TRUE
"ITA_ARG",-0.0441655786970003,5,TRUE
"ITA_ASM",-0.0588293316441083,10,TRUE
"ITA_AUS",-0.0113044921161136,4,TRUE
"ITA_AZE",0.218329468529089,6,TRUE
"ITA_BDI",-0.294609844860114,17,TRUE
"ITA_BEN",-0.0529439093553173,18,TRUE
"ITA_BFA",-0.00745115854141311,7,TRUE
"ITA_BGD",-0.0822962041475634,26,TRUE
"ITA_BHR",0.00501995706701297,16,TRUE
"ITA_BLR",0.0010390421590122,5,TRUE
"ITA_BOL",0.0197905532945791,11,TRUE
"ITA_BRA",-0.0456880768238631,14,TRUE
"ITA_BRN",-0.0599783009653281,7,TRUE
"ITA_BTN",-0.181662788970334,8,TRUE
"ITA_CAF",-0.0846220111791321,13,TRUE
"ITA_CHN",0.0386856612021999,23,TRUE
"ITA_COD",0.0384936785260883,16,TRUE
"ITA_COG",0.0701396335278049,21,TRUE
"ITA_COK",-0.157550931004976,7,TRUE
"ITA_COM",-0.306759092703855,20,TRUE
"ITA_CPV",-0.0395094115186023,14,TRUE
"ITA_CUB",0.0690902491222925,17,TRUE
"ITA_DJI",-0.74379225098171,4,TRUE
"ITA_ERI",-0.187078296647451,13,TRUE
"ITA_ETH",-0.261619226972779,7,TRUE
"ITA_FSM",-2.36841047943741,5,TRUE
"ITA_GAB",-0.115207705309913,7,TRUE
"ITA_GIB",0.0452376986243041,11,TRUE
"ITA_GIN",-0.384307182406343,4,TRUE
"ITA_GMB",-0.210892451186991,23,TRUE
"ITA_GNB",-0.393859566248505,17,TRUE
"ITA_GNQ",-0.35415196200012,5,TRUE
"ITA_GUM",-0.288665704018658,11,TRUE
"ITA_HKG",-0.0303813975371362,14,TRUE
"ITA_HTI",0.106151650010727,7,TRUE
"ITA_IDN",-0.031887742688848,12,TRUE
"ITA_IND",-0.00810585545766402,20,TRUE
"ITA_IRN",-0.0067610712010447,26,TRUE
"ITA_IRQ",-0.11509062172662,14,TRUE
"ITA_KAZ",0.016411540777582,14,TRUE
"ITA_KEN",-0.0793518780451765,8,TRUE
"ITA_KGZ",-0.0462183481654516,17,TRUE
"ITA_KHM",-0.336173278157047,16,TRUE
"ITA_KIR",-1.44187083864602,5,TRUE
"ITA_KWT",0.0501131191606602,22,TRUE
"ITA_LAO",-0.157493856590638,10,TRUE
"ITA_LBR",-1.8088118370181,6,TRUE
"ITA_LBY",-0.0875683485669059,12,TRUE
"ITA_LKA",-0.0373479572428882,25,TRUE
"ITA_MAC",-0.181914506276523,5,TRUE
"ITA_MDV",0.0148845958510694,14,TRUE
"ITA_MHL",-1.11103867205739,9,TRUE
"ITA_MLI",-0.0775968220010855,23,TRUE
"ITA_MMR",-0.00141106328470169,14,TRUE
"ITA_MNG",-0.236632670078609,16,TRUE
"ITA_MNP",0.0949755729872656,14,TRUE
"ITA_MRT",-0.0929405447467861,17,TRUE
"ITA_MWI",-0.12076480042564,15,TRUE
"ITA_MYS",-0.00696548689658904,17,TRUE
"ITA_NER",-0.131755752821075,15,TRUE
"ITA_NPL",-0.0940712077034983,12,TRUE
"ITA_NZL",-0.00783313144341209,20,TRUE
"ITA_OMN",0.105274078122548,4,TRUE
"ITA_PAK",-0.0918679156559123,12,TRUE
"ITA_PHL",0.232762747003364,8,TRUE
"ITA_PLW",0.23888377853676,7,TRUE
"ITA_PRK",-1.5667816651553,11,TRUE
"ITA_PRY",-0.243864811219748,18,TRUE
"ITA_RUS",0.0122456781763583,17,TRUE
"ITA_RWA",-0.0505839135926156,12,TRUE
"ITA_SAU",-0.0150829439886209,16,TRUE
"ITA_SEN",0.042969778348549,21,TRUE
"ITA_SLB",-0.876765455197154,7,TRUE
"ITA_SLE",-0.130908323396002,19,TRUE
"ITA_SOM",-0.413243010224947,14,TRUE
"ITA_STP",-0.550211600950793,5,TRUE
"ITA_TCD",-0.430636620060777,21,TRUE
"ITA_TGO",-0.177759518186205,14,TRUE
"ITA_THA",0.0120455549645411,4,TRUE
"ITA_TJK",0.137663660457943,20,TRUE
"ITA_TKL",0.405438087950884,8,TRUE
"ITA_TKM",-0.0979593624655542,17,TRUE
"ITA_TON",-0.632087530911088,4,TRUE
"ITA_TUV",-0.654602016942338,10,TRUE
"ITA_TWN",-0.030703198601642,20,TRUE
"ITA_TZA",-0.320166129062507,8,TRUE
"ITA_UGA",-0.224877144084079,13,TRUE
"ITA_USA",0.010720060309863,21,TRUE
"ITA_UZB",0.0838859305583532,6,TRUE
"ITA_VAT",0.0386919251380713,8,TRUE
"ITA_VEN",-0.344950331344102,8,TRUE
"ITA_VNM",-0.0163918895764253,19,TRUE
"ITA_VUT",-0.687798226496186,15,TRUE
"ITA_WSM",-0.12870284328477,18,TRUE
"ITA_YEM",-0.700194318853844,8,TRUE
"ITA_ZMB",-0.0327425662576194,7,TRUE
"JAM_AIA",0.380021225259292,10,TRUE
"JAM_AND",0.22160516467649,7,TRUE
"JAM_ANT",0.440921572246717,6,TRUE
"JAM_ARE",-0.895107155211744,11,TRUE
"JAM_ARG",-2.5265184313163,13,TRUE
"JAM_AUS",0.268902824806349,4,TRUE
"JAM_BEN",-0.506698155462643,4,TRUE
"JAM_BGD",-6.11929553241286,5,TRUE
"JAM_BHR",-0.681434452541195,4,TRUE
"JAM_BLR",0.299597547340958,8,TRUE
"JAM_BMU",-0.128971758768424,13,TRUE
"JAM_BOL",-3.08796193436581,6,TRUE
"JAM_BRA",-1.60484212425425,12,TRUE
"JAM_CAN",-0.0296302308832856,26,TRUE
"JAM_CHE",0.0213473338831882,25,TRUE
"JAM_CHL",-0.236119929231438,17,TRUE
"JAM_CHN",-1.51364847336082,13,TRUE
"JAM_COL",-0.260874139809838,23,TRUE
"JAM_CRI",-1.11204878661025,19,TRUE
"JAM_CUB",0.27234064343803,17,TRUE
"JAM_CYM",0.31360029876529,10,TRUE
"JAM_DOM",-0.0706439547785885,17,TRUE
"JAM_ETH",-2.33550457266725,7,TRUE
"JAM_FRO",0.351024402933675,5,TRUE
"JAM_GEO",0.0215869725810354,6,TRUE
"JAM_GHA",-2.4483508743466,11,TRUE
"JAM_GTM",0.526541934536973,5,TRUE
"JAM_HKG",0.0149491649537421,7,TRUE
"JAM_HND",-2.42392174922276,11,TRUE
"JAM_IDN",-0.126831240026733,11,TRUE
"JAM_IND",-0.180962912873872,7,TRUE
"JAM_ISR",-0.398686137435234,5,TRUE
"JAM_JOR",-0.482382239608147,4,TRUE
"JAM_JPN",0.0991865898389168,16,TRUE
"JAM_KAZ",-0.175278658102869,12,TRUE
"JAM_KEN",-2.01743274710762,9,TRUE
"JAM_KOR",-0.0445225777809928,17,TRUE
"JAM_LBN",-0.752708276944977,14,TRUE
"JAM_MAC",0.0829587926070564,17,TRUE
"JAM_MAR",0.298660298836459,4,TRUE
"JAM_MDA",0.477326646241748,9,TRUE
"JAM_MDV",-0.355839966056828,4,TRUE
"JAM_MEX",-0.903781542807203,7,TRUE
"JAM_MKD",-1.51611903116768,7,TRUE
"JAM_MNE",-2.83613948655353,5,TRUE
"JAM_MOZ",-0.0622845932751259,9,TRUE
"JAM_MUS",-0.435508288832711,7,TRUE
"JAM_MWI",-0.297245605776465,4,TRUE
"JAM_MYS",-0.493509568938486,22,TRUE
"JAM_NGA",-0.880992532896331,13,TRUE
"JAM_NIC",-2.2644643655475,11,TRUE
"JAM_NOR",-1.22046958236495,23,TRUE
"JAM_NZL",0.0502088943984095,25,TRUE
"JAM_PAK",-0.532872211005393,10,TRUE
"JAM_PAN",0.441863950055011,13,TRUE
"JAM_PER",0.133496909347666,14,TRUE
"JAM_PHL",0.772777823125865,8,TRUE
"JAM_PYF",0.0383500443290949,5,TRUE
"JAM_RUS",0.207472007261604,7,TRUE
"JAM_SDN",0.225296028511953,7,TRUE
"JAM_SGP",0.198012837073858,11,TRUE
"JAM_SLV",-0.805346705194385,8,TRUE
"JAM_SWZ",-1.86768338838297,5,TRUE
"JAM_TCA",0.179016552588626,17,TRUE
"JAM_TGO",-0.563748022481064,9,TRUE
"JAM_THA",-0.0714923114466124,17,TRUE
"JAM_TUN",-1.13035528702712,20,TRUE
"JAM_TUR",0.224440313043555,7,TRUE
"JAM_TWN",-0.270911626817662,18,TRUE
"JAM_TZA",-0.835546703004057,8,TRUE
"JAM_UGA",-0.252823122252627,10,TRUE
"JAM_UKR",-2.09266059268915,14,TRUE
"JAM_USA",-0.115270141725172,21,TRUE
"JAM_VEN",-1.29803309241307,8,TRUE
"JAM_VGB",2.35847282599866,4,TRUE
"JAM_VNM",0.2883699843468,7,TRUE
"JAM_ZAF",-1.90274658308456,9,TRUE
"JAM_ZMB",-0.59239035424823,8,TRUE
"JAM_ZWE",-1.60044548459538,10,TRUE
"JOR_AGO",0.676439965742032,4,TRUE
"JOR_ALB",-0.09483166238791,19,TRUE
"JOR_AND",0.506979953267234,5,TRUE
"JOR_ARM",-0.625520828775154,15,TRUE
"JOR_AUS",-0.626271963856029,18,TRUE
"JOR_AZE",-0.158989757201772,15,TRUE
"JOR_BEN",0.107805536975015,7,TRUE
"JOR_BGD",-0.301003720549041,5,TRUE
"JOR_BIH",-0.328732649046374,7,TRUE
"JOR_BLR",-0.444347790258038,7,TRUE
"JOR_BOL",0.77207151644208,4,TRUE
"JOR_BRA",-0.558212411484334,13,TRUE
"JOR_BRB",-0.829960285860813,13,TRUE
"JOR_BRN",-0.273614478222327,6,TRUE
"JOR_CHL",-0.215145794674838,17,TRUE
"JOR_CHN",-0.10100912603388,17,TRUE
"JOR_CMR",0.343439118982532,9,TRUE
"JOR_COG",-0.551980975022611,10,TRUE
"JOR_COL",0.111599883636459,12,TRUE
"JOR_CRI",0.489542020412174,4,TRUE
"JOR_DJI",-0.135643195574266,9,TRUE
"JOR_ECU",0.455831202709825,4,TRUE
"JOR_ERI",-2.29288697488474,8,TRUE
"JOR_ETH",-0.670735676349755,15,TRUE
"JOR_FJI",-1.60205705342562,7,TRUE
"JOR_GAB",-0.212015265650312,13,TRUE
"JOR_GEO",-0.256809508439307,11,TRUE
"JOR_GHA",-0.505408382072257,17,TRUE
"JOR_GIN",-0.284812120750975,11,TRUE
"JOR_GTM",0.153281925966141,11,TRUE
"JOR_GUY",-0.600105314385738,6,TRUE
"JOR_HKG",-0.118162937808838,14,TRUE
"JOR_HND",0.155911637005431,7,TRUE
"JOR_IDN",0.216193548265708,10,TRUE
"JOR_IND",0.0100303463990579,20,TRUE
"JOR_IRN",-0.198158212384331,5,TRUE
"JOR_JAM",0.215975403499464,8,TRUE
"JOR_JPN",-0.0315047221495213,18,TRUE
"JOR_KAZ",-0.0875550401627659,15,TRUE
"JOR_KEN",-0.0142193775816687,14,TRUE
"JOR_KGZ",-0.791000558445733,15,TRUE
"JOR_KHM",-0.859515794426484,10,TRUE
"JOR_KOR",0.180827680621279,7,TRUE
"JOR_LCA",-2.93276312734655,11,TRUE
"JOR_LKA",-0.70920593398273,25,TRUE
"JOR_LSO",-1.34824263899706,4,TRUE
"JOR_MDA",-0.32935936921805,18,TRUE
"JOR_MDG",-0.625339963293802,4,TRUE
"JOR_MDV",-0.508350564486253,8,TRUE
"JOR_MEX",0.213452060266327,9,TRUE
"JOR_MKD",-3.50099766453825,8,TRUE
"JOR_MLI",-0.220708879696172,7,TRUE
"JOR_MMR",-1.02890431530943,5,TRUE
"JOR_MNE",0.249863545335432,5,TRUE
"JOR_MOZ",-0.813866113859539,5,TRUE
"JOR_MUS",-0.953711956010695,20,TRUE
"JOR_MYS",-0.0603101615128908,22,TRUE
"JOR_NAM",-2.55115449421803,5,TRUE
"JOR_NCL",-0.913092483608832,6,TRUE
"JOR_NER",-0.378701108447326,6,TRUE
"JOR_NGA",-0.239309857714363,10,TRUE
"JOR_NIC",-0.150040007804543,9,TRUE
"JOR_NPL",-0.169893299904983,5,TRUE
"JOR_NZL",-0.976788498202154,11,TRUE
"JOR_PAK",-0.348006681021688,11,TRUE
"JOR_PAN",0.541043317799201,7,TRUE
"JOR_PER",-0.0679953089360316,12,TRUE
"JOR_PHL",-0.561565513630804,14,TRUE
"JOR_PRY",0.296028331735176,7,TRUE
"JOR_PYF",0.232808942929027,6,TRUE
"JOR_RUS",0.0985272998992349,13,TRUE
"JOR_SEN",-0.0691301097805465,7,TRUE
"JOR_SLV",0.120229701619245,10,TRUE
"JOR_SOM",-0.227480355229239,11,TRUE
"JOR_SRB",-0.811006919861803,9,TRUE
"JOR_TCD",0.8602178678157,4,TRUE
"JOR_TGO",-1.21935590228645,6,TRUE
"JOR_THA",-0.365661576214946,17,TRUE
"JOR_TJK",0.605522366739636,4,TRUE
"JOR_TTO",0.0775465254858999,14,TRUE
"JOR_TWN",0.231165220581991,10,TRUE
"JOR_TZA",-0.359733880546901,7,TRUE
"JOR_UGA",-0.0844801235740371,16,TRUE
"JOR_UKR",0.0505982028857149,17,TRUE
"JOR_URY",-0.3314921114246,12,TRUE
"JOR_UZB",0.111639799809932,5,TRUE
"JOR_VNM",-0.193278333726556,16,TRUE
"JOR_ZAF",0.318894593019568,5,TRUE
"JOR_ZMB",-0.619193722968687,5,TRUE
"JOR_ZWE",-0.512833565127036,4,TRUE
"JPN_AFG",0.422748886306129,4,TRUE
"JPN_AGO",-0.245625920720648,18,TRUE
"JPN_AIA",0.494822858613904,21,TRUE
"JPN_ALB",0.183301550194405,5,TRUE
"JPN_AND",-1.09970409360433,11,TRUE
"JPN_ANT",-0.338827153939127,9,TRUE
"JPN_ARE",0.036187103907955,15,TRUE
"JPN_ARG",-0.0220047908412183,16,TRUE
"JPN_ARM",-0.484615844211176,20,TRUE
"JPN_ASM",-0.705381061410981,8,TRUE
"JPN_ATG",-0.143970011261847,24,TRUE
"JPN_AZE",-0.117408107237736,20,TRUE
"JPN_BDI",0.128831325050046,18,TRUE
"JPN_BEN",-0.125299412847403,24,TRUE
"JPN_BFA",-0.182791993252343,25,TRUE
"JPN_BGD",0.105414560631509,11,TRUE
"JPN_BHR",0.106455405717418,13,TRUE
"JPN_BHS",-0.0125498410703105,11,TRUE
"JPN_BIH",0.139993229369349,4,TRUE
"JPN_BLR",0.000115493097766681,18,TRUE
"JPN_BLZ",-0.643665113224698,14,TRUE
"JPN_BMU",-1.41157950880124,23,TRUE
"JPN_BOL",0.0738761222405955,16,TRUE
"JPN_BRA",-0.127457287680685,5,TRUE
"JPN_BRB",-0.189266262407604,9,TRUE
"JPN_BTN",-0.0710790031338323,7,TRUE
"JPN_BWA",0.112949786628903,14,TRUE
"JPN_CAF",-0.451498952844964,20,TRUE
"JPN_CCK",-0.0250699054770682,5,TRUE
"JPN_CHN",0.0200941504340548,22,TRUE
"JPN_CIV",0.0104265344386959,15,TRUE
"JPN_CMR",-0.0480225269353975,25,TRUE
"JPN_COD",-0.230186140695551,16,TRUE
"JPN_COG",-1.47358783560552,4,TRUE
"JPN_COK",0.426856478634347,7,TRUE
"JPN_COL",-0.142560749337459,4,TRUE
"JPN_COM",-0.442409369486541,13,TRUE
"JPN_CRI",0.0561297177775468,18,TRUE
"JPN_CUB",-0.288147114469837,25,TRUE
"JPN_CYM",-0.7234114700186,18,TRUE
"JPN_DJI",-0.48722884860512,5,TRUE
"JPN_DMA",-0.221226119068251,4,TRUE
"JPN_DOM",-0.111831709268225,10,TRUE
"JPN_DZA",-0.0216264786899288,17,TRUE
"JPN_ECU",-0.0855707886785213,23,TRUE
"JPN_EGY",0.00311101693260829,22,TRUE
"JPN_ERI",-0.989480831335293,18,TRUE
"JPN_ESH",-0.375626880448227,21,TRUE
"JPN_ETH",-0.0148088836502902,21,TRUE
"JPN_FJI",-0.103989492521505,10,TRUE
"JPN_FLK",-0.617548202583908,23,TRUE
"JPN_FRO",-1.01111107790638,6,TRUE
"JPN_FSM",-0.121763735206652,15,TRUE
"JPN_GAB",-0.163422399490585,22,TRUE
"JPN_GEO",-0.542263527217124,19,TRUE
"JPN_GHA",-0.112949333033317,21,TRUE
"JPN_GIB",-0.224077973388103,11,TRUE
"JPN_GIN",-0.165591964349946,25,TRUE
"JPN_GMB",-0.470702422120905,21,TRUE
"JPN_GNB",-1.30609986264031,20,TRUE
"JPN_GNQ",-0.293768627013661,16,TRUE
"JPN_GRD",-0.0618489304253291,16,TRUE
"JPN_GRL",-1.04189551019798,6,TRUE
"JPN_GTM",-0.0121839953996855,22,TRUE
"JPN_GUM",0.239609969223472,9,TRUE
"JPN_GUY",0.00764490983054826,23,TRUE
"JPN_HKG",-0.0155515372574802,16,TRUE
"JPN_HND",-0.0498170090902676,26,TRUE
"JPN_HTI",0.0430151016424128,8,TRUE
"JPN_IOT",-1.91834635952473,9,TRUE
"JPN_IRN",-0.554900146240951,17,TRUE
"JPN_IRQ",-0.0802117345580311,14,TRUE
"JPN_ISL",-0.208881955359171,6,TRUE
"JPN_ISR",-0.0619284564552072,23,TRUE
"JPN_JAM",0.0102382000051446,25,TRUE
"JPN_JOR",-0.0108316854618543,24,TRUE
"JPN_KAZ",0.0870238172706992,7,TRUE
"JPN_KGZ",-0.391839754064951,15,TRUE
"JPN_KIR",-0.132575981016332,16,TRUE
"JPN_KNA",-0.00975949025643995,14,TRUE
"JPN_KOR",0.0317299672891867,7,TRUE
"JPN_KWT",0.126200676377815,11,TRUE
"JPN_LBN",-0.030094869668078,26,TRUE
"JPN_LBR",0.237468289831762,7,TRUE
"JPN_LBY",-0.462531231185018,26,TRUE
"JPN_LCA",-0.445413779168182,12,TRUE
"JPN_LKA",0.0366123794929476,13,TRUE
"JPN_MAC",-0.364741845978918,9,TRUE
"JPN_MAR",0.0153698815327064,10,TRUE
"JPN_MDA",0.15293860547932,13,TRUE
"JPN_MDG",-0.171137705906145,18,TRUE
"JPN_MDV",-0.320119711720565,8,TRUE
"JPN_MHL",0.142703975129344,4,TRUE
"JPN_MKD",0.33710352981372,11,TRUE
"JPN_MLI",-0.538730919540437,11,TRUE
"JPN_MNE",0.0407952340178762,4,TRUE
"JPN_MOZ",0.069995673344096,21,TRUE
"JPN_MRT",0.106280967221605,11,TRUE
"JPN_MSR",0.0689160272326157,15,TRUE
"JPN_MUS",0.169666883865464,9,TRUE
"JPN_MWI",0.283802846500467,7,TRUE
"JPN_MYT",-0.211620383649951,4,TRUE
"JPN_NAM",0.238634629466033,5,TRUE
"JPN_NCL",-0.072283431660944,11,TRUE
"JPN_NER",0.0473495986870321,15,TRUE
"JPN_NGA",-0.310916622493956,6,TRUE
"JPN_NIC",-0.0826762523439986,12,TRUE
"JPN_NIU",0.90582319455469,9,TRUE
"JPN_NOR",-0.0466221018242409,22,TRUE
"JPN_NPL",-0.188128885025999,7,TRUE
"JPN_NRU",0.277182712949516,20,TRUE
"JPN_OMN",-0.148483498293038,20,TRUE
"JPN_PAK",0.0100516547355392,4,TRUE
"JPN_PAN",-0.882408520079712,23,TRUE
"JPN_PLW",0.115300021864689,6,TRUE
"JPN_PNG",-0.242503908079221,15,TRUE
"JPN_PRK",-1.25615555091624,13,TRUE
"JPN_PRY",-0.151299568805447,5,TRUE
"JPN_PSE",0.0291264753311312,6,TRUE
"JPN_PYF",-0.102751183572717,22,TRUE
"JPN_QAT",-0.144636928305638,26,TRUE
"JPN_RUS",0.12445120159459,7,TRUE
"JPN_RWA",-0.0925569891533458,9,TRUE
"JPN_SAU",0.0429684539464305,19,TRUE
"JPN_SDN",-0.184813061740216,23,TRUE
"JPN_SEN",0.007251910195027,21,TRUE
"JPN_SHN",-1.27120272269008,15,TRUE
"JPN_SLB",-0.445397171274596,21,TRUE
"JPN_SLE",-0.403412078648744,26,TRUE
"JPN_SLV",-0.0428569650451004,22,TRUE
"JPN_SOM",-1.09086066146818,22,TRUE
"JPN_SPM",-1.88358309481568,10,TRUE
"JPN_SRB",-0.105845385560535,4,TRUE
"JPN_STP",-0.294690032892899,13,TRUE
"JPN_SUR",-0.0150497132385289,10,TRUE
"JPN_SWZ",0.156196928391684,9,TRUE
"JPN_SYC",-0.210784905450904,17,TRUE
"JPN_SYR",-0.966886151609675,15,TRUE
"JPN_TCA",-0.267218126394429,23,TRUE
"JPN_TCD",0.205890049586555,5,TRUE
"JPN_TGO",0.387974696247923,9,TRUE
"JPN_TJK",1.66834237106522,4,TRUE
"JPN_TKL",-1.15633310842544,15,TRUE
"JPN_TKM",-0.335557625506871,22,TRUE
"JPN_TLS",0.0312666819881221,8,TRUE
"JPN_TON",-0.170017228941435,17,TRUE
"JPN_TTO",0.0292313584301755,21,TRUE
"JPN_TUN",0.0438285980237263,20,TRUE
"JPN_TUR",0.00546625268650138,14,TRUE
"JPN_TUV",0.546637380936063,12,TRUE
"JPN_TWN",0.0835090835596877,8,TRUE
"JPN_TZA",-0.0521344755503853,26,TRUE
"JPN_UGA",0.0396995571452637,17,TRUE
"JPN_UKR",0.0529463625455454,13,TRUE
"JPN_USA",-0.0202693222709777,21,TRUE
"JPN_UZB",0.481359907809033,5,TRUE
"JPN_VCT",-0.274064792615102,13,TRUE
"JPN_VEN",-1.39629372470054,4,TRUE
"JPN_VGB",1.19894863479869,7,TRUE
"JPN_VUT",-0.230378918370714,5,TRUE
"JPN_WSM",-0.0674435854529587,5,TRUE
"JPN_YEM",-0.174250200581237,23,TRUE
"JPN_ZAF",-0.384488825734987,22,TRUE
"JPN_ZMB",-0.195862266120075,26,TRUE
"JPN_ZWE",-0.205713314257197,20,TRUE
"KAZ_AGO",-1.05947481966969,4,TRUE
"KAZ_ALB",-1.27220695709735,10,TRUE
"KAZ_AND",-3.27012504120787,5,TRUE
"KAZ_ARE",-0.787573335757704,13,TRUE
"KAZ_ARG",-0.426340047897738,6,TRUE
"KAZ_AUS",-0.726115753587427,4,TRUE
"KAZ_BEL",-0.158759304598387,12,TRUE
"KAZ_BGR",-0.482853775771298,16,TRUE
"KAZ_BIH",0.388148568011833,4,TRUE
"KAZ_BOL",-2.60016855138964,5,TRUE
"KAZ_BRA",0.455096124058491,6,TRUE
"KAZ_BRN",-4.48982345407712,4,TRUE
"KAZ_CHE",-0.566667483752358,7,TRUE
"KAZ_CHL",-0.76054175186133,16,TRUE
"KAZ_CHN",0.0735855638193625,21,TRUE
"KAZ_CIV",-2.39716719383951,5,TRUE
"KAZ_COL",-0.668743964296255,7,TRUE
"KAZ_CRI",-4.17785335526429,10,TRUE
"KAZ_CUB",-4.62882797563677,7,TRUE
"KAZ_CYP",-1.26224923610309,9,TRUE
"KAZ_CZE",-0.0779578106742784,4,TRUE
"KAZ_DEU",0.0131417693580748,22,TRUE
"KAZ_DNK",-0.69946265090335,7,TRUE
"KAZ_DOM",-2.53303110336271,8,TRUE
"KAZ_ECU",-2.72707622133022,12,TRUE
"KAZ_EGY",-1.09385812338914,5,TRUE
"KAZ_ESP",-0.0302556100476252,12,TRUE
"KAZ_EST",-0.0907130632982248,15,TRUE
"KAZ_FRA",-0.0567137063806218,18,TRUE
"KAZ_GBR",-0.212954790111997,9,TRUE
"KAZ_GHA",-0.975813458976757,12,TRUE
"KAZ_GRC",0.30738119382611,9,TRUE
"KAZ_HKG",-0.818510432491504,10,TRUE
"KAZ_HRV",-0.751595843396851,17,TRUE
"KAZ_HUN",-0.0649873068328969,7,TRUE
"KAZ_IDN",-0.262901957409071,12,TRUE
"KAZ_IND",0.544760723394894,6,TRUE
"KAZ_IRL",-3.67910130969164,7,TRUE
"KAZ_IRQ",-0.323163500126274,7,TRUE
"KAZ_ISR",-0.269754855389587,12,TRUE
"KAZ_ITA",-0.229525907231095,4,TRUE
"KAZ_JOR",-1.4901238441938,11,TRUE
"KAZ_JPN",-0.0559160123734284,17,TRUE
"KAZ_KEN",-3.34796447874225,11,TRUE
"KAZ_KOR",-0.18203716048073,21,TRUE
"KAZ_KWT",-0.130736838760797,8,TRUE
"KAZ_LBN",-0.777079444138734,11,TRUE
"KAZ_LBY",-5.07314217945547,7,TRUE
"KAZ_LTU",0.876497592836602,5,TRUE
"KAZ_LUX",-0.740112191411819,5,TRUE
"KAZ_LVA",-0.356718249303203,6,TRUE
"KAZ_MAR",-0.181435875250082,9,TRUE
"KAZ_MKD",-1.7876211145911,6,TRUE
"KAZ_MNE",-0.934520809578164,8,TRUE
"KAZ_MNG",-0.191117391646644,11,TRUE
"KAZ_MYS",-2.17728004639666,12,TRUE
"KAZ_NGA",-3.80375492736733,6,TRUE
"KAZ_NLD",-0.198953194166214,13,TRUE
"KAZ_NOR",-0.125530984065552,14,TRUE
"KAZ_NZL",-0.738615848130288,14,TRUE
"KAZ_OMN",-1.61137599719178,9,TRUE
"KAZ_PER",-2.6865392956883,5,TRUE
"KAZ_PHL",-3.6126447577421,9,TRUE
"KAZ_POL",-0.150670721784425,22,TRUE
"KAZ_PRT",0.0291953551726024,16,TRUE
"KAZ_QAT",-0.85379910791997,8,TRUE
"KAZ_ROU",-0.211054483349632,22,TRUE
"KAZ_SAU",-1.08080393854431,5,TRUE
"KAZ_SGP",-0.361592862567448,9,TRUE
"KAZ_SLV",-3.13306802802248,11,TRUE
"KAZ_SRB",-2.14887256651511,4,TRUE
"KAZ_SVK",-1.9513419293621,6,TRUE
"KAZ_SVN",-0.00759722304340863,20,TRUE
"KAZ_SWE",-0.119842815484102,14,TRUE
"KAZ_SYR",-0.646107081440347,10,TRUE
"KAZ_THA",-1.03468983564085,7,TRUE
"KAZ_TUN",-0.564351348892501,11,TRUE
"KAZ_TWN",-0.118727986296166,14,TRUE
"KAZ_USA",-0.0587971789970757,11,TRUE
"KAZ_VEN",-1.57552013130791,11,TRUE
"KAZ_VGB",-3.0255388487996,13,TRUE
"KAZ_YEM",-3.39982237104426,5,TRUE
"KAZ_ZAF",-0.474132968309142,12,TRUE
"KEN_AFG",-0.309639132945782,11,TRUE
"KEN_ARE",0.0930515592667086,12,TRUE
"KEN_ARG",-0.523393659332808,21,TRUE
"KEN_ARM",-2.99407842212637,9,TRUE
"KEN_AUS",-0.109089419118727,14,TRUE
"KEN_AUT",-0.649263159083611,14,TRUE
"KEN_AZE",-0.140836299022326,4,TRUE
"KEN_BEL",0.0815118433840419,8,TRUE
"KEN_BEN",-0.718747283904268,12,TRUE
"KEN_BFA",-0.110557620028408,20,TRUE
"KEN_BGD",0.0171846887676428,9,TRUE
"KEN_BGR",-0.0619767932181288,7,TRUE
"KEN_BHR",0.044041436891629,7,TRUE
"KEN_BIH",0.415901847447414,4,TRUE
"KEN_BLR",-0.426347636767209,9,TRUE
"KEN_BMU",-2.33747117979608,4,TRUE
"KEN_BOL",-1.12522947719631,6,TRUE
"KEN_BRA",-0.439467573322819,6,TRUE
"KEN_BRB",-1.79558686649248,9,TRUE
"KEN_BRN",-1.9035564905927,6,TRUE
"KEN_BWA",-0.299685985964622,8,TRUE
"KEN_CAF",-0.721036676603051,9,TRUE
"KEN_CAN",0.240424963145101,4,TRUE
"KEN_CHE",-0.242031603027124,10,TRUE
"KEN_CHL",0.303398066804251,14,TRUE
"KEN_CHN",-0.149539123972231,18,TRUE
"KEN_CIV",-0.128140803178316,5,TRUE
"KEN_CMR",-1.0249534594493,8,TRUE
"KEN_COG",-0.767274862854445,19,TRUE
"KEN_COL",-0.216365329733914,21,TRUE
"KEN_CRI",-0.7654370647234,16,TRUE
"KEN_CYP",0.414347674648618,6,TRUE
"KEN_CZE",-4.32865361009255e-05,20,TRUE
"KEN_DEU",-0.201935274418641,18,TRUE
"KEN_DNK",-0.345757608452908,6,TRUE
"KEN_DZA",-0.513047468038453,8,TRUE
"KEN_ECU",0.047765058326644,6,TRUE
"KEN_ESP",-0.0889289371062547,10,TRUE
"KEN_EST",-0.915493520575072,10,TRUE
"KEN_FIN",-0.242613416269808,21,TRUE
"KEN_FJI",0.0652396357631551,5,TRUE
"KEN_FRA",-0.259218230221395,7,TRUE
"KEN_FRO",-0.973274250029365,7,TRUE
"KEN_GAB",-0.288484579310612,13,TRUE
"KEN_GBR",-0.418294155462997,4,TRUE
"KEN_GEO",-0.799138869681609,7,TRUE
"KEN_GHA",-0.126145042633065,6,TRUE
"KEN_GIN",-0.488220884711749,14,TRUE
"KEN_GMB",-0.547072992384304,16,TRUE
"KEN_GRC",-0.503760642636174,11,TRUE
"KEN_GRD",-1.88462111513322,8,TRUE
"KEN_GTM",-1.13192959951924,6,TRUE
"KEN_HKG",-0.224231432994047,7,TRUE
"KEN_HND",-2.11503363752687,4,TRUE
"KEN_HRV",-0.259499010586039,16,TRUE
"KEN_HUN",-0.0543684002817419,7,TRUE
"KEN_IDN",0.136354718339068,22,TRUE
"KEN_IND",0.0285410620789411,17,TRUE
"KEN_IRL",-0.407330534258631,6,TRUE
"KEN_IRN",-0.261621323273491,14,TRUE
"KEN_ISL",0.102237539845516,9,TRUE
"KEN_ISR",-0.335040138206698,16,TRUE
"KEN_ITA",-0.0711826659150196,8,TRUE
"KEN_JOR",-0.239498936440146,12,TRUE
"KEN_JPN",0.105197464471818,19,TRUE
"KEN_KAZ",0.0422755057384326,16,TRUE
"KEN_KGZ",-0.304442785372665,8,TRUE
"KEN_KHM",-1.13297364183031,8,TRUE
"KEN_KOR",-0.635395958764341,23,TRUE
"KEN_KWT",0.0512014052270612,12,TRUE
"KEN_LBN",-0.307667723144396,11,TRUE
"KEN_LBR",-0.739756402467619,9,TRUE
"KEN_LKA",-0.0677407024304267,21,TRUE
"KEN_LTU",0.302629707025557,8,TRUE
"KEN_LUX",-1.28895385942272,5,TRUE
"KEN_LVA",-0.296155761248563,4,TRUE
"KEN_MAC",-0.950282629781421,11,TRUE
"KEN_MAR",-0.101330785282801,12,TRUE
"KEN_MDA",-0.686765483269461,8,TRUE
"KEN_MDV",0.135336607993418,6,TRUE
"KEN_MEX",-0.223223979480687,21,TRUE
"KEN_MKD",-0.102753201451882,10,TRUE
"KEN_MLI",-1.29984961047766,9,TRUE
"KEN_MLT",-0.172841923586806,19,TRUE
"KEN_MMR",-0.606379675107608,4,TRUE
"KEN_MNE",-0.806166554386337,4,TRUE
"KEN_MRT",-0.305171956820496,10,TRUE
"KEN_MYS",-0.163443829315826,23,TRUE
"KEN_NCL",-1.24460794407595,10,TRUE
"KEN_NER",-0.406470990753879,10,TRUE
"KEN_NGA",-0.329787407455543,12,TRUE
"KEN_NIC",-3.03548909998361,7,TRUE
"KEN_NLD",-0.0239413014813386,25,TRUE
"KEN_NOR",0.0899684570084262,15,TRUE
"KEN_NPL",-1.34513396287308,4,TRUE
"KEN_NZL",0.00394941841552725,23,TRUE
"KEN_OMN",0.299018233998303,10,TRUE
"KEN_PAK",0.0610635364178664,21,TRUE
"KEN_PAN",-1.04739032697456,9,TRUE
"KEN_PER",-0.727566263718941,15,TRUE
"KEN_PHL",-0.0885111989487542,13,TRUE
"KEN_POL",0.0900828030691432,20,TRUE
"KEN_PRK",-1.12922214567587,9,TRUE
"KEN_PRT",-0.170575767715314,15,TRUE
"KEN_PSE",-0.617252566667684,4,TRUE
"KEN_PYF",-1.38869316126826,17,TRUE
"KEN_QAT",-0.772999481818834,15,TRUE
"KEN_ROU",-0.0437991954565096,19,TRUE
"KEN_RUS",0.156657862808796,4,TRUE
"KEN_SAU",-0.0581679366586616,15,TRUE
"KEN_SEN",-0.49192426539722,4,TRUE
"KEN_SGP",-0.526227759261842,12,TRUE
"KEN_SLE",-0.149282033855479,13,TRUE
"KEN_SLV",-1.50363561006012,9,TRUE
"KEN_SMR",-3.49035887340562,6,TRUE
"KEN_SRB",-2.10788812830182,9,TRUE
"KEN_SVK",-0.0239297144884867,19,TRUE
"KEN_SVN",-0.600939796724951,19,TRUE
"KEN_SWE",-0.479593533374752,6,TRUE
"KEN_SYR",0.530575996366216,10,TRUE
"KEN_TCD",-0.289132728308195,9,TRUE
"KEN_TGO",0.176258038407579,8,TRUE
"KEN_THA",-0.125987966059943,25,TRUE
"KEN_TTO",-3.63512550403431,5,TRUE
"KEN_TUR",-0.124089590589964,24,TRUE
"KEN_TWN",-0.220974525676883,12,TRUE
"KEN_UKR",-0.268867959214064,18,TRUE
"KEN_URY",-1.46795533920162,10,TRUE
"KEN_USA",0.195458307529576,5,TRUE
"KEN_VCT",-5.39170185051754,5,TRUE
"KEN_VEN",-3.83052923059495,7,TRUE
"KEN_VNM",-0.0254749552453804,5,TRUE
"KEN_YEM",-0.0854328041615899,16,TRUE
"KEN_ZAF",-0.341812908773932,11,TRUE
"KGZ_ALB",-0.917347373863977,9,TRUE
"KGZ_ARE",-0.858644343283772,13,TRUE
"KGZ_ARG",-1.73349139465499,15,TRUE
"KGZ_AUS",-1.05444001321494,12,TRUE
"KGZ_AUT",-0.510970782315567,18,TRUE
"KGZ_BEL",0.311379509934003,12,TRUE
"KGZ_BGR",0.198236044641808,13,TRUE
"KGZ_BHR",-3.71104328306215,9,TRUE
"KGZ_BIH",0.136287374505113,7,TRUE
"KGZ_BRA",-2.07891242328343,11,TRUE
"KGZ_CAN",-1.07402561382572,16,TRUE
"KGZ_CHE",-0.711808317011507,15,TRUE
"KGZ_CHL",-2.57534518550506,5,TRUE
"KGZ_CHN",-0.155189200545497,14,TRUE
"KGZ_COL",-3.00642007434877,10,TRUE
"KGZ_CZE",-1.67275009868255,4,TRUE
"KGZ_DEU",-0.992091267283935,16,TRUE
"KGZ_DNK",-0.420747796270729,9,TRUE
"KGZ_DOM",-1.42166437223577,6,TRUE
"KGZ_DZA",-1.05819994840752,6,TRUE
"KGZ_EGY",-1.36368608573453,10,TRUE
"KGZ_ESP",-1.57247667960541,14,TRUE
"KGZ_EST",-2.27092183177183,6,TRUE
"KGZ_FIN",-0.487947683319834,7,TRUE
"KGZ_FRA",-1.33740000724215,18,TRUE
"KGZ_GBR",-1.41896586437982,8,TRUE
"KGZ_GEO",0.0387745610205081,15,TRUE
"KGZ_GRC",0.247971034394968,5,TRUE
"KGZ_HKG",-0.00338225041152605,8,TRUE
"KGZ_HRV",0.352556544804453,5,TRUE
"KGZ_HUN",-0.914485523686918,5,TRUE
"KGZ_IDN",-0.72921938381262,12,TRUE
"KGZ_IND",0.190019143423862,4,TRUE
"KGZ_IRL",-1.37598517345952,10,TRUE
"KGZ_IRQ",0.292058560409325,6,TRUE
"KGZ_ISR",-0.190449113634772,12,TRUE
"KGZ_ITA",-0.597200827997675,10,TRUE
"KGZ_JOR",-0.653410765900453,12,TRUE
"KGZ_JPN",-0.859304429472626,14,TRUE
"KGZ_KOR",-0.501671105090823,12,TRUE
"KGZ_KWT",-1.18179454241488,7,TRUE
"KGZ_LBN",-0.852089957463603,16,TRUE
"KGZ_LTU",1.02946369088673,5,TRUE
"KGZ_LUX",-3.20160540991255,9,TRUE
"KGZ_LVA",-0.759943762266512,10,TRUE
"KGZ_MEX",-2.35457869521884,10,TRUE
"KGZ_MNE",0.769892348516948,4,TRUE
"KGZ_MYS",-1.14292307284541,14,TRUE
"KGZ_NLD",-0.139078500499685,21,TRUE
"KGZ_PER",-2.97452324099687,9,TRUE
"KGZ_PRT",-2.57370812819994,8,TRUE
"KGZ_QAT",-0.759851364907839,6,TRUE
"KGZ_SAU",-0.853834379703841,6,TRUE
"KGZ_SRB",0.0546592494728709,9,TRUE
"KGZ_SVK",-1.22730844867339,16,TRUE
"KGZ_SWE",-0.378292185242564,14,TRUE
"KGZ_SYR",-0.357806530353357,7,TRUE
"KGZ_THA",-2.94603914151569,7,TRUE
"KGZ_TUN",-1.11633370299103,7,TRUE
"KGZ_TWN",-1.17029606149661,8,TRUE
"KGZ_UGA",-4.58441453675715,4,TRUE
"KGZ_USA",-0.814936313615248,12,TRUE
"KGZ_ZAF",-0.986652346874352,4,TRUE
"KHM_AFG",-2.96534143569847,4,TRUE
"KHM_AND",0.688086378677316,5,TRUE
"KHM_ARE",-0.126875041552827,10,TRUE
"KHM_ARG",0.074068261373974,13,TRUE
"KHM_ARM",0.0758486040182361,8,TRUE
"KHM_AUT",-0.0935382410628539,13,TRUE
"KHM_BEL",-0.0361911295542351,4,TRUE
"KHM_BEN",0.0442986791796729,6,TRUE
"KHM_BGD",-0.244564766749384,7,TRUE
"KHM_BGR",-0.68487715648749,11,TRUE
"KHM_BHR",0.342803816544218,5,TRUE
"KHM_BIH",-0.244453657939408,11,TRUE
"KHM_BLR",0.0569035544305168,6,TRUE
"KHM_BMU",0.0460937440052279,4,TRUE
"KHM_BOL",0.117784657743477,6,TRUE
"KHM_BRA",0.0989970246873793,9,TRUE
"KHM_BRB",-0.0400016906749612,11,TRUE
"KHM_CAN",0.072262534941757,12,TRUE
"KHM_CHE",-0.0644844809048744,7,TRUE
"KHM_CHL",0.0981535459032828,12,TRUE
"KHM_CIV",0.0473408373886922,10,TRUE
"KHM_CMR",-1.1808428800427,10,TRUE
"KHM_COG",0.100512501313147,4,TRUE
"KHM_COL",0.194396887733545,6,TRUE
"KHM_CRI",-0.0900479072034641,14,TRUE
"KHM_CYP",-0.482538290000776,13,TRUE
"KHM_CZE",0.0250135511191793,9,TRUE
"KHM_DEU",-0.073102167577138,17,TRUE
"KHM_DNK",0.179953944293516,7,TRUE
"KHM_DOM",-0.148289916871352,7,TRUE
"KHM_DZA",-0.840754780262236,20,TRUE
"KHM_ECU",0.35265159310596,5,TRUE
"KHM_EGY",-0.33188767664423,17,TRUE
"KHM_ESP",-0.49512627030792,25,TRUE
"KHM_EST",0.0129270174240267,11,TRUE
"KHM_ETH",-0.554578095349451,7,TRUE
"KHM_FIN",-0.226945777398563,14,TRUE
"KHM_FRA",0.0706117463941429,9,TRUE
"KHM_FRO",-0.700972025452207,4,TRUE
"KHM_GBR",-0.0560889406935133,19,TRUE
"KHM_GRC",-0.338806411131315,19,TRUE
"KHM_GRL",0.400794824636625,4,TRUE
"KHM_HKG",-0.483755556031735,7,TRUE
"KHM_HRV",-0.0697956605723189,14,TRUE
"KHM_HUN",-0.0432599835050937,5,TRUE
"KHM_IRL",-0.0582022803054052,17,TRUE
"KHM_ISL",-0.247049100614544,12,TRUE
"KHM_ISR",-0.764903246665877,6,TRUE
"KHM_ITA",-0.474203784004381,16,TRUE
"KHM_JAM",-0.478892405266192,4,TRUE
"KHM_JOR",0.204285110217505,5,TRUE
"KHM_KAZ",0.132628325873803,9,TRUE
"KHM_KEN",-0.984396591373053,9,TRUE
"KHM_KGZ",-0.401226874687677,7,TRUE
"KHM_LBN",0.209059974930547,5,TRUE
"KHM_LKA",-0.544053396093355,8,TRUE
"KHM_LTU",-0.0701952314570106,8,TRUE
"KHM_LVA",-0.330955207869238,8,TRUE
"KHM_MAC",-0.38762781830273,11,TRUE
"KHM_MAR",-0.0850897315163435,10,TRUE
"KHM_MDA",0.0584143781721422,8,TRUE
"KHM_MDV",-1.29681778921348,5,TRUE
"KHM_MEX",0.0728979890454292,11,TRUE
"KHM_MKD",0.390887941425268,4,TRUE
"KHM_MLI",-2.64793817418983,8,TRUE
"KHM_MLT",-0.413702381608653,17,TRUE
"KHM_MNE",0.181897382495418,6,TRUE
"KHM_MOZ",-1.42868739647449,8,TRUE
"KHM_MUS",0.0690461706483315,8,TRUE
"KHM_MYT",-1.51231162645433,7,TRUE
"KHM_NCL",-1.04072696265309,5,TRUE
"KHM_NIC",0.0814998454576422,4,TRUE
"KHM_NLD",-0.198509868821003,13,TRUE
"KHM_NOR",0.144065985932836,6,TRUE
"KHM_NPL",-0.113754163431946,7,TRUE
"KHM_PAK",0.00917038435097954,24,TRUE
"KHM_PAN",0.0750516400694563,6,TRUE
"KHM_PER",-0.314397800798215,12,TRUE
"KHM_POL",0.0992828937198669,11,TRUE
"KHM_PRK",-0.167166671590677,5,TRUE
"KHM_PRT",-1.18713731867758,16,TRUE
"KHM_PRY",-0.415949635133,4,TRUE
"KHM_QAT",-1.09064230573519,12,TRUE
"KHM_ROU",0.141826171368557,9,TRUE
"KHM_RUS",0.211649978611595,5,TRUE
"KHM_RWA",-0.226481452314524,4,TRUE
"KHM_SAU",0.463237534481788,5,TRUE
"KHM_SLV",0.0484543325751022,4,TRUE
"KHM_SRB",0.0675756485657311,8,TRUE
"KHM_SUR",-1.06347957032979,6,TRUE
"KHM_SVK",-0.458431131558098,15,TRUE
"KHM_SVN",-0.0389051292633399,13,TRUE
"KHM_SWE",0.190721961334471,6,TRUE
"KHM_SYC",-0.175134763423667,4,TRUE
"KHM_TTO",-0.585688939102102,9,TRUE
"KHM_TUN",-0.0566490093534016,12,TRUE
"KHM_TUR",0.0409787353219072,12,TRUE
"KHM_TWN",0.0496563649460887,7,TRUE
"KHM_TZA",-1.29569509596695,4,TRUE
"KHM_UGA",-1.71236075473349,5,TRUE
"KHM_UKR",0.125857784758872,8,TRUE
"KHM_URY",-0.322416298055624,15,TRUE
"KHM_USA",0.143752175606696,20,TRUE
"KHM_VCT",-0.809115476394598,4,TRUE
"KHM_VEN",-0.229674892025538,4,TRUE
"KHM_ZAF",-0.00310657006596092,13,TRUE
"KHM_ZWE",-3.90416166354857,4,TRUE
"KIR_AUT",-3.40975187464835,8,TRUE
"KIR_BIH",-2.48550216652567,6,TRUE
"KIR_CAN",-0.166634490263971,13,TRUE
"KIR_CHN",-1.05195049677302,4,TRUE
"KIR_CZE",-3.4540320871526,12,TRUE
"KIR_DEU",-2.84346199099965,7,TRUE
"KIR_DNK",-3.75396605601673,8,TRUE
"KIR_FRA",-0.867058288772447,7,TRUE
"KIR_HKG",-0.325873338127936,12,TRUE
"KIR_JPN",0.0487204642612441,25,TRUE
"KIR_KOR",-0.343308120779233,4,TRUE
"KIR_THA",0.0771294480975103,9,TRUE
"KIR_TWN",-0.743882208222224,11,TRUE
"KIR_USA",0.125810784466327,24,TRUE
"KNA_AIA",-0.162525319702201,8,TRUE
"KNA_ANT",0.676448407417383,4,TRUE
"KNA_ARG",-1.05693962235515,8,TRUE
"KNA_BIH",0.847068906547273,4,TRUE
"KNA_BRA",0.552879960765133,9,TRUE
"KNA_CAN",0.0805649152880695,18,TRUE
"KNA_CHE",-0.868543156877339,11,TRUE
"KNA_CHN",0.405693521913063,10,TRUE
"KNA_COL",-1.78823410321638,6,TRUE
"KNA_DOM",-0.531698021406505,6,TRUE
"KNA_DZA",-0.838338181044316,7,TRUE
"KNA_JPN",-2.01264708973415,6,TRUE
"KNA_KOR",-0.480571936769136,7,TRUE
"KNA_MEX",-0.83546786136819,7,TRUE
"KNA_RUS",-1.66891748747737,7,TRUE
"KNA_SRB",-1.25739939716309,9,TRUE
"KNA_THA",-1.95203465558985,10,TRUE
"KNA_TUR",-0.247115268732207,4,TRUE
"KNA_TWN",-0.367265266776492,12,TRUE
"KNA_TZA",-2.30262116672558,11,TRUE
"KNA_VGB",0.758347947839577,12,TRUE
"KOR_ABW",-0.519332119114262,19,TRUE
"KOR_AFG",0.132017073323613,20,TRUE
"KOR_AGO",-0.546529610556802,14,TRUE
"KOR_AIA",-1.89578787194447,4,TRUE
"KOR_ALB",-0.311868885108631,8,TRUE
"KOR_AND",-0.847204068371472,13,TRUE
"KOR_ANT",-0.00121177817452232,10,TRUE
"KOR_ARE",-0.20969688437592,7,TRUE
"KOR_ARM",-0.311538244444229,7,TRUE
"KOR_ASM",-0.147221227841753,12,TRUE
"KOR_ATA",-6.17238915322401,4,TRUE
"KOR_ATG",-0.479984152568628,10,TRUE
"KOR_AZE",-0.0250204722778549,15,TRUE
"KOR_BDI",-0.550530108729648,12,TRUE
"KOR_BFA",-0.213735816891584,14,TRUE
"KOR_BHR",-0.072410063976578,11,TRUE
"KOR_BHS",-0.0450687394610994,13,TRUE
"KOR_BIH",0.116554783579479,17,TRUE
"KOR_BLR",-0.0859553325001845,8,TRUE
"KOR_BLZ",-0.0909761710756246,24,TRUE
"KOR_BMU",-0.553841371156103,4,TRUE
"KOR_BRB",-0.0578703702508992,20,TRUE
"KOR_BTN",-0.594327348545219,18,TRUE
"KOR_BWA",0.0300142093982325,7,TRUE
"KOR_CAF",-2.14858136547781,25,TRUE
"KOR_CCK",-1.55376890844109,11,TRUE
"KOR_CIV",-0.288997082882606,22,TRUE
"KOR_COD",-0.446620351065657,20,TRUE
"KOR_COG",-1.22590486914405,20,TRUE
"KOR_COM",-0.89396073690215,16,TRUE
"KOR_CPV",0.923086333088185,5,TRUE
"KOR_CRI",-0.102654537636045,25,TRUE
"KOR_CYM",-0.541184405308912,6,TRUE
"KOR_DJI",-0.348643834783742,6,TRUE
"KOR_DMA",-0.71235078427643,7,TRUE
"KOR_DOM",0.0207862704763242,5,TRUE
"KOR_ERI",-0.871407293337099,13,TRUE
"KOR_ETH",0.0300894198384159,21,TRUE
"KOR_FJI",-0.22493010068939,22,TRUE
"KOR_FLK",-1.54711769420869,19,TRUE
"KOR_FRO",-2.18779794773592,4,TRUE
"KOR_FSM",-0.367187272860032,22,TRUE
"KOR_GAB",-0.338823453167326,21,TRUE
"KOR_GEO",-0.315041520417439,18,TRUE
"KOR_GIB",-2.20770717186931,7,TRUE
"KOR_GMB",-0.614018840717227,10,TRUE
"KOR_GNB",-0.52184418280306,5,TRUE
"KOR_GNQ",-0.937725057988632,9,TRUE
"KOR_GRD",-0.129175404416051,20,TRUE
"KOR_GRL",-1.47170275864852,7,TRUE
"KOR_GTM",-0.132790027226912,6,TRUE
"KOR_GUM",-0.566870136217824,4,TRUE
"KOR_HKG",-0.0542846483650625,12,TRUE
"KOR_HND",-0.222519114536394,21,TRUE
"KOR_HTI",-0.120098992427609,16,TRUE
"KOR_JAM",-0.220829075164912,9,TRUE
"KOR_JOR",-0.0158591165266192,17,TRUE
"KOR_JPN",0.0912738667621349,11,TRUE
"KOR_KAZ",0.196269039422129,5,TRUE
"KOR_KEN",-0.00100404398563345,10,TRUE
"KOR_KGZ",-0.0244433867636544,20,TRUE
"KOR_KIR",0.243357158188619,9,TRUE
"KOR_KNA",-0.979906459299816,21,TRUE
"KOR_KWT",-0.0631926756796184,19,TRUE
"KOR_LBN",-0.116274154748532,18,TRUE
"KOR_LBR",-0.312982374312944,4,TRUE
"KOR_LCA",-0.214905911419421,20,TRUE
"KOR_LSO",-2.14148894455671,14,TRUE
"KOR_MAC",0.0281239097931009,22,TRUE
"KOR_MDA",-0.0855257508479064,9,TRUE
"KOR_MDG",-0.0462837619050694,5,TRUE
"KOR_MDV",-0.0823334830112165,23,TRUE
"KOR_MHL",-0.0683920613330663,15,TRUE
"KOR_MKD",-0.356651269555924,6,TRUE
"KOR_MLI",-0.602078492993618,22,TRUE
"KOR_MNG",0.0048731937533054,18,TRUE
"KOR_MRT",-1.92575500291926,24,TRUE
"KOR_MUS",-0.0675319820595034,22,TRUE
"KOR_MWI",0.0864304514514067,16,TRUE
"KOR_MYT",-1.72849297019771,5,TRUE
"KOR_NAM",-1.92692221317563,4,TRUE
"KOR_NCL",0.0402047511251136,14,TRUE
"KOR_NER",-0.23382298070733,7,TRUE
"KOR_NFK",-1.28134645847317,17,TRUE
"KOR_NPL",-0.0115649490748229,25,TRUE
"KOR_NRU",-2.44874253174248,8,TRUE
"KOR_OMN",-0.107316826568268,11,TRUE
"KOR_PAN",-1.15684459623709,10,TRUE
"KOR_PLW",-0.351326680097583,16,TRUE
"KOR_PNG",-0.111112279927163,10,TRUE
"KOR_PSE",0.00209559150433162,9,TRUE
"KOR_PYF",-0.396976328437974,25,TRUE
"KOR_QAT",-0.355988415298352,9,TRUE
"KOR_RUS",-0.0259107242678129,7,TRUE
"KOR_RWA",-0.0413141224818404,6,TRUE
"KOR_SAU",0.0248800045338406,13,TRUE
"KOR_SEN",-0.132749679290716,18,TRUE
"KOR_SGS",-0.301406295420328,5,TRUE
"KOR_SLB",-0.339791937776302,8,TRUE
"KOR_SLE",-0.24892763404829,18,TRUE
"KOR_SLV",0.116258050794555,8,TRUE
"KOR_SMR",-0.292916769576648,8,TRUE
"KOR_SOM",-1.32808019755018,14,TRUE
"KOR_STP",-1.08341519138235,16,TRUE
"KOR_SUR",-0.352329612514348,12,TRUE
"KOR_SWZ",-1.41862945620851,8,TRUE
"KOR_SYC",-0.848673648667662,25,TRUE
"KOR_SYR",-0.0570534663904323,15,TRUE
"KOR_TCA",0.268811398993201,7,TRUE
"KOR_TCD",-0.322719421130162,16,TRUE
"KOR_TGO",-0.384779853763517,5,TRUE
"KOR_TJK",0.0275001480318525,6,TRUE
"KOR_TKL",-1.41508701519851,14,TRUE
"KOR_TKM",-0.291562141136353,13,TRUE
"KOR_TLS",0.145391372942435,8,TRUE
"KOR_TON",-0.400298867989773,8,TRUE
"KOR_TUV",-0.373673311049873,21,TRUE
"KOR_TWN",0.0622727706357315,22,TRUE
"KOR_UGA",-0.0463543540990375,15,TRUE
"KOR_UKR",-0.669973211740404,7,TRUE
"KOR_UZB",-0.172963094373912,5,TRUE
"KOR_VCT",-1.78982375975889,12,TRUE
"KOR_VUT",-1.42461893502425,16,TRUE
"KOR_WLF",-1.46959033096498,16,TRUE
"KOR_WSM",-0.671550597750252,15,TRUE
"KOR_YEM",-0.165325002222658,17,TRUE
"KOR_ZAF",-0.363202360262835,5,TRUE
"KOR_ZMB",2.78053387615662e-05,4,TRUE
"KWT_ALB",-1.00189814956484,10,TRUE
"KWT_ARG",-0.787477456917904,8,TRUE
"KWT_ARM",-1.45688557112344,7,TRUE
"KWT_AUS",-0.49741620630976,4,TRUE
"KWT_AUT",-2.36660858905677,14,TRUE
"KWT_AZE",-0.410581191535993,13,TRUE
"KWT_BEL",-0.380940497261717,12,TRUE
"KWT_BEN",-1.10167181810282,16,TRUE
"KWT_BFA",-2.20495589409563,11,TRUE
"KWT_BGD",-2.18518865499324,12,TRUE
"KWT_BGR",-0.484486650432829,15,TRUE
"KWT_BIH",-0.0489735291788659,11,TRUE
"KWT_BRA",-0.142445373454802,9,TRUE
"KWT_BRN",-0.918042532041798,7,TRUE
"KWT_CAN",-0.754771934768752,13,TRUE
"KWT_CHL",-1.54537748459598,6,TRUE
"KWT_CHN",0.0988476815272597,11,TRUE
"KWT_CIV",-0.232048053653787,4,TRUE
"KWT_CMR",-1.02198790993643,13,TRUE
"KWT_COG",-0.638390832524894,5,TRUE
"KWT_COL",-0.876123416110413,7,TRUE
"KWT_COM",-2.06177150097378,8,TRUE
"KWT_CYP",-1.3210209615087,7,TRUE
"KWT_CZE",-0.125555768672722,15,TRUE
"KWT_DEU",-0.65588299428458,13,TRUE
"KWT_DNK",-2.51819602318485,7,TRUE
"KWT_ESP",-0.485882035461098,24,TRUE
"KWT_ETH",-2.01272542717185,16,TRUE
"KWT_FIN",-1.44526020904058,17,TRUE
"KWT_FRA",-0.256593436253952,6,TRUE
"KWT_GAB",-0.540048075977944,12,TRUE
"KWT_GBR",-0.167206038542313,6,TRUE
"KWT_GEO",-2.08507638112912,7,TRUE
"KWT_GHA",-0.373663791841868,11,TRUE
"KWT_GRC",-0.841475286846807,17,TRUE
"KWT_HKG",-0.712976568856908,7,TRUE
"KWT_HRV",-0.824428604004775,14,TRUE
"KWT_IDN",0.0311836618355221,18,TRUE
"KWT_IND",-0.589871872370932,19,TRUE
"KWT_IRL",-2.31281544925057,13,TRUE
"KWT_IRN",-0.0161211919630644,18,TRUE
"KWT_ITA",0.298359865959704,7,TRUE
"KWT_JPN",0.0283812182162398,23,TRUE
"KWT_KEN",-1.08883302569788,13,TRUE
"KWT_KHM",-0.816930848854452,4,TRUE
"KWT_KOR",-0.0149824238459529,22,TRUE
"KWT_LKA",-0.253969438607033,11,TRUE
"KWT_LTU",-1.34182878760941,11,TRUE
"KWT_LUX",-2.63915551756838,14,TRUE
"KWT_MDG",0.564526663224238,4,TRUE
"KWT_MEX",-1.66678804916573,4,TRUE
"KWT_MKD",-1.81960882672502,14,TRUE
"KWT_MLT",-2.40231617796539,18,TRUE
"KWT_MNE",0.00688949752388401,5,TRUE
"KWT_MNG",-1.83074958136259,9,TRUE
"KWT_MOZ",-4.16912898514022,4,TRUE
"KWT_MRT",-1.01828103299222,7,TRUE
"KWT_MUS",-1.88460813342261,13,TRUE
"KWT_MWI",-0.949435279131997,11,TRUE
"KWT_MYS",-0.461185751981558,25,TRUE
"KWT_NER",-1.40913265368608,8,TRUE
"KWT_NLD",-0.195547859484521,9,TRUE
"KWT_NPL",-2.34303194476347,8,TRUE
"KWT_NZL",-0.791779610622357,11,TRUE
"KWT_PAK",-0.182400355584619,7,TRUE
"KWT_PHL",0.264406758562067,7,TRUE
"KWT_POL",-1.21748722252854,8,TRUE
"KWT_ROU",-2.95227398233094,15,TRUE
"KWT_RUS",0.440388841570466,5,TRUE
"KWT_RWA",-6.05821319653012,5,TRUE
"KWT_SEN",0.0403113775228864,5,TRUE
"KWT_SRB",-0.679761881463117,8,TRUE
"KWT_SVK",-0.32413326156308,10,TRUE
"KWT_SVN",-0.95853991379646,4,TRUE
"KWT_SWE",-1.40972182409457,21,TRUE
"KWT_SYC",-1.48492439857434,4,TRUE
"KWT_TGO",-0.788043562115214,7,TRUE
"KWT_THA",-0.0765131323205089,18,TRUE
"KWT_TUR",-0.118259033139446,7,TRUE
"KWT_TWN",-0.110029870638154,4,TRUE
"KWT_UGA",-0.924081951187467,14,TRUE
"KWT_UKR",0.0683685192939147,6,TRUE
"KWT_USA",-0.48731175480553,6,TRUE
"KWT_VEN",-0.256069060737121,7,TRUE
"KWT_VNM",-0.399812134959128,9,TRUE
"KWT_ZAF",-0.526241514718908,8,TRUE
"KWT_ZMB",-0.0852843911930186,7,TRUE
"KWT_ZWE",-4.94247559500303,8,TRUE
"LAO_AGO",-0.906032887681262,5,TRUE
"LAO_ARE",0.433913943622186,4,TRUE
"LAO_ARG",-0.673444314572677,7,TRUE
"LAO_ARM",-1.55333572834705,5,TRUE
"LAO_BEL",-0.184244963621707,10,TRUE
"LAO_BGR",-1.93069708222303,13,TRUE
"LAO_BIH",-0.394483902425271,6,TRUE
"LAO_BLR",-0.480962863080678,10,TRUE
"LAO_BRA",-0.11198415181615,11,TRUE
"LAO_CAN",-0.0258724934745928,12,TRUE
"LAO_CHE",-0.468549571846387,25,TRUE
"LAO_CRI",-1.18804559174064,5,TRUE
"LAO_CYP",-0.972308803439137,10,TRUE
"LAO_CZE",-0.362354245361018,18,TRUE
"LAO_DEU",-0.00253011039848698,21,TRUE
"LAO_DNK",0.189823940056765,11,TRUE
"LAO_DZA",-3.11215228810244,13,TRUE
"LAO_ESP",-0.217623540192772,10,TRUE
"LAO_EST",-0.738408039744784,10,TRUE
"LAO_FIN",-1.49080738074283,9,TRUE
"LAO_FRA",-0.748280629701084,7,TRUE
"LAO_GBR",0.00446177410947873,14,TRUE
"LAO_GRC",-1.45785948001818,13,TRUE
"LAO_GRL",0.633254584651058,5,TRUE
"LAO_HKG",0.224243237755664,5,TRUE
"LAO_HRV",-1.41601898952118,5,TRUE
"LAO_HUN",-1.89085727695858,19,TRUE
"LAO_IRL",-0.0208707954538239,18,TRUE
"LAO_ISL",-0.0136065871150517,5,TRUE
"LAO_ITA",0.065475497628569,7,TRUE
"LAO_KAZ",-0.423391276026164,12,TRUE
"LAO_LBN",-0.288421957127498,6,TRUE
"LAO_LUX",-0.337445489126962,9,TRUE
"LAO_LVA",-1.21515945314751,15,TRUE
"LAO_MAR",-0.230808537438959,8,TRUE
"LAO_MDA",0.160790083370541,6,TRUE
"LAO_MEX",-0.78704506822833,5,TRUE
"LAO_MKD",-0.275321084192711,12,TRUE
"LAO_MNE",-0.290970007870796,8,TRUE
"LAO_MUS",0.504858273751865,6,TRUE
"LAO_NCL",-2.65546140471138,7,TRUE
"LAO_NIC",-1.31237595623165,6,TRUE
"LAO_NLD",-0.300709660073281,10,TRUE
"LAO_NOR",-0.695118713934893,17,TRUE
"LAO_PER",0.0165795638850844,6,TRUE
"LAO_POL",-0.734575728641468,9,TRUE
"LAO_PRT",-0.13112555082922,4,TRUE
"LAO_PYF",-1.68844282720303,10,TRUE
"LAO_ROU",-1.45889520535607,9,TRUE
"LAO_RUS",-1.15235154210887,13,TRUE
"LAO_SRB",-0.349033599920643,5,TRUE
"LAO_SVK",-1.18128113493856,5,TRUE
"LAO_SVN",-0.0648249471971864,10,TRUE
"LAO_SWE",-0.845530626882335,16,TRUE
"LAO_TTO",-2.2781765397618,4,TRUE
"LAO_TUN",-0.816747407767881,4,TRUE
"LAO_UKR",-0.0983999012649761,14,TRUE
"LAO_USA",-0.452916181615016,23,TRUE
"LAO_YEM",0.640129464139271,4,TRUE
"LAO_ZAF",0.573570738202794,4,TRUE
"LBN_AFG",-1.03847012466971,8,TRUE
"LBN_AGO",0.064171420349837,5,TRUE
"LBN_AIA",-0.454624634415438,13,TRUE
"LBN_ALB",-2.20369493079238,4,TRUE
"LBN_AND",-1.3485287480806,9,TRUE
"LBN_ARG",-0.606826808001276,6,TRUE
"LBN_ARM",-0.750410677137137,15,TRUE
"LBN_ATG",-0.442509577011162,11,TRUE
"LBN_AUS",0.128522025960787,26,TRUE
"LBN_AZE",-0.181457998973634,6,TRUE
"LBN_BDI",-1.59677766256089,5,TRUE
"LBN_BEN",0.0809447175080839,17,TRUE
"LBN_BFA",-0.14625265627495,7,TRUE
"LBN_BGD",-0.492549028024127,4,TRUE
"LBN_BIH",-0.803804433231725,10,TRUE
"LBN_BLR",-1.05626030983818,15,TRUE
"LBN_BOL",-2.36271565731838,4,TRUE
"LBN_BRA",-0.187784949589212,20,TRUE
"LBN_BRB",-4.57038843607133,9,TRUE
"LBN_BRN",0.0167562631432187,6,TRUE
"LBN_CAF",-0.438376038169298,10,TRUE
"LBN_CAN",0.0903814592821363,7,TRUE
"LBN_CHL",-0.0181981173593907,7,TRUE
"LBN_CHN",-0.388790794965949,20,TRUE
"LBN_CIV",0.0375005982613958,9,TRUE
"LBN_CMR",-0.171130817281462,17,TRUE
"LBN_COD",-0.0795805641896365,13,TRUE
"LBN_COG",-0.39649922257123,6,TRUE
"LBN_COL",-0.239975405463876,23,TRUE
"LBN_COM",-1.27865946134695,7,TRUE
"LBN_CRI",-1.45162071328795,9,TRUE
"LBN_CUB",-1.28706960155351,11,TRUE
"LBN_DJI",-0.0186348451628402,16,TRUE
"LBN_DMA",-1.58530481343525,12,TRUE
"LBN_DOM",-0.538492260837635,9,TRUE
"LBN_ECU",-0.50341157932232,8,TRUE
"LBN_ERI",-0.678526010915711,13,TRUE
"LBN_ETH",-0.190594235705753,5,TRUE
"LBN_FRO",-3.72142952263975,5,TRUE
"LBN_GAB",0.212518775735054,8,TRUE
"LBN_GEO",-0.615372495999541,18,TRUE
"LBN_GHA",-0.317826007922541,8,TRUE
"LBN_GIN",-0.134190731203749,9,TRUE
"LBN_GMB",-0.231063448452272,19,TRUE
"LBN_GNB",-0.480101580255644,4,TRUE
"LBN_GNQ",-0.149204792779703,11,TRUE
"LBN_GRD",-3.00990645972631,12,TRUE
"LBN_GTM",-2.11971147573206,6,TRUE
"LBN_HKG",-0.143374259669356,15,TRUE
"LBN_HND",-0.977170951840355,15,TRUE
"LBN_IDN",-1.31054868076303,6,TRUE
"LBN_IND",-0.235181302501032,9,TRUE
"LBN_IRN",-1.4336412151081,4,TRUE
"LBN_JAM",-0.737203554691979,12,TRUE
"LBN_JPN",-0.757236257988719,24,TRUE
"LBN_KAZ",-0.767771439991148,10,TRUE
"LBN_KEN",-0.113297942947713,12,TRUE
"LBN_KGZ",-3.65288667540566,9,TRUE
"LBN_KHM",-1.73877896739091,8,TRUE
"LBN_KOR",-1.72002362124121,16,TRUE
"LBN_LBR",0.205404417144469,7,TRUE
"LBN_LKA",-0.474698145234008,5,TRUE
"LBN_MDA",-0.0544627372730591,20,TRUE
"LBN_MDG",-1.56682878758192,11,TRUE
"LBN_MDV",-0.323257513442957,9,TRUE
"LBN_MEX",-0.366087932481754,8,TRUE
"LBN_MKD",-2.56996395485324,15,TRUE
"LBN_MLI",-0.0710355945395372,16,TRUE
"LBN_MNE",-0.651768396638976,6,TRUE
"LBN_MOZ",-0.250351111024245,17,TRUE
"LBN_MRT",-0.278864369431943,12,TRUE
"LBN_MUS",-0.63000096049077,8,TRUE
"LBN_MWI",-0.0735209898709452,5,TRUE
"LBN_MYS",-0.104702390449232,14,TRUE
"LBN_NAM",-3.8117686046406,4,TRUE
"LBN_NCL",-3.22211104089097,5,TRUE
"LBN_NER",-0.0498523733505759,13,TRUE
"LBN_NGA",-0.332626159236353,13,TRUE
"LBN_NPL",-0.382601568840482,5,TRUE
"LBN_NZL",-0.0722631731847119,17,TRUE
"LBN_PAK",-1.05386485750412,4,TRUE
"LBN_PAN",0.123923214084486,12,TRUE
"LBN_PER",-0.144574132558323,11,TRUE
"LBN_PHL",-0.310199937040395,16,TRUE
"LBN_PRY",-0.286113689486743,17,TRUE
"LBN_PYF",-1.15941396104713,11,TRUE
"LBN_RUS",-0.0793719919381373,12,TRUE
"LBN_SEN",0.0477896856750529,15,TRUE
"LBN_SGP",-0.17584428434791,20,TRUE
"LBN_SLE",-0.181287675050711,14,TRUE
"LBN_SLV",-0.0422277111373417,4,TRUE
"LBN_SRB",-0.500009369466833,9,TRUE
"LBN_STP",-0.202251047265222,8,TRUE
"LBN_SUR",-0.638634037525542,8,TRUE
"LBN_SYC",0.246097435298906,8,TRUE
"LBN_TCD",0.104033348476712,10,TRUE
"LBN_TGO",-0.270078256593502,6,TRUE
"LBN_THA",-0.822854730771138,8,TRUE
"LBN_TKM",-1.64873317443016,7,TRUE
"LBN_TTO",-2.32846802935224,9,TRUE
"LBN_TUR",0.0201768818026693,8,TRUE
"LBN_TWN",0.0492513635414439,11,TRUE
"LBN_UGA",0.0278937940890638,13,TRUE
"LBN_UKR",-0.632075827369718,4,TRUE
"LBN_URY",-0.446159353874613,9,TRUE
"LBN_USA",0.0745153886130265,22,TRUE
"LBN_VEN",-0.130690937019586,8,TRUE
"LBN_VNM",0.10236850653765,4,TRUE
"LBN_ZAF",-0.747310317577381,12,TRUE
"LBN_ZMB",-0.0926381947180097,13,TRUE
"LBN_ZWE",-0.351299130899068,13,TRUE
"LBR_AUS",-0.502360270474794,5,TRUE
"LBR_AUT",-2.54066086906115,14,TRUE
"LBR_BEL",-1.02744848693479,7,TRUE
"LBR_BGR",-4.47760094747003,10,TRUE
"LBR_BHS",-1.23243952386911,4,TRUE
"LBR_BRA",-0.186923541657526,12,TRUE
"LBR_CAN",0.772425299812158,10,TRUE
"LBR_CHE",-2.57138120960416,20,TRUE
"LBR_CHN",0.104924634058356,9,TRUE
"LBR_CZE",0.285668327975173,8,TRUE
"LBR_DEU",-0.553965440959454,7,TRUE
"LBR_DNK",-3.97124341491652,4,TRUE
"LBR_DZA",-4.29342492366278,9,TRUE
"LBR_ECU",-7.51864225555431,4,TRUE
"LBR_ESP",-0.324060415891901,8,TRUE
"LBR_FRA",0.186036390781886,4,TRUE
"LBR_GBR",-0.599625083949298,15,TRUE
"LBR_GRC",-0.863889158555889,17,TRUE
"LBR_HKG",-0.533234630449329,16,TRUE
"LBR_IDN",-0.439550912228319,5,TRUE
"LBR_IND",-1.12949217592547,11,TRUE
"LBR_IRL",-3.44772854791068,5,TRUE
"LBR_ISR",-1.02350840375168,5,TRUE
"LBR_ITA",-0.752118753406168,9,TRUE
"LBR_JPN",-2.61940324520737,13,TRUE
"LBR_KOR",-1.48282768739908,6,TRUE
"LBR_LBN",-1.23351356615753,4,TRUE
"LBR_MEX",-0.856796520225431,7,TRUE
"LBR_MMR",-3.48970982726751,4,TRUE
"LBR_MYS",-0.520351462937925,4,TRUE
"LBR_NLD",-0.551889459091352,20,TRUE
"LBR_NOR",-3.46503059119415,18,TRUE
"LBR_NZL",-1.90807747442217,4,TRUE
"LBR_PAK",-3.91437279790495,4,TRUE
"LBR_POL",-0.244657121194547,7,TRUE
"LBR_PRT",-3.91301319916969,17,TRUE
"LBR_ROU",-3.54189877115722,16,TRUE
"LBR_RUS",-0.290328657440076,14,TRUE
"LBR_RWA",-1.73560435857456,7,TRUE
"LBR_SGP",-5.9316100118236,4,TRUE
"LBR_SRB",0.0132977166744279,6,TRUE
"LBR_SUR",-1.24059116728148,9,TRUE
"LBR_SVN",-1.195641427638,9,TRUE
"LBR_SWE",-1.68996558874832,6,TRUE
"LBR_THA",-2.29800858714966,14,TRUE
"LBR_TUR",-0.822498243527918,11,TRUE
"LBR_TWN",-1.60886627501716,9,TRUE
"LBR_TZA",-0.516195994798567,5,TRUE
"LBR_UGA",-0.530823543396898,4,TRUE
"LBR_USA",-0.153442519815662,4,TRUE
"LBR_ZAF",-2.5360399117744,13,TRUE
"LBY_AUT",0.0282791389720545,18,TRUE
"LBY_BFA",-1.18749583852435,6,TRUE
"LBY_BGR",-0.87941381338289,7,TRUE
"LBY_BIH",-1.67115261511167,7,TRUE
"LBY_BLR",-1.30802266464842,4,TRUE
"LBY_CAN",0.0582454337485575,7,TRUE
"LBY_CHE",-0.798248566480835,13,TRUE
"LBY_CHN",-0.0368177328440634,12,TRUE
"LBY_COG",-4.95787307386588,5,TRUE
"LBY_CYP",0.549959506608583,4,TRUE
"LBY_CZE",-1.70148557081749,8,TRUE
"LBY_DNK",-4.203233564825,9,TRUE
"LBY_DOM",-1.84196785947553,7,TRUE
"LBY_ESP",0.0251878873003333,22,TRUE
"LBY_FIN",-4.63655874023084,12,TRUE
"LBY_FRA",-0.168514670378474,24,TRUE
"LBY_GBR",-0.342860441509118,22,TRUE
"LBY_GRC",-0.258425240975705,25,TRUE
"LBY_HRV",-0.55441268383896,13,TRUE
"LBY_HUN",-4.09548607578878,16,TRUE
"LBY_IRL",-3.2220518542886,10,TRUE
"LBY_ITA",-0.00112000022997066,19,TRUE
"LBY_JPN",-1.17161388172745,12,TRUE
"LBY_MLI",-1.65125614044058,8,TRUE
"LBY_MLT",-0.615832516802067,24,TRUE
"LBY_NER",-0.561493485920896,19,TRUE
"LBY_NLD",-0.137888321701569,6,TRUE
"LBY_NOR",-1.93281987636461,13,TRUE
"LBY_POL",-2.34450214963216,13,TRUE
"LBY_PRT",-4.24426715285579,6,TRUE
"LBY_RUS",-2.45698574835259,7,TRUE
"LBY_SEN",-2.81438146249789,14,TRUE
"LBY_SVK",-5.02186905382625,7,TRUE
"LBY_SVN",-2.65667724404006,11,TRUE
"LBY_SWE",-1.50964296308074,16,TRUE
"LBY_TUR",-0.945425466813069,9,TRUE
"LBY_TWN",-1.34562253454395,5,TRUE
"LBY_UKR",-0.727509707828808,9,TRUE
"LBY_USA",-0.51948000707136,6,TRUE
"LBY_ZAF",-6.77217309819791,6,TRUE
"LCA_AIA",-0.580713071488574,18,TRUE
"LCA_AUS",0.439504577127393,5,TRUE
"LCA_BMU",-1.2802004287674,4,TRUE
"LCA_BRA",-2.82467009229459,7,TRUE
"LCA_CAN",-0.312024419405811,26,TRUE
"LCA_CHE",-0.215001230021472,8,TRUE
"LCA_CHN",-1.80176856034694,12,TRUE
"LCA_COL",-3.84220991830191,4,TRUE
"LCA_CRI",-3.63336859307642,5,TRUE
"LCA_HKG",-0.714872017147944,5,TRUE
"LCA_IDN",-1.48953894598957,6,TRUE
"LCA_IND",-1.95939375965264,20,TRUE
"LCA_JPN",-0.887876698280932,7,TRUE
"LCA_MEX",-1.18334086860839,4,TRUE
"LCA_PAN",0.62806659670503,7,TRUE
"LCA_PER",-5.83882810934181,7,TRUE
"LCA_RUS",-3.72310337835887,8,TRUE
"LCA_THA",0.152360587069118,8,TRUE
"LCA_TUR",0.0997858470721994,4,TRUE
"LCA_TWN",0.679742103377627,6,TRUE
"LCA_USA",-0.102355340600981,8,TRUE
"LCA_VEN",-3.3283460024921,6,TRUE
"LCA_VGB",0.620598901083682,12,TRUE
"LCA_ZAF",-1.99263955799444,8,TRUE
"LKA_ABW",-3.20842635659955,7,TRUE
"LKA_AGO",-0.031957282714495,14,TRUE
"LKA_ALB",-1.61441278459749,15,TRUE
"LKA_AND",0.0206495809247431,15,TRUE
"LKA_ARE",0.0654956252951004,20,TRUE
"LKA_ARM",-0.309058590302964,5,TRUE
"LKA_ATG",0.40583638634617,7,TRUE
"LKA_AUS",-0.0142936359274293,18,TRUE
"LKA_AUT",0.406049763581701,6,TRUE
"LKA_AZE",0.149196638457472,7,TRUE
"LKA_BEL",-0.134008974353039,13,TRUE
"LKA_BFA",0.043249887646035,6,TRUE
"LKA_BGR",-0.241238390489405,7,TRUE
"LKA_BHR",-0.121191961067095,6,TRUE
"LKA_BHS",-0.730452851611683,15,TRUE
"LKA_BLR",-0.0590979335605512,12,TRUE
"LKA_BLZ",0.169605558969117,18,TRUE
"LKA_BMU",-0.608184749283468,13,TRUE
"LKA_BRB",-0.0101881179564387,13,TRUE
"LKA_BRN",-0.220421983359545,5,TRUE
"LKA_BWA",-0.753536925006129,7,TRUE
"LKA_CAN",0.0302970914600421,15,TRUE
"LKA_CHE",-0.0391314084182773,26,TRUE
"LKA_CIV",0.280348164003645,6,TRUE
"LKA_COG",-2.06284088718909,5,TRUE
"LKA_COM",-2.81899196515428,4,TRUE
"LKA_CRI",-0.585142183526322,23,TRUE
"LKA_CZE",0.196155364246701,4,TRUE
"LKA_DEU",0.089673177583769,11,TRUE
"LKA_DJI",-0.947858669540272,9,TRUE
"LKA_DMA",-0.120472619833201,13,TRUE
"LKA_DNK",-0.0352655118058173,26,TRUE
"LKA_DOM",-0.57301713334385,11,TRUE
"LKA_ESP",0.164078030618603,11,TRUE
"LKA_EST",0.0564169379648335,18,TRUE
"LKA_ETH",-0.716819754119884,18,TRUE
"LKA_FIN",0.231793622357877,14,TRUE
"LKA_FJI",0.0346645749032872,20,TRUE
"LKA_FRA",0.0477553856948049,13,TRUE
"LKA_FRO",-0.759382435996443,10,TRUE
"LKA_GAB",-0.169471693381186,8,TRUE
"LKA_GBR",-0.378337036506397,4,TRUE
"LKA_GEO",0.0404589953783957,11,TRUE
"LKA_GMB",-0.275216152659743,11,TRUE
"LKA_GRC",-0.195891581379913,20,TRUE
"LKA_GRD",-1.82678450364141,6,TRUE
"LKA_GRL",-1.57280378950745,4,TRUE
"LKA_GTM",0.372004087967704,8,TRUE
"LKA_GUM",-3.37437042831508,5,TRUE
"LKA_HND",0.286674334174021,11,TRUE
"LKA_HRV",-0.0910326046462115,17,TRUE
"LKA_HTI",-0.542909094412723,4,TRUE
"LKA_HUN",-0.538518916759177,17,TRUE
"LKA_IRL",0.0596596148610847,11,TRUE
"LKA_ISL",-0.0769950568503215,21,TRUE
"LKA_ISR",-0.0768038619293712,23,TRUE
"LKA_ITA",0.314633730691873,11,TRUE
"LKA_JAM",0.294420286644261,8,TRUE
"LKA_JOR",-0.23995636480997,19,TRUE
"LKA_JPN",-0.0196375060537983,25,TRUE
"LKA_KAZ",-0.415159733927756,7,TRUE
"LKA_KEN",0.386133184098518,4,TRUE
"LKA_KGZ",-0.60068966876297,6,TRUE
"LKA_KHM",0.112319790351004,13,TRUE
"LKA_KNA",-1.68634644709859,7,TRUE
"LKA_KWT",-0.0186986854500097,16,TRUE
"LKA_LBN",0.282992781052878,4,TRUE
"LKA_LBR",-0.172254773846886,13,TRUE
"LKA_LCA",0.0704016308031164,23,TRUE
"LKA_LTU",0.00429705910056699,4,TRUE
"LKA_LUX",0.0761565273468237,10,TRUE
"LKA_LVA",-0.0236807471333684,19,TRUE
"LKA_MAC",-0.369250785310711,11,TRUE
"LKA_MDA",-0.20039525683141,10,TRUE
"LKA_MDG",-0.834344281423788,14,TRUE
"LKA_MKD",-0.0122026060724416,11,TRUE
"LKA_MLI",-0.533343365315713,8,TRUE
"LKA_MNE",0.0470237827324358,7,TRUE
"LKA_MNG",-0.104050558751777,9,TRUE
"LKA_MRT",-0.159689329711066,23,TRUE
"LKA_MUS",0.00922883971431371,23,TRUE
"LKA_MWI",-0.25171116237684,15,TRUE
"LKA_NAM",-0.831599696821297,6,TRUE
"LKA_NCL",-0.142929546534824,9,TRUE
"LKA_NER",-0.659425728726065,10,TRUE
"LKA_NLD",-0.0876190444894873,24,TRUE
"LKA_NOR",-0.0801906023930337,21,TRUE
"LKA_NZL",0.0985419265823894,16,TRUE
"LKA_OMN",-0.036771143656206,17,TRUE
"LKA_PAN",0.678568519317272,5,TRUE
"LKA_PNG",-0.0954587965613113,10,TRUE
"LKA_POL",-0.0629170083777281,8,TRUE
"LKA_PRT",0.139474280897932,6,TRUE
"LKA_PRY",-0.00198114352862583,20,TRUE
"LKA_PYF",0.167131409466197,5,TRUE
"LKA_QAT",0.259104494496179,6,TRUE
"LKA_REU",0.595115945189951,6,TRUE
"LKA_RUS",-0.169275499627425,7,TRUE
"LKA_RWA",-0.156019741094061,4,TRUE
"LKA_SAU",-0.146715430686785,13,TRUE
"LKA_SEN",-0.216448342289201,8,TRUE
"LKA_SLB",0.0879119763582555,4,TRUE
"LKA_SLE",-0.641569636933054,25,TRUE
"LKA_SLV",0.354683687167725,6,TRUE
"LKA_SOM",-0.94356108077481,20,TRUE
"LKA_SUR",-0.195183591135489,17,TRUE
"LKA_SVK",0.32147797939517,5,TRUE
"LKA_SVN",0.2535058268397,5,TRUE
"LKA_SWE",-0.0803193793931514,25,TRUE
"LKA_SWZ",-0.13241349001629,6,TRUE
"LKA_SYC",0.0637584905935231,16,TRUE
"LKA_SYR",0.340532827744869,4,TRUE
"LKA_TGO",-0.599878643140083,16,TRUE
"LKA_TJK",-0.129908546340676,8,TRUE
"LKA_TKM",-0.229570908554069,6,TRUE
"LKA_TUR",0.0919725880091275,9,TRUE
"LKA_TWN",-0.175540936941228,25,TRUE
"LKA_UGA",0.0233364035710505,8,TRUE
"LKA_UKR",-0.120132215978086,14,TRUE
"LKA_UMI",0.152200122327841,8,TRUE
"LKA_URY",-0.230114022532432,18,TRUE
"LKA_USA",-0.0613142023171535,16,TRUE
"LKA_UZB",-0.353656846180339,9,TRUE
"LKA_VCT",-0.411123610136911,9,TRUE
"LKA_WSM",-1.20559197880801,11,TRUE
"LKA_YEM",-1.50677817489892,20,TRUE
"LKA_ZAF",0.0384938203534711,22,TRUE
"LKA_ZMB",-0.154590023024291,17,TRUE
"LSO_AUS",0.34903485295387,11,TRUE
"LSO_CAN",-0.445324017951095,6,TRUE
"LSO_CHL",-1.44487723405258,7,TRUE
"LSO_CHN",0.72628977313496,4,TRUE
"LSO_DOM",-3.30165282126574,5,TRUE
"LSO_EGY",-5.42727356985962,5,TRUE
"LSO_ETH",-0.149041467348697,4,TRUE
"LSO_HKG",-0.551091269970647,9,TRUE
"LSO_JPN",0.12793380672028,9,TRUE
"LSO_KAZ",-0.808490411762615,5,TRUE
"LSO_KEN",-3.57215240022762,8,TRUE
"LSO_KOR",-1.56199202020884,5,TRUE
"LSO_MEX",0.152258230224167,8,TRUE
"LSO_NIC",0.286654488611948,4,TRUE
"LSO_NZL",1.08299118983168,4,TRUE
"LSO_PAK",-1.45401101572932,9,TRUE
"LSO_PER",-1.12840400735979,5,TRUE
"LSO_RUS",-0.548183758539852,7,TRUE
"LSO_THA",-1.24253450267552,6,TRUE
"LSO_TUR",-0.861037698383187,4,TRUE
"LSO_UGA",-0.325481883698076,4,TRUE
"LSO_UKR",0.1095215284077,4,TRUE
"LSO_USA",-0.0927881869445955,5,TRUE
"LTU_AFG",-0.192260686005996,6,TRUE
"LTU_AGO",-0.267978123458426,7,TRUE
"LTU_ARE",-0.411845843430963,16,TRUE
"LTU_ARG",-0.499451303656089,16,TRUE
"LTU_AUS",-0.21133686609001,19,TRUE
"LTU_AZE",0.0482334045099984,6,TRUE
"LTU_BEN",-0.971663791127718,10,TRUE
"LTU_BFA",-1.13849855828825,10,TRUE
"LTU_BGD",-1.46461981380368,16,TRUE
"LTU_BHR",0.197978423905646,6,TRUE
"LTU_BLR",-0.220663851965559,19,TRUE
"LTU_BOL",0.242325760368284,6,TRUE
"LTU_BRA",0.0147488719980515,9,TRUE
"LTU_CHN",0.294210942330519,5,TRUE
"LTU_COD",-1.16845877092932,6,TRUE
"LTU_COG",-0.374041208201806,5,TRUE
"LTU_COM",-2.19188828734773,8,TRUE
"LTU_CPV",-0.0958031990508003,5,TRUE
"LTU_CUB",-0.922516552571123,16,TRUE
"LTU_ETH",-1.13454659146394,9,TRUE
"LTU_GIN",0.00596851184360771,6,TRUE
"LTU_GMB",-0.65211367648072,8,TRUE
"LTU_GNQ",-0.385651471543371,6,TRUE
"LTU_HKG",-0.0715832016083175,6,TRUE
"LTU_IDN",0.114468766856511,9,TRUE
"LTU_IND",-0.230092520815702,10,TRUE
"LTU_IRN",-1.52529646795416,18,TRUE
"LTU_IRQ",-0.704509214486152,7,TRUE
"LTU_KAZ",-0.211007884385719,17,TRUE
"LTU_KEN",-0.359760047371745,8,TRUE
"LTU_KGZ",-0.121964637723833,19,TRUE
"LTU_KHM",-0.0240200748183093,4,TRUE
"LTU_LBR",-1.29114640133717,18,TRUE
"LTU_LBY",-0.296721283367237,8,TRUE
"LTU_LKA",-0.325944515667363,6,TRUE
"LTU_MAC",-0.669809084257642,11,TRUE
"LTU_MDV",0.292862807904841,4,TRUE
"LTU_MHL",-1.84268986544131,12,TRUE
"LTU_MLI",-1.88156305483324,10,TRUE
"LTU_MNG",0.322807245838168,4,TRUE
"LTU_MRT",-0.675216625554566,15,TRUE
"LTU_MWI",-1.88171574732771,4,TRUE
"LTU_MYS",0.363233716830701,6,TRUE
"LTU_NER",-1.70902789802024,5,TRUE
"LTU_NGA",-0.0686981419731282,9,TRUE
"LTU_NPL",-0.332200914223694,5,TRUE
"LTU_NZL",0.37787543167486,5,TRUE
"LTU_OMN",-0.641784706107883,5,TRUE
"LTU_PAK",-0.855578422633217,8,TRUE
"LTU_PHL",0.136221646262907,11,TRUE
"LTU_PRY",-0.191274915354657,9,TRUE
"LTU_RUS",-0.394001587954609,6,TRUE
"LTU_SAU",0.354015031742395,6,TRUE
"LTU_SEN",-0.168087758365454,12,TRUE
"LTU_TGO",-2.53372416218085,4,TRUE
"LTU_THA",0.32676127956931,7,TRUE
"LTU_TJK",-0.738772787623477,4,TRUE
"LTU_TKM",-0.691490625132996,16,TRUE
"LTU_TWN",0.350887052592345,7,TRUE
"LTU_TZA",-0.536900054823111,10,TRUE
"LTU_UGA",0.00759299243858661,6,TRUE
"LTU_URY",-0.392719281520282,16,TRUE
"LTU_USA",0.140038759301119,10,TRUE
"LTU_UZB",-0.468065480157124,14,TRUE
"LTU_VEN",-1.30213898974281,18,TRUE
"LTU_VNM",-0.490140593464512,19,TRUE
"LTU_VUT",0.484310851153063,6,TRUE
"LTU_YEM",-1.57378385376416,15,TRUE
"LTU_ZMB",-0.661480659710412,4,TRUE
"LUX_AFG",-0.114777840462841,10,TRUE
"LUX_AGO",-0.556417287537566,9,TRUE
"LUX_ARE",-0.0938847036992378,12,TRUE
"LUX_ARG",-0.185931932714981,12,TRUE
"LUX_AUS",0.0802417768158123,14,TRUE
"LUX_AZE",-1.20414592178644,7,TRUE
"LUX_BDI",-2.29361608779193,7,TRUE
"LUX_BEN",-0.758413231131817,14,TRUE
"LUX_BFA",-0.571925243809154,12,TRUE
"LUX_BGD",-0.209855034231403,12,TRUE
"LUX_BHR",-0.644170800848541,13,TRUE
"LUX_BLR",-0.267462538561196,6,TRUE
"LUX_BOL",-0.529362405684178,13,TRUE
"LUX_BRA",-0.0310325965220282,4,TRUE
"LUX_CAF",-1.16411786687887,12,TRUE
"LUX_CHN",-0.0607123274805396,7,TRUE
"LUX_COD",-0.0949004511070591,6,TRUE
"LUX_COG",-1.28453765403836,6,TRUE
"LUX_CPV",-1.58469657839531,11,TRUE
"LUX_CUB",-1.6115413681523,13,TRUE
"LUX_ERI",-0.79550199127998,5,TRUE
"LUX_GAB",-0.518576042380057,14,TRUE
"LUX_GIB",-0.0809331809004457,7,TRUE
"LUX_GIN",-0.871315438066199,7,TRUE
"LUX_GMB",-0.859630537054809,8,TRUE
"LUX_GNQ",-3.29949403977459,10,TRUE
"LUX_GUM",-0.0684358074839565,7,TRUE
"LUX_HKG",-0.124246846552368,5,TRUE
"LUX_HTI",-1.61069184863752,13,TRUE
"LUX_IDN",-0.0763415628685932,10,TRUE
"LUX_IND",-0.177956888872363,10,TRUE
"LUX_IRN",-0.781808266430481,6,TRUE
"LUX_IRQ",-0.549287187760094,5,TRUE
"LUX_KAZ",-0.130255661126065,15,TRUE
"LUX_KEN",-0.115107642297623,9,TRUE
"LUX_KGZ",-0.393995182058597,5,TRUE
"LUX_KHM",-0.027974045739981,14,TRUE
"LUX_KWT",-0.135596389248206,11,TRUE
"LUX_LAO",-1.34773693543512,8,TRUE
"LUX_LBR",-1.47486170421379,13,TRUE
"LUX_LBY",-0.365961983079257,12,TRUE
"LUX_LKA",-1.10116493503125,13,TRUE
"LUX_MAC",-0.293199473461764,12,TRUE
"LUX_MLI",-0.211666138816257,9,TRUE
"LUX_MMR",-1.07422580013701,6,TRUE
"LUX_MNG",-1.78126367477992,12,TRUE
"LUX_MRT",-0.648444850111605,12,TRUE
"LUX_MWI",-1.32458895732904,8,TRUE
"LUX_MYS",-0.172448647355458,7,TRUE
"LUX_NER",-0.460084196729462,11,TRUE
"LUX_NGA",-0.0295758872417318,6,TRUE
"LUX_NZL",-0.377524997171684,4,TRUE
"LUX_PAK",-0.289274579711591,12,TRUE
"LUX_PHL",0.106962781973644,14,TRUE
"LUX_PRY",-0.469377963213854,8,TRUE
"LUX_QAT",-0.112934600771025,15,TRUE
"LUX_RUS",0.00329739799132707,10,TRUE
"LUX_RWA",-0.604350760541595,8,TRUE
"LUX_SAU",-0.701605768947909,7,TRUE
"LUX_SDN",-0.408269022246787,14,TRUE
"LUX_SEN",-0.335005002783714,7,TRUE
"LUX_SLB",-1.84288447114995,6,TRUE
"LUX_SLE",-0.361943012940958,10,TRUE
"LUX_TCD",0.44114790911433,5,TRUE
"LUX_TGO",-0.524041793120654,14,TRUE
"LUX_THA",0.0201529326105116,11,TRUE
"LUX_TJK",-1.80979175386795,7,TRUE
"LUX_TKM",-0.918229377607611,6,TRUE
"LUX_TWN",0.209014338027631,5,TRUE
"LUX_TZA",-0.76893562500653,7,TRUE
"LUX_UGA",-0.0678341917249529,9,TRUE
"LUX_URY",-0.171486770898528,7,TRUE
"LUX_USA",-0.00796709224333663,13,TRUE
"LUX_UZB",-0.438718401196646,11,TRUE
"LUX_VEN",-0.262586486280418,8,TRUE
"LUX_VNM",-0.340119641440979,14,TRUE
"LUX_YEM",-1.37003523017645,11,TRUE
"LUX_ZMB",-0.591776825495566,15,TRUE
"LVA_AFG",-1.22542860002788,9,TRUE
"LVA_AGO",0.0958028958430647,7,TRUE
"LVA_ARE",0.227037605980091,9,TRUE
"LVA_ARG",-0.495566472709368,18,TRUE
"LVA_AUS",0.167282154297856,8,TRUE
"LVA_AZE",-0.353253594592647,20,TRUE
"LVA_BEN",-1.44229463696646,5,TRUE
"LVA_BGD",-0.590171090870064,15,TRUE
"LVA_BHR",0.00100867922264956,5,TRUE
"LVA_BLR",-0.213142341952702,17,TRUE
"LVA_BOL",0.0331628744229894,10,TRUE
"LVA_BRA",-0.633683548828907,20,TRUE
"LVA_CHN",-0.371440806551696,19,TRUE
"LVA_COD",-2.12563292682401,5,TRUE
"LVA_COG",0.650917564349446,4,TRUE
"LVA_ETH",-1.00362550148737,10,TRUE
"LVA_GIB",-2.11823544830783,10,TRUE
"LVA_GIN",-0.523803445061254,5,TRUE
"LVA_GNB",-2.16720265470325,6,TRUE
"LVA_GNQ",-0.113659505185414,4,TRUE
"LVA_HKG",0.0279936931653515,9,TRUE
"LVA_HTI",-2.19126044925838,7,TRUE
"LVA_IDN",-0.699228844979921,18,TRUE
"LVA_IND",-0.0699679183897255,14,TRUE
"LVA_IRN",-1.32870926350674,16,TRUE
"LVA_IRQ",0.179863589786782,4,TRUE
"LVA_KAZ",-0.206137076285983,8,TRUE
"LVA_KEN",-0.889863596947524,12,TRUE
"LVA_KGZ",-0.490839853343712,5,TRUE
"LVA_KHM",-0.15345866705278,9,TRUE
"LVA_KWT",-0.141405722933328,12,TRUE
"LVA_LBR",-0.589880819066316,18,TRUE
"LVA_LBY",-0.363671825482791,5,TRUE
"LVA_LKA",0.138292614212631,11,TRUE
"LVA_MAC",-1.72595443296341,13,TRUE
"LVA_MDV",-0.26261261264236,9,TRUE
"LVA_MHL",-1.01378851467201,11,TRUE
"LVA_MNG",-0.4763787728759,6,TRUE
"LVA_MYS",-0.180371645154655,7,TRUE
"LVA_NER",-1.31574803924957,4,TRUE
"LVA_NGA",0.630649577578535,5,TRUE
"LVA_NZL",-0.237500495027049,11,TRUE
"LVA_OMN",-0.561355013962975,10,TRUE
"LVA_PAK",-0.650993645662488,14,TRUE
"LVA_PHL",-0.878848632728616,9,TRUE
"LVA_PRY",-1.15541161270926,5,TRUE
"LVA_QAT",0.133407425848769,5,TRUE
"LVA_RUS",0.0100911815090082,18,TRUE
"LVA_SAU",0.475032777830266,4,TRUE
"LVA_SDN",-1.91593813725683,5,TRUE
"LVA_SEN",-1.04384881569483,9,TRUE
"LVA_SLE",-0.0372363314363755,6,TRUE
"LVA_THA",-0.149336807576275,15,TRUE
"LVA_TJK",-0.232880606241705,18,TRUE
"LVA_TKM",0.0657513878894197,10,TRUE
"LVA_TWN",-0.182814218075897,14,TRUE
"LVA_TZA",-0.877526841186069,5,TRUE
"LVA_UGA",0.288907545132479,7,TRUE
"LVA_URY",-1.53362329333437,11,TRUE
"LVA_USA",-0.161605107275318,8,TRUE
"LVA_UZB",-0.380261513084806,13,TRUE
"LVA_VEN",-2.01475868913695,4,TRUE
"LVA_VNM",-0.199312186785632,9,TRUE
"LVA_VUT",-0.704427846585844,5,TRUE
"LVA_YEM",-1.22931644080572,16,TRUE
"LVA_ZMB",-1.72456531025144,9,TRUE
"MAC_AND",-0.613864390670302,15,TRUE
"MAC_ARE",0.323983339063864,6,TRUE
"MAC_ARG",-0.273498541006122,14,TRUE
"MAC_AUS",-0.125280060687741,20,TRUE
"MAC_AUT",-0.383615543228008,4,TRUE
"MAC_BGD",-1.05179706769691,18,TRUE
"MAC_BGR",0.670042685092648,13,TRUE
"MAC_BHR",0.102183742299624,9,TRUE
"MAC_BIH",-0.268951541347154,16,TRUE
"MAC_BLR",-2.56839782507023,6,TRUE
"MAC_BMU",-1.85054247729062,16,TRUE
"MAC_BRA",0.522285470394724,17,TRUE
"MAC_BRB",0.676475289983495,9,TRUE
"MAC_CAN",-0.458989663898225,15,TRUE
"MAC_CHE",-0.316502674361536,13,TRUE
"MAC_CHL",0.136927459486899,5,TRUE
"MAC_CIV",1.12782149433437,5,TRUE
"MAC_COL",-0.507329162292206,11,TRUE
"MAC_CRI",0.676293017153594,7,TRUE
"MAC_CYP",-0.434488447594614,18,TRUE
"MAC_CZE",-0.433083032524594,4,TRUE
"MAC_DEU",-0.452286644795022,8,TRUE
"MAC_ECU",-1.01111030958899,13,TRUE
"MAC_EGY",-0.68604419290451,9,TRUE
"MAC_ESP",-0.442633378757045,7,TRUE
"MAC_EST",-0.265955375602541,19,TRUE
"MAC_FIN",-0.857406876741146,17,TRUE
"MAC_FJI",-0.16576392132036,6,TRUE
"MAC_FRA",-0.992778360311008,14,TRUE
"MAC_FRO",-0.209717350185811,5,TRUE
"MAC_GBR",-1.19188913785346,14,TRUE
"MAC_GRC",-1.05117943942296,16,TRUE
"MAC_GTM",-0.636664887480825,6,TRUE
"MAC_HRV",0.171320844020162,6,TRUE
"MAC_HUN",2.23118410238208,4,TRUE
"MAC_IDN",0.623569432472851,16,TRUE
"MAC_IND",-0.416473237010922,19,TRUE
"MAC_IRL",-0.224596339167357,23,TRUE
"MAC_ISL",-1.27832376928123,15,TRUE
"MAC_ISR",0.864769575126504,12,TRUE
"MAC_ITA",-0.318450692142022,19,TRUE
"MAC_JPN",0.386052932041814,16,TRUE
"MAC_KAZ",-0.36740866390568,9,TRUE
"MAC_KHM",-0.394929397978195,18,TRUE
"MAC_KOR",0.527836843106897,15,TRUE
"MAC_KWT",0.237245092517649,18,TRUE
"MAC_LAO",-1.58029014437365,10,TRUE
"MAC_LBN",0.0274233790224619,22,TRUE
"MAC_LKA",0.636695784695071,14,TRUE
"MAC_LTU",-2.32863775178334,13,TRUE
"MAC_LUX",-0.519313744554647,8,TRUE
"MAC_LVA",-1.01486769611379,14,TRUE
"MAC_MAR",1.02598566966092,9,TRUE
"MAC_MDA",-1.37571328475304,8,TRUE
"MAC_MDG",-0.540692603227057,11,TRUE
"MAC_MEX",-1.22575741098814,14,TRUE
"MAC_MKD",-0.238527086617162,13,TRUE
"MAC_MLT",-1.16598004487719,16,TRUE
"MAC_MNE",-1.9591437807748,6,TRUE
"MAC_MOZ",-0.357905605498492,8,TRUE
"MAC_MUS",-1.21979804832288,5,TRUE
"MAC_MYS",1.59559204012263,6,TRUE
"MAC_NCL",-0.146996512531868,11,TRUE
"MAC_NIC",-4.89641807560321,8,TRUE
"MAC_NLD",0.00874611063101005,4,TRUE
"MAC_NOR",-0.404484759455323,21,TRUE
"MAC_NZL",-0.148246163686051,24,TRUE
"MAC_PAK",-0.728227248024235,23,TRUE
"MAC_PAN",-0.243476582767089,17,TRUE
"MAC_PER",-0.404340954947786,5,TRUE
"MAC_PHL",1.22828239901712,10,TRUE
"MAC_POL",-0.0544791218648519,8,TRUE
"MAC_PRK",-0.703943142678345,5,TRUE
"MAC_PRT",-0.743444405153549,20,TRUE
"MAC_PRY",-0.599858061781705,5,TRUE
"MAC_PYF",-0.578238089552089,15,TRUE
"MAC_QAT",-2.08470349411595,9,TRUE
"MAC_ROU",0.149805861184851,8,TRUE
"MAC_RUS",0.79406797464046,10,TRUE
"MAC_SAU",0.0342499368051747,16,TRUE
"MAC_SGP",0.688242227996164,15,TRUE
"MAC_SRB",-0.812906826606748,6,TRUE
"MAC_SVK",0.215392114421799,12,TRUE
"MAC_SVN",0.564143427896723,12,TRUE
"MAC_SWE",0.39860336283378,5,TRUE
"MAC_THA",0.437474030335341,19,TRUE
"MAC_TTO",-1.5324647053502,8,TRUE
"MAC_TUN",-1.05192542023516,15,TRUE
"MAC_TUR",-0.893296043567536,14,TRUE
"MAC_TWN",-0.0753580738382164,7,TRUE
"MAC_URY",1.85821149057524,4,TRUE
"MAC_VEN",-2.75577933739452,6,TRUE
"MAC_VNM",-0.830525154760871,11,TRUE
"MAC_ZAF",0.299879185426914,11,TRUE
"MAR_AGO",0.25373089242775,4,TRUE
"MAR_ALB",-0.18564680172912,4,TRUE
"MAR_AND",0.534362134550235,9,TRUE
"MAR_ANT",-0.788458551798694,8,TRUE
"MAR_AUS",-0.368138048818568,10,TRUE
"MAR_BFA",0.298979080229021,5,TRUE
"MAR_BIH",0.402359467905887,5,TRUE
"MAR_BLR",-0.312445920411458,9,TRUE
"MAR_BLZ",-0.442341624055305,4,TRUE
"MAR_BMU",0.138794914066325,7,TRUE
"MAR_BRB",-0.435081885231883,12,TRUE
"MAR_BRN",-3.86692765488105,7,TRUE
"MAR_CAF",0.113348881686342,17,TRUE
"MAR_CAN",-0.0241372247512232,16,TRUE
"MAR_CHN",-0.067366256272487,11,TRUE
"MAR_CIV",0.337371473620939,4,TRUE
"MAR_COM",-0.121605560926047,12,TRUE
"MAR_CPV",0.262304501273763,9,TRUE
"MAR_CRI",0.317948796782508,6,TRUE
"MAR_DJI",-0.742534388239793,9,TRUE
"MAR_DOM",-0.402381642894904,22,TRUE
"MAR_ERI",-0.574009287202714,6,TRUE
"MAR_ETH",-0.341097375417317,9,TRUE
"MAR_GAB",0.437099485109077,6,TRUE
"MAR_GEO",-0.752504557717763,14,TRUE
"MAR_GIB",-2.77511960190812,18,TRUE
"MAR_GMB",0.014216305991967,10,TRUE
"MAR_GNB",-0.196089571820574,5,TRUE
"MAR_GNQ",-0.394235973625392,7,TRUE
"MAR_GRL",-1.47692311416607,6,TRUE
"MAR_GTM",0.136128082549428,5,TRUE
"MAR_HKG",-0.217629621455169,10,TRUE
"MAR_HND",-0.0582386637342706,13,TRUE
"MAR_HTI",-0.14140913250075,13,TRUE
"MAR_ISR",-0.634923806416686,17,TRUE
"MAR_JAM",-0.119235790576433,11,TRUE
"MAR_JPN",-0.283392447683571,18,TRUE
"MAR_KAZ",0.297297878614672,6,TRUE
"MAR_KEN",0.0802775193447561,4,TRUE
"MAR_KGZ",-0.314078856231214,10,TRUE
"MAR_KHM",-1.818594149807,13,TRUE
"MAR_LBR",-0.212955818899925,6,TRUE
"MAR_MAC",-0.608191426050982,6,TRUE
"MAR_MDA",-0.491367734343277,17,TRUE
"MAR_MDG",0.0204868921814359,5,TRUE
"MAR_MDV",-0.206074001586779,5,TRUE
"MAR_MKD",-0.344727394054686,12,TRUE
"MAR_MNE",-0.0287269657733398,5,TRUE
"MAR_MRT",-0.14671844814363,13,TRUE
"MAR_MUS",-0.0151422047485248,22,TRUE
"MAR_MWI",0.417691393722616,4,TRUE
"MAR_MYT",0.0971052320598507,6,TRUE
"MAR_NAM",-0.10319320304476,13,TRUE
"MAR_NCL",-0.312324575013203,9,TRUE
"MAR_NER",0.157185824162182,7,TRUE
"MAR_NPL",-2.08654098474958,14,TRUE
"MAR_NZL",-0.0890554306403904,18,TRUE
"MAR_PAN",-0.573264691244642,11,TRUE
"MAR_PRY",-0.0404492118359341,9,TRUE
"MAR_PYF",0.026277819520394,17,TRUE
"MAR_RUS",-0.0155054945613529,19,TRUE
"MAR_RWA",-0.15619485473479,10,TRUE
"MAR_SEN",0.0488274651636249,18,TRUE
"MAR_SLE",0.0865965196685703,16,TRUE
"MAR_SLV",-0.111718945786382,16,TRUE
"MAR_SRB",0.0214817021356345,5,TRUE
"MAR_SYC",-0.482450181124452,10,TRUE
"MAR_TCD",0.0145087475110036,12,TRUE
"MAR_TGO",0.186684309187394,9,TRUE
"MAR_TWN",0.0696734306625205,23,TRUE
"MAR_UGA",-0.473687401154495,13,TRUE
"MAR_UKR",0.0690267808647413,11,TRUE
"MAR_URY",-0.558792904019921,5,TRUE
"MAR_WLF",-0.0273688107230074,9,TRUE
"MAR_ZMB",-0.00455010396051656,5,TRUE
"MDA_AFG",-1.68041325591009,4,TRUE
"MDA_AGO",-2.87684608977423,8,TRUE
"MDA_AND",0.104161268325124,5,TRUE
"MDA_ARE",0.12955658084037,4,TRUE
"MDA_AUS",-0.389825072722165,21,TRUE
"MDA_BOL",-1.71680230558282,6,TRUE
"MDA_CAN",-0.429144133613632,9,TRUE
"MDA_CHE",-0.127772895828795,17,TRUE
"MDA_CHN",-0.677327423464514,18,TRUE
"MDA_COG",-0.533030089242023,5,TRUE
"MDA_CRI",-1.45777335264168,4,TRUE
"MDA_DOM",-0.650095477958592,5,TRUE
"MDA_DZA",-2.70289624035322,7,TRUE
"MDA_GHA",-0.301857324159683,4,TRUE
"MDA_HKG",-0.426596037659436,6,TRUE
"MDA_IDN",0.507466521699679,7,TRUE
"MDA_IND",-0.629676005258279,17,TRUE
"MDA_IRN",-0.532894856355889,15,TRUE
"MDA_IRQ",-0.104889962623025,4,TRUE
"MDA_ISL",-0.392957915766064,11,TRUE
"MDA_ISR",-0.415451825828443,5,TRUE
"MDA_JOR",-1.00170876635354,13,TRUE
"MDA_JPN",0.0399044785412822,15,TRUE
"MDA_KOR",0.1480710854202,9,TRUE
"MDA_LBN",-0.0255522827115773,17,TRUE
"MDA_LBY",-1.11348477014386,5,TRUE
"MDA_MAC",-0.436995367358817,10,TRUE
"MDA_MAR",-1.0772448848225,7,TRUE
"MDA_MEX",-0.368737228731063,10,TRUE
"MDA_MNG",0.130033600103826,7,TRUE
"MDA_MYS",0.804793786731,5,TRUE
"MDA_NCL",-0.347207081845912,6,TRUE
"MDA_NGA",0.339144790109849,4,TRUE
"MDA_NOR",-0.00439058158785436,14,TRUE
"MDA_NZL",-3.07769717353849,4,TRUE
"MDA_PAK",-0.132689359093085,7,TRUE
"MDA_PAN",-0.922215423409884,6,TRUE
"MDA_PER",-0.0321429513100168,7,TRUE
"MDA_PHL",-0.579390135392606,4,TRUE
"MDA_SAU",-0.398603763711761,11,TRUE
"MDA_SDN",-2.39411140566324,10,TRUE
"MDA_SEN",-0.182595753751724,8,TRUE
"MDA_SGP",0.212173860151186,7,TRUE
"MDA_SYR",0.618744800222297,6,TRUE
"MDA_THA",-0.860295854129678,10,TRUE
"MDA_TKM",-1.12092796292588,13,TRUE
"MDA_TUN",-1.46032773188311,6,TRUE
"MDA_TWN",-0.123058786709132,7,TRUE
"MDA_URY",0.0196568931064618,8,TRUE
"MDA_USA",-0.134878835260869,21,TRUE
"MDA_VNM",-0.412384411988202,5,TRUE
"MDA_ZAF",0.00288927275668036,8,TRUE
"MDG_AND",0.164683241462901,4,TRUE
"MDG_ARE",-0.784067016624457,18,TRUE
"MDG_ARG",-0.00249680986987364,17,TRUE
"MDG_ARM",0.107189357841726,7,TRUE
"MDG_AUS",-0.536822675218024,16,TRUE
"MDG_BEN",-0.755581744529915,12,TRUE
"MDG_BGD",-0.0218667235848629,11,TRUE
"MDG_BHR",-1.58535634395026,5,TRUE
"MDG_BIH",-0.00908857905400566,11,TRUE
"MDG_BLR",-2.22828622755126,9,TRUE
"MDG_BMU",0.124646461753297,4,TRUE
"MDG_BOL",-0.645386897773052,12,TRUE
"MDG_BRA",-0.208692446879402,17,TRUE
"MDG_BRB",-0.818166560371069,5,TRUE
"MDG_BRN",-0.163929995534916,4,TRUE
"MDG_CAN",-0.123136914763782,19,TRUE
"MDG_CHE",-0.203160947081413,23,TRUE
"MDG_CHN",0.0589111422363554,16,TRUE
"MDG_CIV",-0.536454487191588,11,TRUE
"MDG_CMR",-0.869613692918192,9,TRUE
"MDG_COG",-0.740682737931868,4,TRUE
"MDG_COL",-0.483322416627074,5,TRUE
"MDG_CRI",-0.252648455435655,7,TRUE
"MDG_DOM",-0.344879572417788,7,TRUE
"MDG_DZA",-1.45325676564364,12,TRUE
"MDG_FJI",-0.834594525352589,4,TRUE
"MDG_FRO",-0.734484360639789,8,TRUE
"MDG_GAB",-2.61989805516279,9,TRUE
"MDG_GHA",-1.14577172573013,16,TRUE
"MDG_HKG",-0.159162080766479,14,TRUE
"MDG_IDN",-1.06205867828855,22,TRUE
"MDG_IND",-0.479588306428051,20,TRUE
"MDG_IRN",-0.45326111424696,11,TRUE
"MDG_ISL",-0.134414134772497,10,TRUE
"MDG_ISR",-0.187291971244268,15,TRUE
"MDG_JOR",-0.911060540708292,5,TRUE
"MDG_JPN",-0.164110592746679,10,TRUE
"MDG_KAZ",0.0337437075900497,12,TRUE
"MDG_KOR",-0.139344034888525,10,TRUE
"MDG_KWT",-0.192034017837875,15,TRUE
"MDG_LKA",-1.10924046260349,8,TRUE
"MDG_MAC",0.202022654362903,8,TRUE
"MDG_MAR",-0.259716131598686,20,TRUE
"MDG_MDA",0.269578101314616,5,TRUE
"MDG_MEX",-0.853244602190472,5,TRUE
"MDG_MNE",-0.127416742959276,8,TRUE
"MDG_MYS",-0.40609035002427,20,TRUE
"MDG_MYT",0.14707143024614,5,TRUE
"MDG_NGA",-1.15313182517908,14,TRUE
"MDG_NIC",-2.99355016812022,9,TRUE
"MDG_NOR",0.0277592127658702,6,TRUE
"MDG_NZL",-0.532362800531852,20,TRUE
"MDG_PAK",-0.435542991731206,25,TRUE
"MDG_PER",-0.336821815869214,13,TRUE
"MDG_PHL",-0.512076739783235,5,TRUE
"MDG_PRK",-0.996752685284278,14,TRUE
"MDG_PYF",-0.0913087557125096,6,TRUE
"MDG_QAT",-0.906408123748422,13,TRUE
"MDG_RUS",-0.168142710931975,12,TRUE
"MDG_SAU",0.0596297936910311,6,TRUE
"MDG_SEN",-0.35706567309148,19,TRUE
"MDG_SGP",-0.415725605880497,8,TRUE
"MDG_SRB",-0.155542651885405,6,TRUE
"MDG_SYR",-0.0899941148678563,10,TRUE
"MDG_THA",-0.580185502631652,7,TRUE
"MDG_TUR",-0.419666622539561,22,TRUE
"MDG_TWN",0.654573829693708,5,TRUE
"MDG_URY",-0.343892239388457,13,TRUE
"MDG_USA",-0.00349480484868699,18,TRUE
"MDG_VNM",0.0806274480766525,5,TRUE
"MDG_YEM",-0.415972076175945,7,TRUE
"MDV_ARE",-1.24472635716635,7,TRUE
"MDV_AUS",0.340882554279579,9,TRUE
"MDV_AUT",-0.241223344728944,9,TRUE
"MDV_BEL",0.876024752632073,5,TRUE
"MDV_BHR",-1.07915948246227,5,TRUE
"MDV_BRN",0.057827815013709,5,TRUE
"MDV_CAN",-1.34546531822963,16,TRUE
"MDV_CHE",-1.32306815626109,18,TRUE
"MDV_CHN",-1.2179158365307,6,TRUE
"MDV_CZE",0.304858229642878,7,TRUE
"MDV_DEU",-0.221324729261026,26,TRUE
"MDV_DNK",-2.77996795425613,8,TRUE
"MDV_DZA",-2.2380806019063,6,TRUE
"MDV_ESP",-0.128723678310067,19,TRUE
"MDV_FIN",-1.49643086689069,13,TRUE
"MDV_FRA",-0.215584383927832,18,TRUE
"MDV_FRO",-0.774047969361361,5,TRUE
"MDV_GBR",-0.603356340674534,6,TRUE
"MDV_GRC",-3.98220515061614,7,TRUE
"MDV_HKG",-0.0524784112685685,16,TRUE
"MDV_HRV",-1.71030170023117,8,TRUE
"MDV_IDN",-2.84327385292576,12,TRUE
"MDV_IRL",-0.798858275448477,16,TRUE
"MDV_ISR",-0.258805283024787,4,TRUE
"MDV_ITA",0.190627983593373,16,TRUE
"MDV_JPN",-0.244373702097691,20,TRUE
"MDV_KOR",-0.928864075967189,4,TRUE
"MDV_LBN",-0.841166082291669,14,TRUE
"MDV_LUX",-1.04539098137284,6,TRUE
"MDV_MEX",-0.779086722322506,6,TRUE
"MDV_MUS",-2.50984476042965,8,TRUE
"MDV_MYS",-0.182186588426798,16,TRUE
"MDV_NLD",-0.244321929027539,20,TRUE
"MDV_PHL",-1.39495879742458,6,TRUE
"MDV_RUS",-0.927303216098737,7,TRUE
"MDV_SAU",-0.783718168042885,19,TRUE
"MDV_SGP",-0.799788853119722,21,TRUE
"MDV_SVN",-1.43525220425182,5,TRUE
"MDV_SWE",-2.01680645622939,9,TRUE
"MDV_SYC",-2.00459052940392,4,TRUE
"MDV_THA",-0.161333112157519,23,TRUE
"MDV_TUR",-1.60615066493433,4,TRUE
"MDV_TWN",-1.71659051452259,12,TRUE
"MDV_TZA",-5.77374348404214,9,TRUE
"MDV_USA",-1.1402226242689,13,TRUE
"MDV_ZAF",-1.53120241546994,11,TRUE
"MEX_ABW",-4.46121817879576,4,TRUE
"MEX_AFG",-1.47883771710768,11,TRUE
"MEX_AGO",-0.195108289468613,12,TRUE
"MEX_AIA",-0.974463125808905,5,TRUE
"MEX_ALB",-0.356789805665575,10,TRUE
"MEX_AND",-0.255198916077929,19,TRUE
"MEX_ANT",-1.10302231464422,11,TRUE
"MEX_ARE",0.136329720855882,5,TRUE
"MEX_ARM",0.0873324316808013,13,TRUE
"MEX_ATG",0.202438554072806,12,TRUE
"MEX_AZE",-0.245264534688156,13,TRUE
"MEX_BHR",0.0985098872024917,5,TRUE
"MEX_BHS",-0.861309633629812,10,TRUE
"MEX_BIH",0.0571246723622563,10,TRUE
"MEX_BLR",-0.00309401484104258,15,TRUE
"MEX_BLZ",-0.0666953820822188,8,TRUE
"MEX_BMU",-2.32924397943855,9,TRUE
"MEX_BRB",0.0655152031921682,13,TRUE
"MEX_BRN",0.155559512537102,16,TRUE
"MEX_BWA",-0.246876876291084,5,TRUE
"MEX_CAF",-1.14161841868743,19,TRUE
"MEX_CHN",-0.174943680265503,26,TRUE
"MEX_CIV",-0.451296690213941,7,TRUE
"MEX_COG",-0.519709855376401,9,TRUE
"MEX_COM",-0.524100742978024,6,TRUE
"MEX_CPV",-3.57237794178101,5,TRUE
"MEX_DMA",-0.585630031404635,21,TRUE
"MEX_DOM",-0.299426957985599,8,TRUE
"MEX_ETH",-0.124315817013429,10,TRUE
"MEX_FRO",0.133836608651722,7,TRUE
"MEX_FSM",-3.03816643446462,6,TRUE
"MEX_GAB",-0.962979481261743,17,TRUE
"MEX_GEO",-1.57752181800802,13,TRUE
"MEX_GIB",-1.91639642488732,8,TRUE
"MEX_GMB",-1.90935237194083,8,TRUE
"MEX_GNB",-1.42903451189727,11,TRUE
"MEX_GRD",-0.101924474330747,13,TRUE
"MEX_GRL",-1.43057327164733,4,TRUE
"MEX_GUM",-1.03523461138924,6,TRUE
"MEX_HKG",-0.00704855438983169,12,TRUE
"MEX_HTI",-0.748149092041745,6,TRUE
"MEX_JAM",-0.202855975051502,13,TRUE
"MEX_JOR",-0.572894265933786,17,TRUE
"MEX_KAZ",-0.0149500459464689,11,TRUE
"MEX_KEN",-1.37778655110485,21,TRUE
"MEX_KGZ",0.0176788232623386,5,TRUE
"MEX_KHM",-0.971961602273502,15,TRUE
"MEX_KWT",-0.203763309278133,15,TRUE
"MEX_LAO",-1.35626107271284,8,TRUE
"MEX_LBN",-0.115995273322702,23,TRUE
"MEX_LBR",-0.899967594119978,16,TRUE
"MEX_LCA",-0.0388724432417062,10,TRUE
"MEX_MAC",-0.614369537988319,11,TRUE
"MEX_MDA",-0.0221684558587227,9,TRUE
"MEX_MDG",-0.373219263214475,24,TRUE
"MEX_MDV",-0.842414519954162,15,TRUE
"MEX_MHL",-1.81773678134566,7,TRUE
"MEX_MKD",0.588296849188205,4,TRUE
"MEX_MLI",-0.712508326524706,9,TRUE
"MEX_MNE",0.0847342585983335,8,TRUE
"MEX_MNG",0.222620679991139,8,TRUE
"MEX_MRT",-1.12214437108464,8,TRUE
"MEX_MSR",-2.58226038992089,6,TRUE
"MEX_MUS",-1.37734075478933,21,TRUE
"MEX_MWI",-0.413743148477753,5,TRUE
"MEX_NAM",-0.590166186188833,12,TRUE
"MEX_NCL",0.0384814194559689,9,TRUE
"MEX_NER",-0.54634412979288,4,TRUE
"MEX_NPL",0.330306188789196,4,TRUE
"MEX_OMN",-0.45020679137163,17,TRUE
"MEX_PLW",-1.38292733824649,6,TRUE
"MEX_PNG",-1.06789612857191,4,TRUE
"MEX_PSE",0.0381002348533986,8,TRUE
"MEX_PYF",0.0928166823790918,7,TRUE
"MEX_QAT",-0.162039386186911,13,TRUE
"MEX_RUS",-0.20984190746519,20,TRUE
"MEX_RWA",-0.133036524545596,6,TRUE
"MEX_SAU",-0.0326486921816048,12,TRUE
"MEX_SEN",0.0512342641923237,7,TRUE
"MEX_SLE",-0.194218723183002,6,TRUE
"MEX_STP",-1.09253745419892,12,TRUE
"MEX_SUR",-0.0327123793650886,25,TRUE
"MEX_SWZ",-1.37437386901198,4,TRUE
"MEX_SYC",-1.2677764155188,16,TRUE
"MEX_SYR",-1.33762449787466,17,TRUE
"MEX_TCD",-1.21379396994764,11,TRUE
"MEX_TGO",-0.721219905129318,13,TRUE
"MEX_TWN",-0.218964980327214,22,TRUE
"MEX_UGA",-0.122521722521535,8,TRUE
"MEX_UKR",0.197876124127915,7,TRUE
"MEX_VCT",-0.157030428710929,5,TRUE
"MEX_VGB",-1.61479392671245,17,TRUE
"MEX_WLF",-1.17270813092724,7,TRUE
"MEX_WSM",-0.987837769848114,9,TRUE
"MEX_YEM",-1.08590002132485,10,TRUE
"MEX_ZMB",-0.405425798008207,15,TRUE
"MHL_AZE",-1.33238202995882,5,TRUE
"MHL_BGD",-2.7133745509258,4,TRUE
"MHL_BRA",-0.138991162676295,4,TRUE
"MHL_CHN",0.290288321602646,9,TRUE
"MHL_DEU",-1.85759632881934,11,TRUE
"MHL_DNK",-2.4252110909945,6,TRUE
"MHL_ESP",-0.274042031875034,4,TRUE
"MHL_FRA",-2.00424185538358,12,TRUE
"MHL_GBR",-0.909563913797119,8,TRUE
"MHL_GRC",-0.18502288326769,6,TRUE
"MHL_HKG",-1.90959973082893,7,TRUE
"MHL_IDN",-0.940232145291162,14,TRUE
"MHL_IND",-3.64001135813432,6,TRUE
"MHL_ITA",-2.01544476858135,11,TRUE
"MHL_JPN",-0.357828674836052,15,TRUE
"MHL_KOR",0.494783717940418,7,TRUE
"MHL_MKD",-3.68130986336227,8,TRUE
"MHL_NLD",-2.52603534269338,10,TRUE
"MHL_PER",-0.496782661655745,6,TRUE
"MHL_PHL",0.405800995043462,4,TRUE
"MHL_POL",-0.776411135775461,6,TRUE
"MHL_RUS",-1.50246499314749,4,TRUE
"MHL_SGP",-4.52740988059509,7,TRUE
"MHL_SRB",-2.96215110392888,6,TRUE
"MHL_SVN",-0.886641199672804,5,TRUE
"MHL_SWE",-2.4368985900491,5,TRUE
"MHL_TWN",0.211360183601722,7,TRUE
"MHL_USA",0.0775095359875537,13,TRUE
"MKD_AFG",-0.35604808452267,8,TRUE
"MKD_AND",-0.326659496738903,15,TRUE
"MKD_ARE",-0.162870286155104,20,TRUE
"MKD_ARG",-0.522536616146288,4,TRUE
"MKD_ARM",-0.0865252237436198,6,TRUE
"MKD_AUS",-0.0412916830819596,6,TRUE
"MKD_AZE",-0.321210512428219,6,TRUE
"MKD_BHR",-0.0366835655819522,4,TRUE
"MKD_BLR",-0.960704636255458,20,TRUE
"MKD_CAN",-0.0151934050525657,17,TRUE
"MKD_CHL",-0.357553685455096,6,TRUE
"MKD_CHN",0.0930972078246565,9,TRUE
"MKD_COL",-0.978014246115242,4,TRUE
"MKD_CRI",-0.785530602098233,6,TRUE
"MKD_DZA",-2.78169141582187,5,TRUE
"MKD_EGY",-1.90430553842357,8,TRUE
"MKD_FRO",0.290167921950864,5,TRUE
"MKD_GEO",-0.333212546053809,10,TRUE
"MKD_GHA",-1.64208207860262,6,TRUE
"MKD_GRL",-0.106371844590656,4,TRUE
"MKD_HKG",-0.171225364796791,13,TRUE
"MKD_IDN",-0.624886475609998,18,TRUE
"MKD_IND",0.270502204635949,4,TRUE
"MKD_IRN",-0.677566300532456,17,TRUE
"MKD_IRQ",-0.985016260476383,5,TRUE
"MKD_ISR",-0.171431052644408,17,TRUE
"MKD_JOR",-0.51719340455161,18,TRUE
"MKD_KAZ",-0.0625144126983826,13,TRUE
"MKD_KGZ",-0.502400315596993,11,TRUE
"MKD_KOR",-1.10873177867423,15,TRUE
"MKD_KWT",-0.208990942467979,18,TRUE
"MKD_LBN",0.141166343747771,10,TRUE
"MKD_LBY",-0.422249470511467,17,TRUE
"MKD_MAR",-0.284563824999627,14,TRUE
"MKD_MEX",-0.077675740891182,11,TRUE
"MKD_NCL",-0.144618817900136,7,TRUE
"MKD_NGA",-1.38860986267192,14,TRUE
"MKD_NIC",-1.25131592153203,4,TRUE
"MKD_NZL",0.326775640148607,7,TRUE
"MKD_PAK",-0.78727949881624,12,TRUE
"MKD_PER",-0.350390862453687,5,TRUE
"MKD_PHL",0.318594500921568,4,TRUE
"MKD_PYF",-0.255177318661475,9,TRUE
"MKD_QAT",-1.53341449398812,8,TRUE
"MKD_RUS",-0.228418740167833,8,TRUE
"MKD_SGP",-0.548247407431736,14,TRUE
"MKD_SUR",-2.01785419516259,5,TRUE
"MKD_SYR",-1.28720715858331,5,TRUE
"MKD_THA",0.152339806388529,4,TRUE
"MKD_TUN",-0.687648799926322,11,TRUE
"MKD_TWN",-0.376606967875875,13,TRUE
"MKD_URY",-0.687058933477036,4,TRUE
"MKD_USA",-0.0284016200727746,8,TRUE
"MKD_VNM",0.00725884400457039,5,TRUE
"MKD_ZAF",-0.435161415616743,9,TRUE
"MLI_AGO",-2.59008050650395,4,TRUE
"MLI_ALB",-2.2713118287167,4,TRUE
"MLI_AUS",-0.577204896379222,8,TRUE
"MLI_AUT",-1.07631663055583,13,TRUE
"MLI_BDI",-0.33288161556953,6,TRUE
"MLI_BEL",-0.165970287721707,11,TRUE
"MLI_BGD",-1.37311576569047,10,TRUE
"MLI_BGR",-1.54572072944997,6,TRUE
"MLI_BHR",-2.58066225333261,4,TRUE
"MLI_BOL",-1.49428229650001,9,TRUE
"MLI_BRA",-3.8747113214308,13,TRUE
"MLI_BRB",-2.70692025660801,5,TRUE
"MLI_CAN",-1.0847954247984,22,TRUE
"MLI_CHE",-0.850642031913969,17,TRUE
"MLI_CMR",-0.702640653319625,14,TRUE
"MLI_COL",-2.14372409208625,4,TRUE
"MLI_CZE",-0.563768760291153,19,TRUE
"MLI_DEU",-0.334341565416936,23,TRUE
"MLI_DNK",-4.01442301351294,8,TRUE
"MLI_ESP",-0.0419272031898287,25,TRUE
"MLI_EST",-6.2340603994405,4,TRUE
"MLI_ETH",-0.220433089510521,11,TRUE
"MLI_FIN",-1.26342641163699,21,TRUE
"MLI_FRA",-0.500769103570686,4,TRUE
"MLI_GAB",-0.573955274351615,11,TRUE
"MLI_GBR",-1.94582115069101,6,TRUE
"MLI_GRC",-2.82526906015275,5,TRUE
"MLI_HKG",-0.379438899750584,12,TRUE
"MLI_HRV",-4.31995239286103,4,TRUE
"MLI_HUN",-1.52712788460469,18,TRUE
"MLI_IDN",-0.116429440705023,25,TRUE
"MLI_IND",-0.343210905210653,21,TRUE
"MLI_IRL",-1.68516960689093,26,TRUE
"MLI_ISL",-0.50422648910426,20,TRUE
"MLI_ITA",-0.355371111582577,20,TRUE
"MLI_JOR",-0.20578062024854,4,TRUE
"MLI_JPN",-0.485669487185799,24,TRUE
"MLI_KAZ",-0.965299114689751,4,TRUE
"MLI_KEN",-2.38372011207393,8,TRUE
"MLI_KOR",-1.33384512264207,25,TRUE
"MLI_LBN",-1.33731789907863,18,TRUE
"MLI_LKA",-3.65791472406397,4,TRUE
"MLI_LUX",-1.61302305342832,4,TRUE
"MLI_MDA",-0.227918851882763,5,TRUE
"MLI_MDG",-0.77419251929858,7,TRUE
"MLI_MEX",-2.51105446283694,11,TRUE
"MLI_MKD",-2.14827723500754,6,TRUE
"MLI_MUS",-0.820994111255146,21,TRUE
"MLI_MYS",-0.577550213742321,15,TRUE
"MLI_NCL",-0.439595175516288,4,TRUE
"MLI_NIC",-2.15550347550598,4,TRUE
"MLI_NLD",-0.3588830488834,24,TRUE
"MLI_NOR",-0.16129572534117,5,TRUE
"MLI_NZL",-0.349555926805893,13,TRUE
"MLI_PER",-1.36286641725662,12,TRUE
"MLI_PHL",-3.54148289547991,16,TRUE
"MLI_POL",-0.151170510891653,13,TRUE
"MLI_PRT",-1.04981661150892,10,TRUE
"MLI_PYF",-1.43766420193659,4,TRUE
"MLI_ROU",-1.80905100041401,13,TRUE
"MLI_RUS",-1.4686584581908,9,TRUE
"MLI_RWA",0.0179236441360029,5,TRUE
"MLI_SAU",-0.139628050197457,13,TRUE
"MLI_SDN",-2.91237927125413,4,TRUE
"MLI_SGP",-2.46529514266234,13,TRUE
"MLI_SRB",-1.24539210532383,5,TRUE
"MLI_SVK",-1.41710235442448,13,TRUE
"MLI_SVN",-2.84144988605121,10,TRUE
"MLI_SWE",-0.780001180992289,17,TRUE
"MLI_THA",-0.702652247911407,10,TRUE
"MLI_TUN",-1.83539667604002,13,TRUE
"MLI_TUR",-0.37670572942114,8,TRUE
"MLI_TWN",-1.43202109317089,11,TRUE
"MLI_TZA",-1.01907412935954,9,TRUE
"MLI_UGA",-3.79804098454616,17,TRUE
"MLI_UKR",-1.61570109413506,4,TRUE
"MLI_USA",0.0914323654279007,21,TRUE
"MLI_VEN",-3.34336149536312,8,TRUE
"MLI_VNM",-1.30328273955724,7,TRUE
"MLI_ZAF",-2.83251513294022,12,TRUE
"MLI_ZMB",-0.380073145370221,11,TRUE
"MLT_AGO",0.00662929201355063,11,TRUE
"MLT_ARE",-0.296802850580599,4,TRUE
"MLT_ARG",-0.204662196058392,10,TRUE
"MLT_AUS",0.0909952861529264,4,TRUE
"MLT_AZE",-0.490320750749881,11,TRUE
"MLT_BFA",-1.15568308424215,5,TRUE
"MLT_BGD",-1.04628419510608,17,TRUE
"MLT_BHR",-0.208196828069627,16,TRUE
"MLT_BLR",-0.430244328016841,13,TRUE
"MLT_BOL",-0.750547992937663,6,TRUE
"MLT_BRA",-0.0502028235085987,17,TRUE
"MLT_CHN",-0.409295108876089,5,TRUE
"MLT_COG",-2.19677258195867,12,TRUE
"MLT_CPV",-0.870159511021645,15,TRUE
"MLT_DJI",-0.0250109264147994,7,TRUE
"MLT_ETH",-0.332169071490315,16,TRUE
"MLT_GAB",-0.828062145077833,7,TRUE
"MLT_GIB",-1.45312989189451,4,TRUE
"MLT_GMB",-0.576986530985722,6,TRUE
"MLT_HKG",0.101621735328253,7,TRUE
"MLT_IDN",-0.549044277616086,16,TRUE
"MLT_IND",-0.303955167911839,17,TRUE
"MLT_IRN",-0.84388607372113,18,TRUE
"MLT_IRQ",-0.540762971431558,8,TRUE
"MLT_KAZ",-1.01185286793618,8,TRUE
"MLT_KEN",-0.539050827846353,18,TRUE
"MLT_KGZ",-0.533523277711317,13,TRUE
"MLT_KWT",0.0660844172796751,21,TRUE
"MLT_LBR",0.535028478517493,4,TRUE
"MLT_LBY",-0.0754253393988675,17,TRUE
"MLT_LKA",-0.499373258513969,17,TRUE
"MLT_MAC",-1.11970274038519,4,TRUE
"MLT_MDV",-0.403222050010073,4,TRUE
"MLT_MLI",-0.552276646774029,11,TRUE
"MLT_MMR",-0.0403641789863195,6,TRUE
"MLT_MRT",-1.25580681642841,9,TRUE
"MLT_MYS",0.0818641464438305,6,TRUE
"MLT_NER",-0.206042222239638,19,TRUE
"MLT_NGA",-0.5757988095484,11,TRUE
"MLT_NPL",-0.646575696515736,10,TRUE
"MLT_NZL",0.270138289771693,7,TRUE
"MLT_OMN",-0.584243107139822,6,TRUE
"MLT_PAK",-1.61102288532475,9,TRUE
"MLT_PHL",-0.451944432997213,15,TRUE
"MLT_PRY",-1.84483530432792,5,TRUE
"MLT_QAT",-0.0797988266748392,7,TRUE
"MLT_RUS",-0.309522969590419,19,TRUE
"MLT_SAU",-0.0759107985713354,16,TRUE
"MLT_SDN",-0.592589361844091,13,TRUE
"MLT_SEN",-0.358364027282903,15,TRUE
"MLT_SLE",-0.540343332605078,16,TRUE
"MLT_TGO",-1.3451728823205,11,TRUE
"MLT_THA",-0.326406716146586,6,TRUE
"MLT_TWN",-0.316270453588335,12,TRUE
"MLT_TZA",-1.89429139531087,15,TRUE
"MLT_UGA",-0.726927014956437,10,TRUE
"MLT_URY",-0.230791204337101,4,TRUE
"MLT_USA",-0.190165934226152,16,TRUE
"MLT_VEN",-0.738111277532414,19,TRUE
"MLT_VNM",-1.84187496306498,15,TRUE
"MLT_YEM",0.356384238978334,4,TRUE
"MLT_ZMB",-5.56604210283965,7,TRUE
"MMR_ALB",-1.85844621428337,8,TRUE
"MMR_AND",-1.36107925385423,6,TRUE
"MMR_ARM",-0.454292730688478,6,TRUE
"MMR_AUT",0.00551691769212373,15,TRUE
"MMR_BGR",-0.598720582915341,5,TRUE
"MMR_BHR",0.17317270956318,7,TRUE
"MMR_BIH",-0.249924853375949,8,TRUE
"MMR_BLR",-0.266762226932397,7,TRUE
"MMR_CAN",-1.42150384442766,18,TRUE
"MMR_CHE",0.180872269584501,7,TRUE
"MMR_CIV",0.328271850209887,12,TRUE
"MMR_CRI",-0.513820783543338,12,TRUE
"MMR_CYP",-0.373250854486179,8,TRUE
"MMR_CZE",-0.161833522083171,7,TRUE
"MMR_DEU",-0.0650209283273818,13,TRUE
"MMR_DNK",-0.743215999158899,8,TRUE
"MMR_DOM",-0.108720454889916,4,TRUE
"MMR_EST",-0.260704812451879,15,TRUE
"MMR_FIN",-1.03144408716459,19,TRUE
"MMR_FJI",-0.316296494900642,11,TRUE
"MMR_FRA",-0.062054774033506,8,TRUE
"MMR_FRO",-0.309928684533637,8,TRUE
"MMR_GBR",0.0488590758773939,12,TRUE
"MMR_GRC",0.0770169859603474,6,TRUE
"MMR_HKG",-0.249689174951483,7,TRUE
"MMR_HRV",0.00950532205407273,17,TRUE
"MMR_HUN",-0.740454069059087,4,TRUE
"MMR_IRL",-0.0968009659579379,6,TRUE
"MMR_ISL",-0.325202659846671,16,TRUE
"MMR_ISR",-0.0404899200246586,4,TRUE
"MMR_ITA",-0.342504929676951,15,TRUE
"MMR_KAZ",-0.217565042999331,8,TRUE
"MMR_KWT",-1.19904796980019,4,TRUE
"MMR_LBN",0.0706099089053129,5,TRUE
"MMR_LUX",0.0150565811850697,6,TRUE
"MMR_MAC",-0.489801045296848,19,TRUE
"MMR_MDA",-0.163708353721252,4,TRUE
"MMR_MDG",-0.579369687372831,4,TRUE
"MMR_MKD",0.0666119039172457,8,TRUE
"MMR_MLT",-0.212826567537699,11,TRUE
"MMR_MNE",0.14119288440789,8,TRUE
"MMR_MUS",-0.528483373036363,15,TRUE
"MMR_NCL",-1.27327416894247,9,TRUE
"MMR_NLD",-0.236524704892328,23,TRUE
"MMR_NOR",0.157977866760748,6,TRUE
"MMR_NPL",0.192694840442918,5,TRUE
"MMR_POL",-0.319575314453597,8,TRUE
"MMR_PRT",-0.598206334644367,21,TRUE
"MMR_PRY",-0.203842967315967,7,TRUE
"MMR_PYF",0.430323394517542,4,TRUE
"MMR_QAT",-0.0964701734186439,4,TRUE
"MMR_RUS",-0.12226344965742,15,TRUE
"MMR_SRB",-0.244266182819277,7,TRUE
"MMR_SVK",-0.554879692050461,11,TRUE
"MMR_SVN",-0.327986443709419,16,TRUE
"MMR_SWE",-0.203141776174147,9,TRUE
"MMR_TUR",0.155114607835145,11,TRUE
"MMR_TWN",0.259504865639469,25,TRUE
"MMR_UKR",-0.537641653028573,5,TRUE
"MMR_URY",-0.553624867589323,8,TRUE
"MMR_USA",-1.20520073765857,14,TRUE
"MMR_ZAF",-0.661120455538744,8,TRUE
"MNE_ARE",0.451318772792933,5,TRUE
"MNE_AUS",0.13409394536638,4,TRUE
"MNE_BLR",-3.68327766026357,5,TRUE
"MNE_BRA",-0.0207906129286706,4,TRUE
"MNE_CAN",-0.0513956584196233,5,TRUE
"MNE_CHN",0.190853192520474,5,TRUE
"MNE_EGY",-1.41752659672596,8,TRUE
"MNE_HKG",-0.93919265735618,8,TRUE
"MNE_ISR",-0.508251717408805,8,TRUE
"MNE_KOR",-0.409248886243493,5,TRUE
"MNE_MEX",-1.01077371723892,4,TRUE
"MNE_NZL",-0.0608588067263923,5,TRUE
"MNE_PYF",-1.70356172849621,4,TRUE
"MNE_RUS",-0.446982020678413,4,TRUE
"MNE_SEN",-0.73224408265299,4,TRUE
"MNE_THA",-0.332088715920599,5,TRUE
"MNE_TWN",-1.53027470861775,5,TRUE
"MNE_USA",-0.654253804755718,5,TRUE
"MNG_ARG",-3.74926625084468,11,TRUE
"MNG_AUS",-2.01827900395846,12,TRUE
"MNG_BEL",-1.12353418938486,14,TRUE
"MNG_BGR",-2.429425191072,8,TRUE
"MNG_BIH",-1.75824183640892,5,TRUE
"MNG_BLR",-0.539560543909912,6,TRUE
"MNG_BRA",-0.00936600618198305,8,TRUE
"MNG_CAN",-1.27487655224979,14,TRUE
"MNG_CHE",-2.147401418842,23,TRUE
"MNG_CHN",0.0282496707999327,11,TRUE
"MNG_COL",-2.50141565477231,13,TRUE
"MNG_CZE",-0.410312154169327,18,TRUE
"MNG_DEU",0.0163082796152945,16,TRUE
"MNG_DNK",-0.758669003121084,10,TRUE
"MNG_EGY",-0.726028175535164,16,TRUE
"MNG_ESP",-0.0678361739394836,4,TRUE
"MNG_FIN",-0.81773765339758,10,TRUE
"MNG_FRA",-0.214906787995028,15,TRUE
"MNG_GBR",-0.651637481751745,11,TRUE
"MNG_HKG",-0.149534914020723,7,TRUE
"MNG_HRV",-5.29074400831647,6,TRUE
"MNG_HUN",-0.13975987275168,5,TRUE
"MNG_IDN",-1.60249399242847,15,TRUE
"MNG_IND",-0.462021158270333,13,TRUE
"MNG_IRL",-1.42463640975171,14,TRUE
"MNG_ISR",-1.91777770312312,10,TRUE
"MNG_ITA",-0.0654602965078482,5,TRUE
"MNG_KAZ",-0.0947451302799719,6,TRUE
"MNG_KGZ",-0.697517142363159,10,TRUE
"MNG_KOR",-0.0437223375014365,12,TRUE
"MNG_KWT",-1.66515869450693,12,TRUE
"MNG_LBN",-1.25964157719927,11,TRUE
"MNG_LTU",0.151635117989408,5,TRUE
"MNG_LUX",-3.93136677539238,11,TRUE
"MNG_MAR",-0.835296001923282,4,TRUE
"MNG_MEX",-4.19221205033264,9,TRUE
"MNG_MYS",-0.969265536367179,11,TRUE
"MNG_NCL",-2.39768281300067,6,TRUE
"MNG_NLD",-1.28759509019619,8,TRUE
"MNG_NOR",0.184381394456025,8,TRUE
"MNG_NPL",-0.226024371898365,15,TRUE
"MNG_NZL",-0.385596324892903,8,TRUE
"MNG_POL",-0.70361263232985,19,TRUE
"MNG_ROU",-3.96295476749112,8,TRUE
"MNG_RUS",-0.600372145684019,8,TRUE
"MNG_SAU",-0.34906513366169,9,TRUE
"MNG_SGP",-1.5416307840689,15,TRUE
"MNG_SVK",-2.8448032817825,20,TRUE
"MNG_SVN",-0.311504797493648,5,TRUE
"MNG_SWE",-0.103161976853553,16,TRUE
"MNG_THA",-0.947292868575159,10,TRUE
"MNG_TUR",-1.231843717676,15,TRUE
"MNG_TWN",-0.294790900411427,13,TRUE
"MNG_UKR",-2.00045685327471,7,TRUE
"MNG_USA",-1.1018431354721,17,TRUE
"MNG_ZAF",-1.8028956411574,5,TRUE
"MNP_AUS",-1.50835848827638,16,TRUE
"MNP_AUT",-2.15043275892631,5,TRUE
"MNP_BRA",-1.28760717631854,4,TRUE
"MNP_COL",-1.75414987013248,10,TRUE
"MNP_CZE",-4.89795457763436,8,TRUE
"MNP_DEU",0.0883812001886049,7,TRUE
"MNP_ESP",-1.37913801079914,4,TRUE
"MNP_FRA",0.0333068809546802,10,TRUE
"MNP_GBR",-3.17024227050904,9,TRUE
"MNP_HKG",-1.0814086471043,12,TRUE
"MNP_JPN",-3.25486083525092,11,TRUE
"MNP_KOR",0.0997146737832561,15,TRUE
"MNP_LBN",-0.658152937855833,14,TRUE
"MNP_MEX",-1.3274430259922,12,TRUE
"MNP_NLD",-2.99476010751805,11,TRUE
"MNP_NZL",-0.811511146009984,19,TRUE
"MNP_PER",-2.84858008680805,9,TRUE
"MNP_PLW",-0.767762115310859,5,TRUE
"MNP_SGP",0.257150971040914,16,TRUE
"MNP_THA",-2.89322868095166,5,TRUE
"MNP_TUR",-2.17239975570801,10,TRUE
"MNP_ZAF",-1.91502183968086,9,TRUE
"MOZ_ARE",-0.799070187515011,11,TRUE
"MOZ_AUS",-0.459662915164055,13,TRUE
"MOZ_BHR",-0.537153895387203,8,TRUE
"MOZ_BIH",-3.63240622768626,7,TRUE
"MOZ_BLR",-2.50802038603879,4,TRUE
"MOZ_CAN",-0.701583996593981,15,TRUE
"MOZ_CHE",-0.233333770341555,16,TRUE
"MOZ_CHN",0.0284426523857033,8,TRUE
"MOZ_CIV",0.134492058096667,4,TRUE
"MOZ_COG",-1.21887735336054,10,TRUE
"MOZ_CPV",-1.07224656675432,9,TRUE
"MOZ_CRI",-1.20340031047592,4,TRUE
"MOZ_HKG",-0.470266996807586,6,TRUE
"MOZ_JPN",-0.508342686135545,20,TRUE
"MOZ_KAZ",-0.870850775779006,5,TRUE
"MOZ_KHM",-1.08292661041004,12,TRUE
"MOZ_KWT",-2.27760299303489,19,TRUE
"MOZ_LBN",-0.135216357113209,6,TRUE
"MOZ_MKD",-1.85459669213432,9,TRUE
"MOZ_NOR",-0.117351707426474,12,TRUE
"MOZ_NZL",-0.808709491071726,10,TRUE
"MOZ_RUS",-0.395000390826945,5,TRUE
"MOZ_SAU",-1.43378239769071,13,TRUE
"MOZ_SRB",-0.658868441085461,6,TRUE
"MOZ_TUR",0.182410597818195,6,TRUE
"MOZ_TWN",-0.4321329488789,9,TRUE
"MOZ_UKR",-0.129222378057798,9,TRUE
"MOZ_USA",-0.294947117975736,14,TRUE
"MRT_ARG",-2.43568280845023,14,TRUE
"MRT_ARM",-3.5544963242639,6,TRUE
"MRT_AUS",-4.02606476476202,14,TRUE
"MRT_AUT",-0.911286724729604,15,TRUE
"MRT_BEL",-4.72457828091883,8,TRUE
"MRT_BGD",-2.60066179314415,6,TRUE
"MRT_BGR",-3.68628257074994,13,TRUE
"MRT_BHR",-3.14973215754296,10,TRUE
"MRT_BIH",-1.02552421655003,11,TRUE
"MRT_BLR",-0.718672003372035,12,TRUE
"MRT_BRA",-3.11233824699131,21,TRUE
"MRT_CAN",-0.173559489508503,17,TRUE
"MRT_CHE",-1.45119888512727,15,TRUE
"MRT_CHL",-0.950274283139604,11,TRUE
"MRT_CHN",-0.495263732000245,18,TRUE
"MRT_CMR",0.00636152218932775,15,TRUE
"MRT_COL",-1.59065944297185,11,TRUE
"MRT_CRI",-6.19800024506476,4,TRUE
"MRT_CYP",1.5015457566582e-05,16,TRUE
"MRT_CZE",-0.553175221875605,15,TRUE
"MRT_DEU",0.0345997562747121,22,TRUE
"MRT_DOM",0.142304635410741,4,TRUE
"MRT_DZA",-2.86081128084211,7,TRUE
"MRT_ESP",-0.123924940649608,15,TRUE
"MRT_EST",-4.21410431894948,6,TRUE
"MRT_ETH",-1.39748566430243,7,TRUE
"MRT_FIN",-4.55119055644002,12,TRUE
"MRT_FRA",-0.301061396244541,16,TRUE
"MRT_GRC",-0.179602142762676,21,TRUE
"MRT_HRV",-1.73048968537045,15,TRUE
"MRT_IDN",-0.0894374236131505,4,TRUE
"MRT_IND",0.428473107750183,7,TRUE
"MRT_IRL",-4.01662844595884,17,TRUE
"MRT_ISL",-0.412700744329618,17,TRUE
"MRT_ISR",-0.551218817840984,4,TRUE
"MRT_ITA",-0.0776342172145937,14,TRUE
"MRT_JOR",-2.17564053217896,10,TRUE
"MRT_JPN",-0.240053583479188,18,TRUE
"MRT_KAZ",-4.36006291682368,4,TRUE
"MRT_KOR",-0.759243277542717,17,TRUE
"MRT_LBN",-0.428763263511542,8,TRUE
"MRT_LUX",-0.867921582911033,4,TRUE
"MRT_LVA",-3.06937850563268,7,TRUE
"MRT_MAR",-0.448601066540068,21,TRUE
"MRT_MDA",-1.47468961477437,8,TRUE
"MRT_MEX",-1.65905836634222,11,TRUE
"MRT_MOZ",0.33993648251318,6,TRUE
"MRT_MYS",-0.839359248845431,8,TRUE
"MRT_NCL",-1.87411301142213,4,TRUE
"MRT_NIC",-3.28830581914346,9,TRUE
"MRT_NOR",-0.133683911687291,15,TRUE
"MRT_PAK",-2.65752271451546,10,TRUE
"MRT_PER",-1.17220332700575,7,TRUE
"MRT_POL",-2.49113782785324,10,TRUE
"MRT_PRT",-0.115232430376972,25,TRUE
"MRT_PYF",-2.28160571243997,11,TRUE
"MRT_ROU",-4.54796303697619,13,TRUE
"MRT_RUS",-0.787061107355221,11,TRUE
"MRT_SLV",-0.842831044433716,4,TRUE
"MRT_SVK",-0.739193489505349,7,TRUE
"MRT_SVN",-1.44873424025431,10,TRUE
"MRT_SWE",-2.22695358876658,15,TRUE
"MRT_SYR",-1.78255152552885,5,TRUE
"MRT_THA",-1.39092054285774,15,TRUE
"MRT_TUN",-0.0324973670813475,18,TRUE
"MRT_TUR",0.783123241841917,5,TRUE
"MRT_TWN",-0.309416791532249,11,TRUE
"MRT_UKR",0.0250642219273329,11,TRUE
"MRT_USA",-0.988581509681599,14,TRUE
"MRT_VNM",0.157827639357237,6,TRUE
"MRT_ZAF",-2.21912799127864,6,TRUE
"MSR_AIA",0.431142380711814,7,TRUE
"MSR_ANT",0.679481180835013,6,TRUE
"MSR_AUS",-0.56439178612767,7,TRUE
"MSR_CAN",0.46949882888875,17,TRUE
"MSR_CHN",-2.29171706078472,5,TRUE
"MSR_KOR",-0.122440648386827,8,TRUE
"MSR_LBN",-0.251512415385825,4,TRUE
"MSR_NZL",-0.597064799449463,8,TRUE
"MSR_PER",-0.517882063137355,5,TRUE
"MSR_RUS",0.50826428701975,4,TRUE
"MSR_SLV",-1.23115544051069,5,TRUE
"MSR_THA",-3.64801801287089,11,TRUE
"MSR_TWN",-2.26568433976608,10,TRUE
"MSR_USA",0.252765026691247,11,TRUE
"MSR_ZAF",-2.62909533308296,10,TRUE
"MTQ_CHE",0.94036723689609,5,TRUE
"MUS_ARE",-1.04332155031836,4,TRUE
"MUS_ARG",-0.439720608624968,15,TRUE
"MUS_ARM",0.491066248155367,4,TRUE
"MUS_ATF",-4.01715006218,10,TRUE
"MUS_ATG",-0.946987535787526,4,TRUE
"MUS_AUS",0.285790685217615,9,TRUE
"MUS_BEN",-1.61448245516941,9,TRUE
"MUS_BFA",-0.520552888031641,4,TRUE
"MUS_BGD",-0.464867983867159,15,TRUE
"MUS_BHS",-6.57014846962458,12,TRUE
"MUS_BIH",-0.0808129091011037,6,TRUE
"MUS_BLR",-0.30842778794408,10,TRUE
"MUS_BOL",-0.0605772048786738,5,TRUE
"MUS_BRA",-0.714897026453755,13,TRUE
"MUS_BRB",-1.65923661478148,10,TRUE
"MUS_BRN",-1.11125247764686,10,TRUE
"MUS_CAN",-0.0949141111122642,24,TRUE
"MUS_CHE",-0.0908331227889886,14,TRUE
"MUS_CHL",-0.281037291142744,18,TRUE
"MUS_CHN",-0.218341835698448,10,TRUE
"MUS_CIV",0.2540749335063,14,TRUE
"MUS_CMR",-0.428733038990573,6,TRUE
"MUS_COG",-1.50887491908781,4,TRUE
"MUS_COL",-0.00525928159566033,6,TRUE
"MUS_CRI",-1.7569553174975,10,TRUE
"MUS_DOM",-0.434198744970156,6,TRUE
"MUS_DZA",-0.0394406015029975,10,TRUE
"MUS_FJI",-3.83209908469119,10,TRUE
"MUS_FRO",0.329042452365827,6,TRUE
"MUS_GAB",-1.35527510799027,7,TRUE
"MUS_GHA",0.0151470896579897,11,TRUE
"MUS_GIN",-2.2770398653962,15,TRUE
"MUS_GRL",0.752678181537373,4,TRUE
"MUS_GUY",-1.13487916347874,5,TRUE
"MUS_HKG",-0.204761402480463,11,TRUE
"MUS_IDN",-0.261602308152643,4,TRUE
"MUS_IND",-0.135850321311882,23,TRUE
"MUS_IRN",0.841412026621878,5,TRUE
"MUS_ISL",0.20720455809692,7,TRUE
"MUS_ISR",-0.690231172643039,20,TRUE
"MUS_JPN",-0.225564736334816,18,TRUE
"MUS_KAZ",0.0761792101275803,5,TRUE
"MUS_KGZ",-2.72101313931337,5,TRUE
"MUS_KHM",-0.589810267351971,4,TRUE
"MUS_KOR",-0.0127331332053565,16,TRUE
"MUS_KWT",-0.353124201156691,18,TRUE
"MUS_LBN",0.133605694638098,12,TRUE
"MUS_LKA",-1.59339725726349,4,TRUE
"MUS_MAC",-1.73045420073976,10,TRUE
"MUS_MAR",-0.121344594955891,19,TRUE
"MUS_MDA",-0.430668781031717,19,TRUE
"MUS_MDV",0.0245468292786945,10,TRUE
"MUS_MEX",-0.0255496204037289,19,TRUE
"MUS_MKD",-0.0159200769961655,7,TRUE
"MUS_MLI",-1.0387669717769,14,TRUE
"MUS_MMR",-1.56115182020325,4,TRUE
"MUS_MNE",-0.0817774235775092,7,TRUE
"MUS_MRT",0.177025327215883,6,TRUE
"MUS_MYS",-0.288833200592228,7,TRUE
"MUS_MYT",0.0895293949194829,8,TRUE
"MUS_NCL",-2.28115554396231,6,TRUE
"MUS_NER",-0.538159649993343,10,TRUE
"MUS_NGA",-1.02594201916747,7,TRUE
"MUS_NIC",-0.514088604687345,15,TRUE
"MUS_NOR",-0.0470387325635369,14,TRUE
"MUS_NZL",-0.288386350228201,18,TRUE
"MUS_OMN",-0.574273027826047,15,TRUE
"MUS_PAN",0.301316285354742,18,TRUE
"MUS_PER",0.346680005687177,8,TRUE
"MUS_PHL",-0.429265569480995,9,TRUE
"MUS_PRY",-0.190759196276868,6,TRUE
"MUS_QAT",-0.481330471554249,9,TRUE
"MUS_REU",-0.818702333040885,5,TRUE
"MUS_RUS",0.108850676597367,11,TRUE
"MUS_SAU",0.30367820961246,13,TRUE
"MUS_SEN",0.0217656893377373,16,TRUE
"MUS_SGP",-0.515975658535805,16,TRUE
"MUS_SLV",-0.665289567674863,4,TRUE
"MUS_SRB",-0.387499729594303,5,TRUE
"MUS_SYR",-0.816773666219872,8,TRUE
"MUS_TGO",-1.9121148007752,13,TRUE
"MUS_THA",-0.0444637814560025,24,TRUE
"MUS_TWN",0.103817922273016,12,TRUE
"MUS_UKR",-0.284287642499328,18,TRUE
"MUS_URY",-0.259275799004297,20,TRUE
"MUS_USA",-0.007460301050216,25,TRUE
"MUS_VEN",-0.422424871374026,5,TRUE
"MUS_VNM",-0.152423018288417,10,TRUE
"MUS_VUT",-3.56639648123735,6,TRUE
"MWI_ARE",0.650606737556844,6,TRUE
"MWI_ARG",-1.71698892392469,8,TRUE
"MWI_ARM",0.36974493947397,8,TRUE
"MWI_AUS",-1.06524228454945,26,TRUE
"MWI_AUT",-0.900557219197571,24,TRUE
"MWI_BEL",1.05811042693433,6,TRUE
"MWI_BGD",-3.31736514415926,4,TRUE
"MWI_BGR",-0.291478946018749,11,TRUE
"MWI_BHR",-1.28599237054472,4,TRUE
"MWI_BIH",-1.94721827106937,5,TRUE
"MWI_BLR",-1.25042952483233,6,TRUE
"MWI_BRA",-0.844247730300221,7,TRUE
"MWI_CHE",-0.532876014914193,16,TRUE
"MWI_CHN",0.0540902123058744,13,TRUE
"MWI_CIV",-6.71414353472232,4,TRUE
"MWI_CMR",-1.39917131287784,12,TRUE
"MWI_COL",-2.17891921375503,4,TRUE
"MWI_CRI",-2.9442967747082,4,TRUE
"MWI_CZE",-0.412801260053202,21,TRUE
"MWI_DEU",-0.0499976894139566,17,TRUE
"MWI_DNK",-0.189087587251041,7,TRUE
"MWI_DZA",-0.4545649374834,7,TRUE
"MWI_ESP",-0.609182174619119,5,TRUE
"MWI_FIN",-0.742806387960471,5,TRUE
"MWI_FJI",-0.34733139712057,13,TRUE
"MWI_FRA",-0.750405705377789,7,TRUE
"MWI_GBR",-0.268730807288651,15,TRUE
"MWI_GHA",-1.74628579564684,5,TRUE
"MWI_GMB",-2.6032722404658,12,TRUE
"MWI_GRC",0.0519024071704969,5,TRUE
"MWI_HKG",-0.0373206061466989,12,TRUE
"MWI_HRV",-2.72220111932584,13,TRUE
"MWI_HUN",-1.35024500513217,21,TRUE
"MWI_IDN",0.383600857689336,12,TRUE
"MWI_IND",-0.117328602273229,13,TRUE
"MWI_IRL",-1.80140152250139,9,TRUE
"MWI_ISL",-2.37524922212699,7,TRUE
"MWI_ISR",-0.655424072126645,9,TRUE
"MWI_ITA",-0.0860837818985126,18,TRUE
"MWI_JPN",-0.760020074342405,6,TRUE
"MWI_KAZ",-0.872667868139524,13,TRUE
"MWI_KOR",0.0896288411663359,15,TRUE
"MWI_LBN",-1.29551969625299,6,TRUE
"MWI_LTU",-0.0188636590064534,13,TRUE
"MWI_LUX",-2.72987287296433,11,TRUE
"MWI_MAR",-0.0950270567185775,6,TRUE
"MWI_MEX",-3.66246942399835,4,TRUE
"MWI_MKD",-1.12839607130424,6,TRUE
"MWI_MYS",-0.357709157034526,4,TRUE
"MWI_NGA",-2.62284003143169,16,TRUE
"MWI_NLD",-0.230195712978236,4,TRUE
"MWI_NOR",-1.44359112283642,20,TRUE
"MWI_NZL",-0.404774145077361,26,TRUE
"MWI_PAK",-2.21479398203486,5,TRUE
"MWI_PHL",-0.383791170275706,24,TRUE
"MWI_POL",-0.128630813635653,5,TRUE
"MWI_PRT",-0.0278586461400917,13,TRUE
"MWI_RUS",0.0519549584822463,13,TRUE
"MWI_SAU",-0.111132505394892,7,TRUE
"MWI_SGP",-0.114370172544288,12,TRUE
"MWI_SRB",-0.601586398179911,5,TRUE
"MWI_SVK",-2.5736638577482,8,TRUE
"MWI_SVN",-4.80267602594971,4,TRUE
"MWI_SWE",-0.328361100038625,10,TRUE
"MWI_THA",-0.510954118444916,16,TRUE
"MWI_TUR",0.0339946277878728,15,TRUE
"MWI_TWN",-0.63118056012663,12,TRUE
"MWI_UKR",0.278465078486804,7,TRUE
"MWI_USA",-0.258889263684724,9,TRUE
"MYS_ABW",0.0860617720785897,4,TRUE
"MYS_AFG",-0.745357343695527,15,TRUE
"MYS_AGO",-0.746045148084158,21,TRUE
"MYS_ALB",-0.037927533487299,17,TRUE
"MYS_AND",-0.95795714896279,15,TRUE
"MYS_ANT",-1.10861646647867,16,TRUE
"MYS_ARE",-0.012272329290676,21,TRUE
"MYS_ARM",0.00569562133349805,16,TRUE
"MYS_ASM",0.61376267695436,5,TRUE
"MYS_ATG",-0.535284249906034,13,TRUE
"MYS_AUT",-0.133845939015651,21,TRUE
"MYS_AZE",-0.0772827917223289,5,TRUE
"MYS_BDI",0.139592233083248,13,TRUE
"MYS_BEL",0.162651974750787,4,TRUE
"MYS_BFA",-0.165188176170242,19,TRUE
"MYS_BGR",-0.0462052322873818,22,TRUE
"MYS_BHR",0.00610551962258619,25,TRUE
"MYS_BIH",0.0166129787267031,8,TRUE
"MYS_BLR",-0.139023541081896,5,TRUE
"MYS_BLZ",0.0175187564308938,16,TRUE
"MYS_BMU",-0.34392944788438,13,TRUE
"MYS_BRB",-0.0104883435918146,25,TRUE
"MYS_BTN",-0.690934388369762,8,TRUE
"MYS_BWA",-0.287495477475907,11,TRUE
"MYS_CAF",0.0865005878078137,12,TRUE
"MYS_CAN",0.0443098433465419,26,TRUE
"MYS_CHE",0.139951913599685,6,TRUE
"MYS_CIV",-0.197879612000865,24,TRUE
"MYS_COD",-0.0763562358998641,20,TRUE
"MYS_COG",-0.0602148737341937,6,TRUE
"MYS_COM",-0.493510512756083,21,TRUE
"MYS_CPV",-0.231266584354677,13,TRUE
"MYS_CXR",-0.6623683262271,5,TRUE
"MYS_CYM",-1.44854938188389,11,TRUE
"MYS_CYP",-0.521297031298822,8,TRUE
"MYS_CZE",0.0906651637863862,4,TRUE
"MYS_DEU",0.187946757702063,7,TRUE
"MYS_DJI",-0.173539150341333,8,TRUE
"MYS_DMA",-0.150252409860948,17,TRUE
"MYS_DNK",0.0267436990296071,24,TRUE
"MYS_DOM",-0.319139907689035,20,TRUE
"MYS_ESP",-0.0950709116784383,13,TRUE
"MYS_EST",0.0705103726360023,4,TRUE
"MYS_ETH",-0.0944327622095791,6,TRUE
"MYS_FIN",0.0870489689854303,5,TRUE
"MYS_FJI",-0.103625601827723,20,TRUE
"MYS_FRA",-0.0190195752816365,19,TRUE
"MYS_FRO",-1.52183016323556,12,TRUE
"MYS_FSM",0.00404429863852841,10,TRUE
"MYS_GAB",0.351050584887448,11,TRUE
"MYS_GBR",-0.0600699995437725,23,TRUE
"MYS_GEO",-0.443485890051724,17,TRUE
"MYS_GIB",-3.58194492944655,10,TRUE
"MYS_GMB",0.19710809275206,18,TRUE
"MYS_GNQ",0.469477681989712,8,TRUE
"MYS_GRC",-0.104830052018975,18,TRUE
"MYS_GRD",-0.210566270561545,12,TRUE
"MYS_GRL",-0.0735284135851058,7,TRUE
"MYS_GTM",0.0495965499505212,16,TRUE
"MYS_GUM",0.0334060227692865,4,TRUE
"MYS_HND",0.212417640796058,13,TRUE
"MYS_HRV",-0.150913715891981,11,TRUE
"MYS_HTI",-0.40256369816295,23,TRUE
"MYS_HUN",-0.154246222156938,9,TRUE
"MYS_IRL",0.0247734042639955,24,TRUE
"MYS_ISL",-0.123015617000171,9,TRUE
"MYS_ITA",-0.00875664369436813,15,TRUE
"MYS_JAM",-0.0860093901146398,21,TRUE
"MYS_JOR",-0.421220066241569,6,TRUE
"MYS_KAZ",0.198824350079123,8,TRUE
"MYS_KEN",0.0125562282872115,9,TRUE
"MYS_KGZ",-0.0505336981167839,6,TRUE
"MYS_KIR",0.0891727387058977,17,TRUE
"MYS_KNA",-0.442585920158608,11,TRUE
"MYS_KWT",-0.0195217452969807,26,TRUE
"MYS_LBN",-0.0394172030405437,10,TRUE
"MYS_LBR",0.18209831871883,17,TRUE
"MYS_LCA",-0.152292447764222,20,TRUE
"MYS_LSO",-1.01674533904397,14,TRUE
"MYS_LTU",-0.400571712481941,12,TRUE
"MYS_LUX",-0.0438753092039391,14,TRUE
"MYS_LVA",0.188017135468537,8,TRUE
"MYS_MAC",-0.576668390800018,6,TRUE
"MYS_MDA",0.00772958959220937,5,TRUE
"MYS_MDG",-0.0438403447769061,18,TRUE
"MYS_MHL",-0.139039826656917,13,TRUE
"MYS_MKD",0.237290083192301,7,TRUE
"MYS_MLI",-0.235464735078168,20,TRUE
"MYS_MLT",-0.201530424103454,16,TRUE
"MYS_MNE",-0.148082145709087,8,TRUE
"MYS_MNG",0.0228379407062165,13,TRUE
"MYS_MNP",1.1790218090161,8,TRUE
"MYS_MRT",-0.130744530415369,23,TRUE
"MYS_MSR",-1.14738387870502,7,TRUE
"MYS_MUS",0.0251903353991607,21,TRUE
"MYS_MWI",0.0713121713544991,13,TRUE
"MYS_MYT",0.244329147851216,4,TRUE
"MYS_NAM",-1.2106446037888,11,TRUE
"MYS_NER",-0.179429234760822,18,TRUE
"MYS_NFK",-0.425703884752397,5,TRUE
"MYS_NLD",0.0124012427640775,19,TRUE
"MYS_NOR",0.0514973385382826,18,TRUE
"MYS_NPL",-0.086007698886816,21,TRUE
"MYS_NRU",0.273995847488689,14,TRUE
"MYS_OMN",-0.0469426238760264,17,TRUE
"MYS_PAN",0.330074395269783,10,TRUE
"MYS_PCN",-1.36857293283559,17,TRUE
"MYS_PLW",-0.214955569317786,19,TRUE
"MYS_PNG",-0.214089204162375,23,TRUE
"MYS_POL",0.0344134925108682,18,TRUE
"MYS_PRT",-0.0762114833493741,17,TRUE
"MYS_PRY",-0.0622488713420843,25,TRUE
"MYS_PYF",0.150084973696652,9,TRUE
"MYS_QAT",0.0485957175072896,15,TRUE
"MYS_RUS",0.0940329573577148,12,TRUE
"MYS_RWA",0.0651426511213532,7,TRUE
"MYS_SEN",0.238841103291747,10,TRUE
"MYS_SLB",-0.513811231504243,22,TRUE
"MYS_SLE",0.161385815052108,13,TRUE
"MYS_SOM",-0.0689810256916167,10,TRUE
"MYS_SRB",-0.311914126965732,6,TRUE
"MYS_STP",-0.868900566001823,16,TRUE
"MYS_SUR",-0.118530860257679,16,TRUE
"MYS_SVK",0.355404382711976,4,TRUE
"MYS_SVN",-0.229624868402285,9,TRUE
"MYS_SWE",0.0688767583169254,14,TRUE
"MYS_SWZ",-0.162754131441345,6,TRUE
"MYS_SYC",0.11430985895655,13,TRUE
"MYS_SYR",-0.154531225491776,8,TRUE
"MYS_TCD",0.147479940063267,6,TRUE
"MYS_TGO",0.251615143339166,6,TRUE
"MYS_TKM",-0.581734764093754,9,TRUE
"MYS_TLS",-0.329414773624434,12,TRUE
"MYS_TON",0.0281371243347407,15,TRUE
"MYS_TUV",0.288160624551095,11,TRUE
"MYS_TWN",0.011750408669841,17,TRUE
"MYS_UGA",-0.494719819589277,5,TRUE
"MYS_UKR",0.0294091833921932,19,TRUE
"MYS_URY",0.0114772436663875,8,TRUE
"MYS_USA",0.00892298200789376,4,TRUE
"MYS_UZB",0.200628160140932,14,TRUE
"MYS_VCT",-0.453701875219718,14,TRUE
"MYS_VGB",-0.134533064061804,13,TRUE
"MYS_VUT",-0.593678227688836,19,TRUE
"MYS_WLF",-0.310782064128428,11,TRUE
"MYS_WSM",0.131364520768753,13,TRUE
"MYS_YEM",-0.433862073887005,4,TRUE
"MYS_ZAF",-0.0229416543156215,10,TRUE
"MYS_ZMB",0.0686216495664471,11,TRUE
"MYT_COM",-0.428296702484753,8,TRUE
"MYT_HRV",-1.15319427398554,5,TRUE
"MYT_MDG",-0.683141538296569,7,TRUE
"MYT_MUS",0.0416733835727972,5,TRUE
"MYT_USA",-1.3903826625193,4,TRUE
"MYT_ZAF",-1.69061156348373,5,TRUE
"NAM_AIA",-2.40368417741727,7,TRUE
"NAM_ALB",-0.332435317121037,6,TRUE
"NAM_AND",-0.175101207860198,14,TRUE
"NAM_ARE",-0.990357406092988,11,TRUE
"NAM_ARM",-0.366736380616966,4,TRUE
"NAM_ATA",-0.978361669049999,5,TRUE
"NAM_ATG",-0.188681745007151,12,TRUE
"NAM_AUS",-0.0411322551653816,18,TRUE
"NAM_BGD",-1.17031618820673,9,TRUE
"NAM_BHR",0.0723384134385023,4,TRUE
"NAM_BHS",-1.05696555735754,8,TRUE
"NAM_BIH",0.974672159480806,4,TRUE
"NAM_BLR",-0.324828293486027,10,TRUE
"NAM_BTN",-2.35925319275339,6,TRUE
"NAM_CAF",-0.351843104709423,11,TRUE
"NAM_CAN",-0.0351260747515681,14,TRUE
"NAM_CHL",0.012347174806202,10,TRUE
"NAM_CHN",0.0850172142339215,12,TRUE
"NAM_CIV",-0.845277668384145,6,TRUE
"NAM_CMR",-0.0838824939000471,12,TRUE
"NAM_COG",-0.810176846053153,17,TRUE
"NAM_COL",-4.26164026993029,6,TRUE
"NAM_CRI",-2.62088953783758,8,TRUE
"NAM_DOM",-2.54184769608639,5,TRUE
"NAM_DZA",-2.33951593516148,10,TRUE
"NAM_FJI",-0.80509623831628,10,TRUE
"NAM_FRO",-0.615075152023373,5,TRUE
"NAM_GAB",-1.95167682961284,7,TRUE
"NAM_GHA",-1.50915001929895,9,TRUE
"NAM_GIN",-2.32798052067712,11,TRUE
"NAM_GUY",-0.834373612229333,8,TRUE
"NAM_HKG",-0.54657955570026,15,TRUE
"NAM_IDN",-1.41391284835691,10,TRUE
"NAM_ISR",-0.0770539705792765,15,TRUE
"NAM_JOR",-0.806674740783887,9,TRUE
"NAM_JPN",-1.00935986581245,9,TRUE
"NAM_KAZ",-0.609937296046051,4,TRUE
"NAM_KHM",-2.14321256846288,6,TRUE
"NAM_KOR",-0.581131012137312,13,TRUE
"NAM_KWT",-0.105532889979613,6,TRUE
"NAM_LBN",-1.00153819053945,15,TRUE
"NAM_MAR",-2.17101315620285,4,TRUE
"NAM_MDA",-1.2295709048018,6,TRUE
"NAM_MEX",-3.17503958032627,13,TRUE
"NAM_MHL",-0.981323860681998,4,TRUE
"NAM_MLI",0.741033044051024,5,TRUE
"NAM_MYS",-0.736393577449164,17,TRUE
"NAM_NCL",-2.59339275228528,5,TRUE
"NAM_NER",-1.62428674509535,12,TRUE
"NAM_NGA",0.000341269419910104,11,TRUE
"NAM_NIC",-1.83198354037631,5,TRUE
"NAM_NPL",-0.0352788038090033,4,TRUE
"NAM_NZL",-0.961838438906607,9,TRUE
"NAM_PAK",0.0651938853540656,7,TRUE
"NAM_PAN",-0.363396712591948,13,TRUE
"NAM_PER",-1.86629539213157,7,TRUE
"NAM_PHL",-0.915776468230612,11,TRUE
"NAM_RUS",-1.41896593627857,7,TRUE
"NAM_SAU",-0.328451683097666,4,TRUE
"NAM_SEN",-1.15431839730234,10,TRUE
"NAM_SGP",-0.799279819264811,13,TRUE
"NAM_SHN",-3.75326655770102,6,TRUE
"NAM_SLE",-1.04366515085132,4,TRUE
"NAM_SOM",-1.62981528603846,12,TRUE
"NAM_SRB",-1.20468175315537,5,TRUE
"NAM_SUR",-0.963043468446311,13,TRUE
"NAM_THA",-0.652511081295366,6,TRUE
"NAM_TUN",-0.126419184335824,4,TRUE
"NAM_UKR",-2.8324448440429,11,TRUE
"NAM_USA",-0.00650290397958438,17,TRUE
"NAM_VCT",-0.917832280660923,8,TRUE
"NAM_VNM",-0.356561853978633,6,TRUE
"NAM_VUT",-0.101861096200148,5,TRUE
"NCL_ARE",-0.798103471766226,5,TRUE
"NCL_ASM",-0.407501370639453,4,TRUE
"NCL_AUS",-0.397502726706982,12,TRUE
"NCL_BGD",-1.28750856471854,8,TRUE
"NCL_BIH",-3.16395953966553,6,TRUE
"NCL_BOL",-3.38199178318321,5,TRUE
"NCL_BRA",-0.898734261189137,6,TRUE
"NCL_CAN",-0.403367537585822,7,TRUE
"NCL_CHE",-1.75668477653878,6,TRUE
"NCL_CHL",-0.0779002743482483,4,TRUE
"NCL_CHN",0.0196990298889778,8,TRUE
"NCL_CIV",-0.00982997920726814,4,TRUE
"NCL_CRI",-2.25593746268371,10,TRUE
"NCL_FJI",-1.38420429270676,7,TRUE
"NCL_HKG",-0.482792698003171,10,TRUE
"NCL_IDN",-0.763903520419968,16,TRUE
"NCL_IND",-0.89738171961651,10,TRUE
"NCL_JPN",-0.223292889224497,6,TRUE
"NCL_KOR",0.0826245795034948,12,TRUE
"NCL_MDG",-1.95719563642559,11,TRUE
"NCL_MEX",-2.11310511891056,4,TRUE
"NCL_MUS",0.176874240367067,7,TRUE
"NCL_MYS",-2.27117153657101,8,TRUE
"NCL_NOR",-4.21797390054555,6,TRUE
"NCL_PHL",-5.3222208112602,5,TRUE
"NCL_PNG",-1.26953561677329,9,TRUE
"NCL_PYF",-0.481482991521109,15,TRUE
"NCL_RUS",-4.16503871971091,7,TRUE
"NCL_RWA",-1.77884772002827,4,TRUE
"NCL_SGP",-0.88010152419187,8,TRUE
"NCL_THA",-2.38398423624478,16,TRUE
"NCL_TWN",-0.304699687014401,11,TRUE
"NCL_TZA",-2.51916530776254,7,TRUE
"NCL_USA",0.0955130361080108,12,TRUE
"NCL_VNM",-1.29522382481478,8,TRUE
"NCL_VUT",-0.760080356450114,7,TRUE
"NCL_WLF",0.249053243589239,7,TRUE
"NCL_WSM",-2.42871546128433,14,TRUE
"NCL_ZAF",-0.58823243001993,4,TRUE
"NER_ARE",-2.06175744671198,12,TRUE
"NER_ARG",-2.1075065989667,8,TRUE
"NER_ARM",-0.621106625662617,6,TRUE
"NER_AUS",0.0230859418961511,14,TRUE
"NER_AUT",-0.890550064354522,4,TRUE
"NER_BDI",-1.61740121668837,8,TRUE
"NER_BEL",-1.3233244156784,11,TRUE
"NER_BGD",-2.22410823818434,7,TRUE
"NER_BIH",-1.2472841507968,4,TRUE
"NER_BOL",-0.908084871997351,6,TRUE
"NER_CAF",-1.25543208677003,6,TRUE
"NER_CAN",-1.43542226510702,5,TRUE
"NER_CHE",-1.28362821080049,7,TRUE
"NER_CHN",0.573189425985713,4,TRUE
"NER_CMR",-2.38259698728485,5,TRUE
"NER_COL",-2.01866898681916,4,TRUE
"NER_CZE",-0.321538879558799,14,TRUE
"NER_DEU",-0.714732123308338,26,TRUE
"NER_DNK",-1.31671279009653,13,TRUE
"NER_DZA",-1.48689206000027,11,TRUE
"NER_EGY",-1.97561757769277,7,TRUE
"NER_ESP",-0.727627169625858,13,TRUE
"NER_EST",-2.19537175494437,4,TRUE
"NER_ETH",-2.36098759789247,5,TRUE
"NER_FIN",-3.62895275299362,4,TRUE
"NER_FRA",-1.12209365473312,5,TRUE
"NER_GAB",-1.27651982919269,16,TRUE
"NER_GBR",-1.74884627907949,10,TRUE
"NER_HKG",-1.66301583837582,12,TRUE
"NER_IDN",-1.20590023652709,10,TRUE
"NER_IND",-1.20470516655579,13,TRUE
"NER_IRL",-1.69942389313624,13,TRUE
"NER_ITA",-1.47072620486106,16,TRUE
"NER_JPN",-2.3043732466082,8,TRUE
"NER_KEN",-1.23197928926178,17,TRUE
"NER_KOR",-1.86153847404383,22,TRUE
"NER_LBN",-1.59246390508596,13,TRUE
"NER_LBY",-1.90876819915151,4,TRUE
"NER_LUX",-0.963187295527073,4,TRUE
"NER_MAR",-0.298748377740241,6,TRUE
"NER_MUS",-1.72001404063453,4,TRUE
"NER_MYS",-1.72588076267372,18,TRUE
"NER_NAM",-1.57024470895424,4,TRUE
"NER_NLD",-1.59099739280477,5,TRUE
"NER_NOR",-0.80355262140395,14,TRUE
"NER_NZL",-1.05113231326163,4,TRUE
"NER_PER",-0.649279775784288,4,TRUE
"NER_PRT",-4.29546442464267,12,TRUE
"NER_RUS",-2.85183603428039,8,TRUE
"NER_RWA",-1.59233009979018,5,TRUE
"NER_SDN",-2.41088232266677,5,TRUE
"NER_SRB",-2.02832258251044,4,TRUE
"NER_SVK",-1.15814007360801,11,TRUE
"NER_SWE",-0.635265137828825,17,TRUE
"NER_TCD",-0.335946651657128,4,TRUE
"NER_THA",-1.27206516632662,11,TRUE
"NER_TUN",-0.529366152756404,12,TRUE
"NER_TUR",-1.42338899712094,16,TRUE
"NER_TWN",-2.74235891839664,16,TRUE
"NER_TZA",-3.68222716685834,9,TRUE
"NER_UGA",-0.765716982254942,13,TRUE
"NER_USA",-0.573847869712559,9,TRUE
"NER_VNM",-0.31713478457372,7,TRUE
"NER_ZAF",-1.96848963696779,9,TRUE
"NER_ZMB",-1.25549536902724,8,TRUE
"NER_ZWE",-1.48617508015765,11,TRUE
"NFK_AUS",0.808316571250907,18,TRUE
"NFK_CAN",2.11093712755102,5,TRUE
"NFK_IDN",-0.0944552850689133,11,TRUE
"NFK_IND",-0.39274802860335,7,TRUE
"NFK_MEX",-0.726365741302266,4,TRUE
"NFK_MYS",-0.940030587386922,6,TRUE
"NFK_PAK",0.136253397187429,6,TRUE
"NFK_USA",-0.586291454990587,6,TRUE
"NGA_AGO",-0.826798538101756,8,TRUE
"NGA_ARE",0.405482525799784,9,TRUE
"NGA_ATG",-5.69169899404558,8,TRUE
"NGA_AUS",-0.5191897715874,4,TRUE
"NGA_AUT",-0.569339073858082,14,TRUE
"NGA_BDI",-1.43899833859017,18,TRUE
"NGA_BEL",-0.562972504430849,14,TRUE
"NGA_BGR",-0.130224529277976,5,TRUE
"NGA_BHR",-0.702965910314799,5,TRUE
"NGA_BHS",-3.53031851886447,8,TRUE
"NGA_BIH",1.24948462159963,4,TRUE
"NGA_BLR",0.165191174535808,8,TRUE
"NGA_BRB",-6.04188943818812,11,TRUE
"NGA_BRN",-7.95722554076396,5,TRUE
"NGA_BWA",-4.71190311041113,15,TRUE
"NGA_CAF",-1.28223406480368,15,TRUE
"NGA_CAN",-0.414836136376526,18,TRUE
"NGA_CHE",0.0624724033276861,20,TRUE
"NGA_CHN",-0.06322189567522,16,TRUE
"NGA_COG",-1.14586660062687,6,TRUE
"NGA_CRI",-4.98345512843894,6,TRUE
"NGA_CYP",0.279473620958593,9,TRUE
"NGA_CZE",-0.783181860509752,21,TRUE
"NGA_DEU",0.187666065746286,8,TRUE
"NGA_DNK",0.638812950938939,8,TRUE
"NGA_DOM",-0.193391642077476,5,TRUE
"NGA_ESP",0.00553940257858015,16,TRUE
"NGA_EST",-0.251186294085941,12,TRUE
"NGA_ETH",-1.58429250113689,11,TRUE
"NGA_FIN",-3.89469415254739,26,TRUE
"NGA_FRA",0.00560068987580141,21,TRUE
"NGA_GAB",-1.55986527453275,17,TRUE
"NGA_GBR",0.000911825540963444,15,TRUE
"NGA_GEO",-3.8963744258087,6,TRUE
"NGA_GNQ",-5.36057024182299,4,TRUE
"NGA_GRC",-0.925281176907916,20,TRUE
"NGA_GTM",-2.17813027929164,7,TRUE
"NGA_HKG",-0.0402936363066029,13,TRUE
"NGA_HND",-0.918435411278297,9,TRUE
"NGA_HRV",-1.9194503654635,14,TRUE
"NGA_HUN",-0.737428493337913,20,TRUE
"NGA_IRL",-1.46759766145193,19,TRUE
"NGA_ISL",-2.90572182346139,9,TRUE
"NGA_ISR",0.803583287611746,4,TRUE
"NGA_ITA",0.296841070429645,7,TRUE
"NGA_JAM",1.47910586124928,4,TRUE
"NGA_JOR",0.88159760229934,5,TRUE
"NGA_JPN",0.00968451334824083,4,TRUE
"NGA_KEN",-0.770672516027308,16,TRUE
"NGA_KWT",-3.94049599214566,16,TRUE
"NGA_LBN",-0.245589318073164,6,TRUE
"NGA_LSO",-0.22237945541182,4,TRUE
"NGA_LTU",-4.008383763695,4,TRUE
"NGA_LUX",0.356164432884697,5,TRUE
"NGA_LVA",0.0621933959299478,4,TRUE
"NGA_MDA",-4.90267646790429,6,TRUE
"NGA_MDG",-2.22750423006616,12,TRUE
"NGA_MKD",-0.0310174741596513,9,TRUE
"NGA_MUS",-0.286464023985034,6,TRUE
"NGA_NAM",0.0719728150008431,5,TRUE
"NGA_NCL",-6.59003766192133,6,TRUE
"NGA_NLD",0.389981291712448,4,TRUE
"NGA_NOR",-0.247123836810196,5,TRUE
"NGA_NZL",-5.68781013688421,4,TRUE
"NGA_POL",-1.30471259130956,16,TRUE
"NGA_PRT",-0.229546400573787,19,TRUE
"NGA_QAT",-0.614914498258835,10,TRUE
"NGA_RUS",1.08706415084352,5,TRUE
"NGA_RWA",-1.28591021710147,12,TRUE
"NGA_SAU",-0.629801693582958,15,TRUE
"NGA_SLV",-2.46414817565081,6,TRUE
"NGA_SRB",-0.254056305827242,8,TRUE
"NGA_STP",0.0216042125734471,9,TRUE
"NGA_SVK",-0.287662588019092,8,TRUE
"NGA_SVN",-0.507032239703612,15,TRUE
"NGA_SWE",0.426700577649801,9,TRUE
"NGA_SWZ",-2.78281341279406,7,TRUE
"NGA_TCD",-3.10200711235777,5,TRUE
"NGA_TUR",0.677130166470036,4,TRUE
"NGA_TWN",-0.633655364827356,26,TRUE
"NGA_UGA",0.107199369547162,7,TRUE
"NGA_UKR",-1.08788620582139,16,TRUE
"NGA_USA",-0.226840991781265,19,TRUE
"NGA_VCT",-3.36036495191823,9,TRUE
"NGA_YEM",-0.0319297399934699,5,TRUE
"NGA_ZAF",-0.0501062954445611,18,TRUE
"NGA_ZMB",-0.334596706934137,14,TRUE
"NIC_AND",1.01818233502976,4,TRUE
"NIC_ARE",0.429146537286593,5,TRUE
"NIC_ARM",-0.396609838722343,6,TRUE
"NIC_ATG",0.0467487156071292,4,TRUE
"NIC_AUS",0.0915190401218765,17,TRUE
"NIC_BHR",0.170474801775079,4,TRUE
"NIC_BHS",-1.13049658863888,8,TRUE
"NIC_BLR",-3.21306585238607,12,TRUE
"NIC_BLZ",-0.636429676093325,15,TRUE
"NIC_BMU",0.399902057715996,4,TRUE
"NIC_BRB",0.32814128766878,7,TRUE
"NIC_CAN",-0.0361988129095091,16,TRUE
"NIC_CHE",-0.260526451084097,26,TRUE
"NIC_CHN",-0.706689060346211,17,TRUE
"NIC_CIV",-0.87466222191475,4,TRUE
"NIC_CYM",-2.49962822556698,13,TRUE
"NIC_DMA",-2.17406115394295,6,TRUE
"NIC_HKG",-0.00178825602753484,11,TRUE
"NIC_HTI",-0.155587602073323,6,TRUE
"NIC_ISL",0.0441391613490993,9,TRUE
"NIC_ISR",-0.262752535682095,9,TRUE
"NIC_JAM",-1.94809588616437,4,TRUE
"NIC_JPN",-0.0714205451878362,16,TRUE
"NIC_KAZ",-3.48960520841202,5,TRUE
"NIC_LBN",-0.372264862774787,12,TRUE
"NIC_LCA",-2.96522262653284,7,TRUE
"NIC_MAC",0.0780245008584933,15,TRUE
"NIC_MKD",-0.121650288343351,7,TRUE
"NIC_MUS",-1.28644975676405,4,TRUE
"NIC_NCL",-2.00406874954016,6,TRUE
"NIC_NOR",-0.18642807576516,14,TRUE
"NIC_NPL",-1.01200200941473,5,TRUE
"NIC_NZL",-0.476702304550838,19,TRUE
"NIC_PRY",-0.62832692198918,9,TRUE
"NIC_PYF",-0.625172764698676,9,TRUE
"NIC_RUS",-0.216164399276973,11,TRUE
"NIC_SEN",-3.96786795361929,4,TRUE
"NIC_SUR",-0.864804884577342,4,TRUE
"NIC_TUR",-0.406468940359942,7,TRUE
"NIC_UKR",-0.951413875303468,14,TRUE
"NIC_URY",-0.0285649223006524,8,TRUE
"NIC_VCT",0.0625353035186269,4,TRUE
"NIC_ZAF",-0.0328570826856401,6,TRUE
"NIC_ZMB",-3.78212877185069,10,TRUE
"NIU_BIH",0.261130460973807,4,TRUE
"NIU_COL",0.34903154104021,9,TRUE
"NIU_CZE",1.98987333563966,8,TRUE
"NIU_DEU",-1.33915513416985,11,TRUE
"NIU_FRA",0.399990882310976,5,TRUE
"NIU_JPN",0.765352805776373,7,TRUE
"NIU_POL",-1.35075742060284,4,TRUE
"NIU_SRB",-1.96848528060798,5,TRUE
"NIU_SVK",-0.706146881653415,7,TRUE
"NIU_THA",-1.88634750886169,4,TRUE
"NIU_USA",1.43477068712309,17,TRUE
"NIU_ZAF",1.39091207367149,11,TRUE
"NLD_AFG",-0.172738465066308,18,TRUE
"NLD_AGO",-0.315856792628011,17,TRUE
"NLD_ARE",0.0701119248586787,21,TRUE
"NLD_ARG",-0.035906303558029,15,TRUE
"NLD_AUS",0.00940141838210895,11,TRUE
"NLD_AZE",-0.166654124490722,14,TRUE
"NLD_BDI",-0.270792875408116,20,TRUE
"NLD_BEN",0.0463618997808163,9,TRUE
"NLD_BFA",0.0116769064758492,12,TRUE
"NLD_BGD",-0.180350769862297,13,TRUE
"NLD_BHR",0.0906582946464443,24,TRUE
"NLD_BLR",-0.0466499448385493,15,TRUE
"NLD_BOL",-0.0192630551881794,9,TRUE
"NLD_BRA",-0.0424143132723589,5,TRUE
"NLD_BRN",-0.264623154294314,6,TRUE
"NLD_BTN",-0.408209040808766,10,TRUE
"NLD_BVT",-1.74065750277181,8,TRUE
"NLD_CAF",-0.234721087296789,14,TRUE
"NLD_CHN",-0.0298958478343694,15,TRUE
"NLD_COD",-0.0642165564168987,16,TRUE
"NLD_COG",-0.353503449111185,22,TRUE
"NLD_COM",-0.188111257937403,4,TRUE
"NLD_CPV",0.0491274730854991,13,TRUE
"NLD_DJI",-0.374840356441388,9,TRUE
"NLD_ERI",-0.257884086601562,15,TRUE
"NLD_ETH",-0.103052475291533,15,TRUE
"NLD_FSM",-0.982204567666584,8,TRUE
"NLD_GAB",-0.0692751189161501,22,TRUE
"NLD_GIB",-0.0800968415381393,15,TRUE
"NLD_GIN",-0.126319071898501,17,TRUE
"NLD_GMB",-0.0620511215916476,24,TRUE
"NLD_GNB",-0.0868676557041212,23,TRUE
"NLD_GNQ",-0.0845248132179234,20,TRUE
"NLD_GUM",0.433603593531969,6,TRUE
"NLD_HKG",-0.0034050522598762,17,TRUE
"NLD_HTI",-0.034122398165989,11,TRUE
"NLD_IDN",-0.0986187032618364,17,TRUE
"NLD_IRN",-0.0670617527753642,18,TRUE
"NLD_IRQ",0.0581467051027623,11,TRUE
"NLD_KAZ",0.0656594651434797,21,TRUE
"NLD_KEN",-0.0217346648319181,20,TRUE
"NLD_KGZ",-0.879854043409423,6,TRUE
"NLD_KHM",-0.304473800110438,16,TRUE
"NLD_KIR",0.114627642635156,6,TRUE
"NLD_KWT",-0.034023048775285,13,TRUE
"NLD_LAO",0.175811723527232,4,TRUE
"NLD_LBR",-0.0522369164995628,24,TRUE
"NLD_LBY",-0.117165887712217,20,TRUE
"NLD_LKA",-0.0799824139734604,21,TRUE
"NLD_MAC",-0.335815160029002,21,TRUE
"NLD_MDV",-0.0382420941804683,22,TRUE
"NLD_MHL",-1.35040719209822,9,TRUE
"NLD_MLI",0.159955752980339,7,TRUE
"NLD_MMR",-0.172348578136434,22,TRUE
"NLD_MNG",-0.171310172422291,19,TRUE
"NLD_MRT",0.0504812022126178,4,TRUE
"NLD_MWI",-0.135484085113997,20,TRUE
"NLD_MYS",-0.0423756128716498,11,TRUE
"NLD_NER",-0.18342560205308,20,TRUE
"NLD_NGA",0.452466437824643,4,TRUE
"NLD_NPL",0.0302804222981637,20,TRUE
"NLD_NZL",-0.0321380069363126,15,TRUE
"NLD_OMN",-0.142368106753359,10,TRUE
"NLD_PAK",-0.0714807646129456,19,TRUE
"NLD_PHL",-0.0734383527841205,17,TRUE
"NLD_PLW",-0.487196349422934,7,TRUE
"NLD_PRK",-1.6657479409041,8,TRUE
"NLD_QAT",0.0610018004904649,21,TRUE
"NLD_RWA",0.14607425163296,24,TRUE
"NLD_SAU",-0.134985227106913,13,TRUE
"NLD_SDN",-0.0928258231878203,16,TRUE
"NLD_SEN",-0.222319350279342,24,TRUE
"NLD_SLE",-0.166480498618374,9,TRUE
"NLD_SOM",-0.0926515053188867,6,TRUE
"NLD_STP",-0.0956848595942223,15,TRUE
"NLD_TCD",-0.0543146457373224,11,TRUE
"NLD_TGO",-0.0879635732653173,23,TRUE
"NLD_THA",-0.0930193821126729,16,TRUE
"NLD_TJK",0.151676406507669,21,TRUE
"NLD_TKL",-1.14585222602044,7,TRUE
"NLD_TKM",-0.00955337637722814,16,TRUE
"NLD_TLS",-0.141493921549851,5,TRUE
"NLD_TON",-1.26772463757067,6,TRUE
"NLD_TWN",-0.121274222654674,17,TRUE
"NLD_TZA",-0.0839367721034978,20,TRUE
"NLD_UGA",0.00924278092256179,20,TRUE
"NLD_UMI",-2.36544580117704,5,TRUE
"NLD_URY",-0.197678834488412,24,TRUE
"NLD_USA",0.0034625598791517,21,TRUE
"NLD_UZB",-0.082704344585641,9,TRUE
"NLD_VAT",-0.173234867591955,6,TRUE
"NLD_VEN",-0.152573677648022,9,TRUE
"NLD_VNM",0.0585258594515989,24,TRUE
"NLD_VUT",-0.0967399407698075,20,TRUE
"NLD_WSM",-0.235757334119894,7,TRUE
"NLD_YEM",-0.514090595381506,11,TRUE
"NLD_ZMB",0.0153347101866348,26,TRUE
"NOR_ABW",-2.20996989316388,18,TRUE
"NOR_AFG",-0.325894562913843,12,TRUE
"NOR_AGO",-0.1259494329743,16,TRUE
"NOR_AND",0.470726806011619,4,TRUE
"NOR_ANT",-1.8503632176478,5,TRUE
"NOR_ARG",0.374222511798985,6,TRUE
"NOR_ARM",-0.336585066427776,16,TRUE
"NOR_AUS",-0.120099768262608,24,TRUE
"NOR_AZE",0.234044489192942,8,TRUE
"NOR_BDI",-1.29415627019247,10,TRUE
"NOR_BEN",-0.403587800454294,21,TRUE
"NOR_BFA",-0.746592529703673,11,TRUE
"NOR_BGD",-0.266844074233882,24,TRUE
"NOR_BHS",-1.15269493050753,11,TRUE
"NOR_BLR",0.110078529477776,15,TRUE
"NOR_BLZ",-0.993401064838513,13,TRUE
"NOR_BMU",-2.8765501772512,10,TRUE
"NOR_BOL",-0.0761982413612353,9,TRUE
"NOR_BRB",-0.159393352691546,9,TRUE
"NOR_BRN",0.404447602120792,6,TRUE
"NOR_BTN",-0.990868096790206,15,TRUE
"NOR_CAF",-0.892587660174584,14,TRUE
"NOR_CHN",0.115380841863536,9,TRUE
"NOR_CIV",-0.29183013134014,17,TRUE
"NOR_CMR",-0.202852773575533,20,TRUE
"NOR_COD",-0.0766118422432878,18,TRUE
"NOR_COG",-0.487488195668627,11,TRUE
"NOR_CUB",-0.527960176397738,13,TRUE
"NOR_CYM",-0.893746293317687,16,TRUE
"NOR_DJI",-0.931840666473136,8,TRUE
"NOR_DMA",-0.583507905942827,20,TRUE
"NOR_DOM",-0.0600045807285759,16,TRUE
"NOR_DZA",0.194955277566916,7,TRUE
"NOR_ECU",-0.12205091447302,15,TRUE
"NOR_ERI",-1.32996798582421,11,TRUE
"NOR_ETH",-0.228011582364961,20,TRUE
"NOR_FJI",-0.963053718737016,4,TRUE
"NOR_FLK",-0.999804570129304,12,TRUE
"NOR_GAB",-0.132034441409661,19,TRUE
"NOR_GHA",0.00375770949166379,15,TRUE
"NOR_GIB",-1.17473573638209,19,TRUE
"NOR_GIN",-0.683511268503567,16,TRUE
"NOR_GMB",-0.124698163126215,4,TRUE
"NOR_GNQ",-0.283929439280673,8,TRUE
"NOR_GRD",-1.34187979388047,4,TRUE
"NOR_GRL",-0.764223734766242,14,TRUE
"NOR_GTM",-0.168455279041596,17,TRUE
"NOR_GUM",-0.823053972686273,11,TRUE
"NOR_GUY",-0.922183232975397,16,TRUE
"NOR_HND",-0.344713768165057,16,TRUE
"NOR_HTI",-0.162103625048253,19,TRUE
"NOR_IDN",0.222737298338061,11,TRUE
"NOR_IND",-0.0278004782969498,11,TRUE
"NOR_IRN",-0.112796363848021,10,TRUE
"NOR_IRQ",-0.18128411879836,11,TRUE
"NOR_JAM",0.179557774175815,12,TRUE
"NOR_JPN",-0.0248656139691988,20,TRUE
"NOR_KAZ",-0.454466949514261,7,TRUE
"NOR_KEN",0.0215308955406102,7,TRUE
"NOR_KGZ",-0.133274178724938,14,TRUE
"NOR_KHM",-0.0736772100680288,4,TRUE
"NOR_KNA",-3.56037545570035,10,TRUE
"NOR_LAO",-1.26887588720736,12,TRUE
"NOR_LBR",-1.05346621328697,21,TRUE
"NOR_LBY",-1.1553499816456,10,TRUE
"NOR_LCA",-1.38438157022685,8,TRUE
"NOR_LKA",-0.0722769710893231,25,TRUE
"NOR_MAC",-0.674231803407286,13,TRUE
"NOR_MDA",0.0661756785227884,14,TRUE
"NOR_MDG",-0.618558012298805,8,TRUE
"NOR_MDV",-1.7006820307271,8,TRUE
"NOR_MHL",-0.496449644870123,8,TRUE
"NOR_MLI",-0.297501332085067,20,TRUE
"NOR_MMR",0.184429048647755,7,TRUE
"NOR_MNG",-0.69500037727221,19,TRUE
"NOR_MOZ",-0.572621656957251,11,TRUE
"NOR_MRT",-1.73760708591931,17,TRUE
"NOR_MUS",0.558344195657692,5,TRUE
"NOR_MWI",-1.15778764559018,11,TRUE
"NOR_MYS",-0.0841376404041627,17,TRUE
"NOR_NCL",-0.358073121471818,7,TRUE
"NOR_NER",-0.957515405250242,14,TRUE
"NOR_NGA",0.290456150251911,12,TRUE
"NOR_NIC",-0.333268108391259,12,TRUE
"NOR_NPL",-0.928248344189646,10,TRUE
"NOR_NZL",-0.316060541508683,16,TRUE
"NOR_PAK",-0.121587768879986,4,TRUE
"NOR_PNG",-0.676509286506925,8,TRUE
"NOR_PRY",0.262812615638834,8,TRUE
"NOR_PYF",-0.321837162533679,18,TRUE
"NOR_RUS",-0.0532533231920408,6,TRUE
"NOR_RWA",-0.874582448423201,14,TRUE
"NOR_SDN",-0.186980418763291,18,TRUE
"NOR_SEN",-0.415706707440052,9,TRUE
"NOR_SLE",-0.10962954762373,7,TRUE
"NOR_SLV",-1.04618368493604,9,TRUE
"NOR_SMR",0.140231266831053,4,TRUE
"NOR_SOM",-0.971569609793152,14,TRUE
"NOR_SUR",-0.994228076442008,5,TRUE
"NOR_SYC",-0.26509192404355,20,TRUE
"NOR_SYR",-0.883857766737209,15,TRUE
"NOR_TCA",-0.0801509522905082,4,TRUE
"NOR_TCD",-2.14179025909925,8,TRUE
"NOR_TGO",-1.4318765509416,8,TRUE
"NOR_THA",0.202186476415277,9,TRUE
"NOR_TJK",-1.04583826871173,9,TRUE
"NOR_TKM",-0.885246736445515,11,TRUE
"NOR_TLS",0.163670909627228,5,TRUE
"NOR_TON",-1.31720345653104,13,TRUE
"NOR_TWN",-0.0871203307115734,22,TRUE
"NOR_TZA",-0.504840176409223,17,TRUE
"NOR_UGA",-0.379516616450992,7,TRUE
"NOR_URY",-0.445262950594743,14,TRUE
"NOR_USA",-0.0796421544925307,15,TRUE
"NOR_UZB",-0.502761097701038,9,TRUE
"NOR_VCT",-2.47161593918937,7,TRUE
"NOR_VGB",-1.07683236095295,11,TRUE
"NOR_VNM",0.287399690357779,10,TRUE
"NOR_VUT",-3.09930680966941,15,TRUE
"NOR_YEM",-2.02566934921928,7,TRUE
"NOR_ZMB",-1.96978297198947,13,TRUE
"NOR_ZWE",-0.728209670002162,15,TRUE
"NPL_AND",0.227769228278156,6,TRUE
"NPL_ARG",0.0317613701651667,9,TRUE
"NPL_ARM",0.302749816053902,5,TRUE
"NPL_AUS",0.205764773624782,20,TRUE
"NPL_AUT",-0.0473388661564274,17,TRUE
"NPL_BEL",-0.158472716006175,4,TRUE
"NPL_BGR",-0.338656365228924,12,TRUE
"NPL_BHR",-0.473880727777559,5,TRUE
"NPL_BIH",-1.00168966531163,4,TRUE
"NPL_BLR",-1.49858888854848,15,TRUE
"NPL_BMU",-1.03671649338854,5,TRUE
"NPL_BRA",-0.599971741663933,4,TRUE
"NPL_BRN",-1.15962004024785,4,TRUE
"NPL_CAN",0.439240089172826,12,TRUE
"NPL_CHE",-0.446135883095727,16,TRUE
"NPL_CHL",1.17263772335734,12,TRUE
"NPL_CHN",-0.224052489788129,25,TRUE
"NPL_CRI",-0.522751073183165,12,TRUE
"NPL_CYP",0.401993225848924,8,TRUE
"NPL_DEU",-0.60803503229118,12,TRUE
"NPL_DNK",0.300854355507444,18,TRUE
"NPL_DOM",-0.753979771009952,5,TRUE
"NPL_ECU",-2.52744734061217,4,TRUE
"NPL_EGY",-0.891250115444025,19,TRUE
"NPL_ESP",0.153693994215031,23,TRUE
"NPL_EST",0.137682139837776,16,TRUE
"NPL_ETH",-2.64777227763635,4,TRUE
"NPL_FIN",0.468280308781438,14,TRUE
"NPL_FRA",0.283378709559846,5,TRUE
"NPL_GBR",0.443361752406295,12,TRUE
"NPL_GEO",-0.987066575049003,4,TRUE
"NPL_GIN",-0.280403879534474,6,TRUE
"NPL_GRC",0.19658641561828,22,TRUE
"NPL_GTM",-0.307850492718925,8,TRUE
"NPL_HKG",0.20188046605082,5,TRUE
"NPL_HRV",-0.544292906706001,5,TRUE
"NPL_HUN",-0.0750872108429388,19,TRUE
"NPL_IDN",0.249390184912561,5,TRUE
"NPL_IRL",0.395475282136559,11,TRUE
"NPL_ISL",0.52597467828612,4,TRUE
"NPL_ISR",-0.285225970262983,17,TRUE
"NPL_ITA",0.410582083398221,12,TRUE
"NPL_JOR",0.013017420120973,4,TRUE
"NPL_JPN",0.126553796089484,25,TRUE
"NPL_KAZ",-0.6555615064249,7,TRUE
"NPL_KEN",-0.880838038506311,4,TRUE
"NPL_KHM",-1.98820569646249,9,TRUE
"NPL_KOR",0.0746791734411553,16,TRUE
"NPL_KWT",0.165132784023683,8,TRUE
"NPL_LBN",0.0164547388266365,16,TRUE
"NPL_LTU",0.219298931732864,11,TRUE
"NPL_LUX",-0.488075681952368,5,TRUE
"NPL_LVA",0.659648429087758,4,TRUE
"NPL_MAR",0.433127712687891,4,TRUE
"NPL_MDA",-0.639867943310178,5,TRUE
"NPL_MEX",-0.0442562960791278,18,TRUE
"NPL_MLT",-0.0755073294458643,6,TRUE
"NPL_MMR",-2.02776574576804,4,TRUE
"NPL_MNG",0.0622974168422161,4,TRUE
"NPL_MUS",0.494632555333578,7,TRUE
"NPL_NCL",0.736083083822227,5,TRUE
"NPL_NIC",-0.318793103517866,4,TRUE
"NPL_NLD",0.141898822204724,6,TRUE
"NPL_NOR",0.27815957049317,15,TRUE
"NPL_NZL",0.223663113042401,21,TRUE
"NPL_PER",0.130350977638907,14,TRUE
"NPL_PHL",-2.12945664046093,7,TRUE
"NPL_POL",-0.160733182420546,17,TRUE
"NPL_PRT",-1.16295046996569,8,TRUE
"NPL_QAT",-0.582028869148266,8,TRUE
"NPL_RUS",0.23518367328947,4,TRUE
"NPL_SAU",0.0377630272852672,7,TRUE
"NPL_SGP",-0.152085049010563,4,TRUE
"NPL_SRB",-1.45826259784625,7,TRUE
"NPL_SVK",0.0154344071805464,11,TRUE
"NPL_SVN",0.0592315716676564,8,TRUE
"NPL_SWE",0.112667667126633,17,TRUE
"NPL_THA",-0.307600385798039,24,TRUE
"NPL_TUR",0.117228467856826,15,TRUE
"NPL_TWN",0.361694306766124,10,TRUE
"NPL_TZA",-2.64110006437326,14,TRUE
"NPL_UKR",0.00303691072983603,9,TRUE
"NPL_URY",0.779972485080497,5,TRUE
"NPL_USA",0.00805982699392241,22,TRUE
"NPL_VNM",0.162395213906019,5,TRUE
"NPL_ZAF",0.140875951820845,14,TRUE
"NRU_AUT",-1.79468590433906,10,TRUE
"NRU_BGD",-3.22870567636526,4,TRUE
"NRU_CAN",0.00324774486580378,9,TRUE
"NRU_CHE",-1.14600077661195,10,TRUE
"NRU_CZE",1.50875638849775,4,TRUE
"NRU_DOM",-1.70352807299726,9,TRUE
"NRU_ESP",-0.244180354031649,12,TRUE
"NRU_FRA",1.74073491437932,4,TRUE
"NRU_IND",-2.13135390406826,8,TRUE
"NRU_IRL",-1.52777019463261,7,TRUE
"NRU_JPN",1.37437684995841,6,TRUE
"NRU_KOR",-0.7186428023688,17,TRUE
"NRU_MEX",-0.485610181037654,4,TRUE
"NRU_MYS",-1.16181319881752,9,TRUE
"NRU_POL",-1.49570806936654,4,TRUE
"NRU_SVK",-0.197708614358219,4,TRUE
"NRU_SVN",-0.0867688270397,16,TRUE
"NRU_THA",-2.92313800291364,20,TRUE
"NRU_TUR",0.112558007116563,10,TRUE
"NRU_TWN",0.234342293357632,6,TRUE
"NRU_TZA",-3.13829215529431,11,TRUE
"NRU_USA",1.71513104102467,4,TRUE
"NRU_ZAF",-3.46612099509547,12,TRUE
"NZL_ABW",0.689623863310267,9,TRUE
"NZL_AFG",-0.203336982931808,8,TRUE
"NZL_AGO",-0.594880652180335,7,TRUE
"NZL_ALB",-0.319283078152278,18,TRUE
"NZL_AND",-1.53441600959818,7,TRUE
"NZL_ANT",-0.296251754758291,11,TRUE
"NZL_ARG",-0.312428746281789,20,TRUE
"NZL_ARM",0.261144149165948,10,TRUE
"NZL_ASM",-0.0501428871638006,11,TRUE
"NZL_ATA",0.0545976527385047,6,TRUE
"NZL_ATG",-0.0255534587958479,10,TRUE
"NZL_AUT",-0.0935954411308188,13,TRUE
"NZL_AZE",0.357354539641291,5,TRUE
"NZL_BDI",-1.58106684869214,13,TRUE
"NZL_BEL",0.0282835102053267,4,TRUE
"NZL_BEN",-0.43818926430162,10,TRUE
"NZL_BFA",-0.0437654866906843,9,TRUE
"NZL_BGD",0.346383484858553,6,TRUE
"NZL_BGR",0.0776982785794773,15,TRUE
"NZL_BHR",-0.154696800341411,26,TRUE
"NZL_BHS",-0.467654225168442,21,TRUE
"NZL_BIH",-0.492701702659322,5,TRUE
"NZL_BLR",-0.0481320107672548,16,TRUE
"NZL_BLZ",-0.504406904231932,14,TRUE
"NZL_BMU",-0.521609927270771,20,TRUE
"NZL_BOL",0.10945780222971,25,TRUE
"NZL_BRA",0.011931044848701,6,TRUE
"NZL_BRB",0.0281123781446375,14,TRUE
"NZL_BWA",-1.45223068659189,9,TRUE
"NZL_CHE",0.107149920698887,24,TRUE
"NZL_CIV",0.498442096219628,4,TRUE
"NZL_CMR",0.102495144994312,14,TRUE
"NZL_COD",-0.0680011466140622,9,TRUE
"NZL_COG",0.232259180924887,7,TRUE
"NZL_COL",-0.0599133456625884,19,TRUE
"NZL_COM",-0.80168942294624,8,TRUE
"NZL_CPV",-0.753707968737194,7,TRUE
"NZL_CRI",-0.119598119133347,16,TRUE
"NZL_CUB",-0.145682904115487,17,TRUE
"NZL_CYM",-1.41101607170808,14,TRUE
"NZL_CYP",0.0644626659780168,11,TRUE
"NZL_CZE",-0.0552000091955146,20,TRUE
"NZL_DEU",0.0133210845042987,25,TRUE
"NZL_DJI",0.0365716615394006,15,TRUE
"NZL_DMA",-0.91023891033459,20,TRUE
"NZL_DNK",-0.0355240419323493,25,TRUE
"NZL_DOM",-0.298468571875829,14,TRUE
"NZL_DZA",0.136802830497041,11,TRUE
"NZL_ECU",-0.09493913215316,24,TRUE
"NZL_EGY",0.157974209622438,11,TRUE
"NZL_ERI",-1.30855774822607,12,TRUE
"NZL_ESP",-0.00517563968742503,18,TRUE
"NZL_EST",-0.160385058186361,14,TRUE
"NZL_ETH",-0.0724852517401134,8,TRUE
"NZL_FIN",0.0234348335885116,17,TRUE
"NZL_FLK",-0.14410119213592,9,TRUE
"NZL_FRA",-0.0270248613075939,20,TRUE
"NZL_FRO",0.815791386862585,8,TRUE
"NZL_GAB",0.00491988401815933,16,TRUE
"NZL_GBR",-0.0387541596264353,26,TRUE
"NZL_GEO",-0.860404243943842,6,TRUE
"NZL_GHA",0.0182164536267314,11,TRUE
"NZL_GIB",-0.186408041932036,6,TRUE
"NZL_GIN",0.026954849238126,14,TRUE
"NZL_GLP",-1.61956988983391,5,TRUE
"NZL_GMB",-0.160617562571608,15,TRUE
"NZL_GNQ",0.355641826284371,6,TRUE
"NZL_GRC",-0.0728305501806139,25,TRUE
"NZL_GRD",-0.168710063698292,6,TRUE
"NZL_GRL",-0.221140979347702,8,TRUE
"NZL_GTM",-0.111967214977079,16,TRUE
"NZL_GUM",-0.402184716183701,8,TRUE
"NZL_GUY",0.0591387643746701,9,TRUE
"NZL_HND",-0.0114615895778434,24,TRUE
"NZL_HRV",0.00298170078012076,17,TRUE
"NZL_HTI",-1.21126836507755,6,TRUE
"NZL_HUN",-0.197960728703425,9,TRUE
"NZL_IND",0.0700531062996909,11,TRUE
"NZL_IRL",-0.0848193206847533,18,TRUE
"NZL_IRN",-0.567601913997313,7,TRUE
"NZL_IRQ",-0.23046658730722,10,TRUE
"NZL_ISL",-0.271474450340104,25,TRUE
"NZL_ISR",-0.0314770998914623,10,TRUE
"NZL_ITA",-0.159032020849236,14,TRUE
"NZL_JAM",-0.0322347504346508,20,TRUE
"NZL_JOR",-0.0907295203391473,17,TRUE
"NZL_KAZ",-0.267463978468017,6,TRUE
"NZL_KEN",-0.0467633087597635,15,TRUE
"NZL_KGZ",-1.48423706797494,5,TRUE
"NZL_KWT",0.077218581398814,15,TRUE
"NZL_LBN",-0.0440160177547306,24,TRUE
"NZL_LBR",-0.0187070388368389,8,TRUE
"NZL_LBY",-0.18452008257525,16,TRUE
"NZL_LCA",-0.120259713912955,14,TRUE
"NZL_LKA",-0.0469834345536208,25,TRUE
"NZL_LTU",-0.311679161398846,17,TRUE
"NZL_LUX",-0.528675848378943,12,TRUE
"NZL_LVA",-0.691582966783054,10,TRUE
"NZL_MAC",-0.219244890752386,14,TRUE
"NZL_MAR",-0.154545870935508,18,TRUE
"NZL_MDA",-0.684431582580218,9,TRUE
"NZL_MDG",-1.08211252087016,15,TRUE
"NZL_MDV",0.0340597980502593,7,TRUE
"NZL_MKD",-0.874154771774212,6,TRUE
"NZL_MLI",0.129720958539716,12,TRUE
"NZL_MLT",-0.20293958554479,18,TRUE
"NZL_MNG",0.114458184195042,11,TRUE
"NZL_MNP",0.342501516646065,5,TRUE
"NZL_MOZ",-0.178162542339236,23,TRUE
"NZL_MRT",-0.551765606600755,10,TRUE
"NZL_MTQ",-0.509206694607314,4,TRUE
"NZL_MUS",0.232430037594202,4,TRUE
"NZL_MWI",-0.371841707334986,24,TRUE
"NZL_MYT",0.363681054748921,4,TRUE
"NZL_NAM",-0.472439043249218,8,TRUE
"NZL_NCL",-0.0688437785926196,10,TRUE
"NZL_NER",-0.401496212629701,9,TRUE
"NZL_NFK",0.0804178687266929,6,TRUE
"NZL_NGA",-0.349299743854523,20,TRUE
"NZL_NIC",-0.117337044719036,13,TRUE
"NZL_NLD",0.066985822054247,8,TRUE
"NZL_NOR",-0.110902601658592,11,TRUE
"NZL_NPL",-0.299724928917596,23,TRUE
"NZL_OMN",-0.0463274751271179,24,TRUE
"NZL_PAK",-0.0443250885797866,21,TRUE
"NZL_PAN",0.15960198943401,14,TRUE
"NZL_PCN",0.687350243829935,13,TRUE
"NZL_PER",-0.384753384199776,15,TRUE
"NZL_PLW",-0.204084590129761,10,TRUE
"NZL_POL",-0.137557279447221,15,TRUE
"NZL_PRI",-2.02334239939746,6,TRUE
"NZL_PRT",-0.0421294776034169,19,TRUE
"NZL_PRY",-0.0610125275441672,13,TRUE
"NZL_PSE",-0.362170668512464,5,TRUE
"NZL_PYF",-0.0377881723081237,18,TRUE
"NZL_QAT",-0.059210585821561,23,TRUE
"NZL_REU",-0.0491646956094043,5,TRUE
"NZL_ROU",-0.0302840446467261,20,TRUE
"NZL_RUS",-0.0465999840179911,7,TRUE
"NZL_SAU",0.0437841209746424,20,TRUE
"NZL_SDN",-0.0138352032919987,15,TRUE
"NZL_SEN",-0.530373531813552,22,TRUE
"NZL_SLE",-0.106171831823256,11,TRUE
"NZL_SLV",-0.351701951411933,10,TRUE
"NZL_SRB",-0.296695036197889,5,TRUE
"NZL_SUR",-0.646170224900187,6,TRUE
"NZL_SVK",-0.0442104073495494,21,TRUE
"NZL_SVN",-0.0610400655982399,20,TRUE
"NZL_SWE",-0.060210390008177,19,TRUE
"NZL_SWZ",-1.20961251519332,12,TRUE
"NZL_SYC",0.0707252822169665,6,TRUE
"NZL_SYR",0.000180887736158875,18,TRUE
"NZL_TCA",0.100681024257351,14,TRUE
"NZL_TCD",-1.09158592574509,4,TRUE
"NZL_TGO",-0.301399429956353,7,TRUE
"NZL_TJK",-0.933665312923342,9,TRUE
"NZL_TKL",-2.160728735642,6,TRUE
"NZL_TLS",-0.284859739081319,11,TRUE
"NZL_TTO",-0.0163102900172654,19,TRUE
"NZL_TUN",-0.320813114893399,13,TRUE
"NZL_TUR",-0.054888492080433,26,TRUE
"NZL_TZA",0.102432426231334,22,TRUE
"NZL_UGA",-0.0886463158744205,23,TRUE
"NZL_UKR",-0.508327839894531,21,TRUE
"NZL_URY",0.0182690439414583,9,TRUE
"NZL_USA",0.0187813667680961,20,TRUE
"NZL_UZB",-0.692230515235471,6,TRUE
"NZL_VCT",-0.383305084247766,23,TRUE
"NZL_VEN",-3.84201917676373,4,TRUE
"NZL_VGB",-2.2610706479994,11,TRUE
"NZL_WLF",-0.193492638565067,16,TRUE
"NZL_YEM",-0.0658762443681992,14,TRUE
"NZL_ZAF",-0.0390074221992424,8,TRUE
"NZL_ZMB",-0.018795912446166,5,TRUE
"NZL_ZWE",-0.511870940504433,21,TRUE
"OMN_AFG",-1.07108284955056,14,TRUE
"OMN_AGO",0.762671499105186,5,TRUE
"OMN_ARG",-2.92375573161537,21,TRUE
"OMN_ARM",-0.179436510081695,7,TRUE
"OMN_AUS",-0.683734325372321,18,TRUE
"OMN_AUT",-0.417340365406821,19,TRUE
"OMN_AZE",-0.934179562882744,19,TRUE
"OMN_BDI",-0.751029599753785,10,TRUE
"OMN_BEL",-0.204731570151519,11,TRUE
"OMN_BGD",-0.87179526346073,22,TRUE
"OMN_BGR",-1.76342417684163,15,TRUE
"OMN_BIH",-0.487499732194305,5,TRUE
"OMN_BLR",-0.91642602198174,4,TRUE
"OMN_BOL",0.102456261075157,6,TRUE
"OMN_BRA",-1.15001399399957,15,TRUE
"OMN_BRN",-0.722652806884092,14,TRUE
"OMN_CAN",-0.328302773677298,22,TRUE
"OMN_CHL",-1.34356470211602,15,TRUE
"OMN_CHN",-0.0675606695481364,19,TRUE
"OMN_CIV",0.141379726259998,6,TRUE
"OMN_CMR",-0.428408761968203,13,TRUE
"OMN_COG",-1.30039226663933,19,TRUE
"OMN_COL",0.230244407268119,6,TRUE
"OMN_COM",-0.478192466525249,16,TRUE
"OMN_CRI",0.235880321051564,4,TRUE
"OMN_CYP",-0.360295051095453,24,TRUE
"OMN_CZE",0.182171640036007,10,TRUE
"OMN_DEU",-0.237860543392048,24,TRUE
"OMN_DJI",-0.431281971712564,19,TRUE
"OMN_DNK",-1.27815681804431,25,TRUE
"OMN_DOM",-0.193483388693819,7,TRUE
"OMN_ECU",-0.62282898131873,5,TRUE
"OMN_ERI",-0.083695065614128,9,TRUE
"OMN_ESP",-0.514844875912836,9,TRUE
"OMN_EST",-1.99389337670574,5,TRUE
"OMN_ETH",-0.319804386584381,20,TRUE
"OMN_FJI",-0.483037395852805,12,TRUE
"OMN_FRA",-0.25584098131594,19,TRUE
"OMN_GAB",-0.0423832566609667,5,TRUE
"OMN_GBR",-0.109140717907685,22,TRUE
"OMN_GEO",-1.37964530628183,8,TRUE
"OMN_GHA",-0.665611823823958,20,TRUE
"OMN_GIN",-0.622109930227355,7,TRUE
"OMN_GRC",-0.744249127092486,18,TRUE
"OMN_GTM",0.970864237696663,4,TRUE
"OMN_HKG",-0.0991049682989715,12,TRUE
"OMN_HRV",-0.0791568010557396,12,TRUE
"OMN_HUN",0.632236657400965,4,TRUE
"OMN_IDN",-1.51318327360474,24,TRUE
"OMN_IRL",-0.313291051551193,24,TRUE
"OMN_IRN",-0.177442893372667,13,TRUE
"OMN_ITA",0.351710709570752,11,TRUE
"OMN_JAM",0.238310910057532,5,TRUE
"OMN_JPN",-0.0607846126672879,13,TRUE
"OMN_KAZ",-1.61617366252876,14,TRUE
"OMN_KEN",-0.850222054284692,21,TRUE
"OMN_KOR",0.00587686122044051,20,TRUE
"OMN_LBR",0.0435561863691091,11,TRUE
"OMN_LKA",-0.661651579212914,4,TRUE
"OMN_LTU",-2.38523202061726,5,TRUE
"OMN_LUX",-3.05559281737672,8,TRUE
"OMN_LVA",-1.15029542610756,7,TRUE
"OMN_MDG",-0.731555524196672,14,TRUE
"OMN_MDV",-0.165984834090317,14,TRUE
"OMN_MEX",-0.723686693288926,16,TRUE
"OMN_MKD",0.341555971298182,5,TRUE
"OMN_MLT",-1.0862728516431,12,TRUE
"OMN_MMR",0.0392417934531687,6,TRUE
"OMN_MOZ",-0.238706319007533,7,TRUE
"OMN_MUS",0.778905794650696,5,TRUE
"OMN_MYS",-0.259996952075117,7,TRUE
"OMN_NGA",0.024610380685539,10,TRUE
"OMN_NLD",-0.101728069723381,11,TRUE
"OMN_NZL",-1.56527064856192,8,TRUE
"OMN_PAK",0.335624019858923,4,TRUE
"OMN_PHL",-1.7044888705203,18,TRUE
"OMN_POL",0.0785773143990492,13,TRUE
"OMN_PRT",-0.0604411370120917,5,TRUE
"OMN_PYF",-0.942166906534969,8,TRUE
"OMN_ROU",0.181198990060157,9,TRUE
"OMN_RUS",-0.911177613857885,9,TRUE
"OMN_RWA",-1.10544034433694,16,TRUE
"OMN_SEN",-0.337555338147551,13,TRUE
"OMN_SLE",-0.0910116336484595,17,TRUE
"OMN_SLV",0.622047079400548,5,TRUE
"OMN_SOM",0.126630915003524,10,TRUE
"OMN_SRB",-0.305498292152501,6,TRUE
"OMN_SVK",-0.900821442853401,14,TRUE
"OMN_SVN",-0.469791496825642,14,TRUE
"OMN_SWE",-0.666819463499055,7,TRUE
"OMN_SYC",-0.48367653756878,6,TRUE
"OMN_TGO",-0.115402308956026,4,TRUE
"OMN_THA",-0.391786374921078,17,TRUE
"OMN_TKM",-2.78203797305823,5,TRUE
"OMN_TTO",0.278702191431228,6,TRUE
"OMN_TUR",-0.390742887848564,16,TRUE
"OMN_TWN",0.0753794503399824,13,TRUE
"OMN_TZA",-0.570437866894854,21,TRUE
"OMN_UGA",0.0989197162886686,6,TRUE
"OMN_UKR",0.62289328331651,6,TRUE
"OMN_VEN",-2.62920165533564,9,TRUE
"OMN_VNM",-0.0403637667972137,11,TRUE
"OMN_ZAF",0.450365815659923,7,TRUE
"OMN_ZMB",-3.30617350363149,7,TRUE
"PAK_ABW",0.268719664991485,6,TRUE
"PAK_AGO",0.126257747010636,8,TRUE
"PAK_AIA",-0.590589311536729,9,TRUE
"PAK_ALB",0.533155228862326,8,TRUE
"PAK_AND",0.603437979412353,7,TRUE
"PAK_ARE",-0.254538388203849,10,TRUE
"PAK_ARM",-0.0799216305910149,5,TRUE
"PAK_ATG",0.901551202460667,6,TRUE
"PAK_AUS",-0.148471689168939,16,TRUE
"PAK_AUT",-0.0743302575918217,21,TRUE
"PAK_BDI",-0.507124610759311,14,TRUE
"PAK_BEL",-0.0899363821975725,6,TRUE
"PAK_BFA",-1.07834396811755,19,TRUE
"PAK_BGR",-0.202287788281424,16,TRUE
"PAK_BHR",0.0191331841556673,13,TRUE
"PAK_BHS",-1.49231458925478,7,TRUE
"PAK_BIH",0.0219872552752872,11,TRUE
"PAK_BLR",-0.0114822835484301,10,TRUE
"PAK_BLZ",-0.432385907996052,5,TRUE
"PAK_BMU",-0.104634354765594,6,TRUE
"PAK_BRB",0.259087436803073,4,TRUE
"PAK_BRN",-0.0557497587320882,13,TRUE
"PAK_BWA",0.125880932127735,8,TRUE
"PAK_CAF",-0.0999468601057912,6,TRUE
"PAK_CAN",0.0112995989487351,25,TRUE
"PAK_CHE",-0.132216546732809,8,TRUE
"PAK_CIV",-0.0497786208356776,6,TRUE
"PAK_COD",0.449430423271723,4,TRUE
"PAK_COG",-1.44885896117449,4,TRUE
"PAK_COK",-0.46790598833331,5,TRUE
"PAK_CPV",-0.76294146018514,4,TRUE
"PAK_CRI",-0.179464547901403,20,TRUE
"PAK_CYM",-0.168564409349258,8,TRUE
"PAK_CYP",-0.666627041932292,7,TRUE
"PAK_CZE",0.202552987185013,8,TRUE
"PAK_DEU",0.0629886237968684,11,TRUE
"PAK_DJI",-0.0251730298090281,17,TRUE
"PAK_DMA",-0.266328647313691,11,TRUE
"PAK_DNK",-0.160330473507779,19,TRUE
"PAK_DOM",-0.0335867947494851,12,TRUE
"PAK_ERI",-0.502042968654259,10,TRUE
"PAK_ESP",0.115995812759427,12,TRUE
"PAK_EST",0.0546707676310321,12,TRUE
"PAK_ETH",-0.133419980777546,15,TRUE
"PAK_FIN",-0.0346072286698899,18,TRUE
"PAK_FJI",-0.138188712667581,5,TRUE
"PAK_FRA",0.00119712382180311,24,TRUE
"PAK_FRO",-1.18556396735434,5,TRUE
"PAK_GAB",-0.343818441388289,15,TRUE
"PAK_GBR",-0.010870163779687,22,TRUE
"PAK_GMB",0.230317912474431,15,TRUE
"PAK_GNB",0.318783143420148,7,TRUE
"PAK_GNQ",-1.4779702176138,7,TRUE
"PAK_GRC",-0.150470004496716,7,TRUE
"PAK_GRD",-0.36021769186711,5,TRUE
"PAK_GRL",0.13907558671972,6,TRUE
"PAK_GTM",-0.23799624404836,11,TRUE
"PAK_HKG",-0.791293842476567,12,TRUE
"PAK_HND",-0.131524051213048,16,TRUE
"PAK_HRV",-0.0520089358001123,20,TRUE
"PAK_HTI",-0.0766159993892708,13,TRUE
"PAK_HUN",-0.369419560717282,14,TRUE
"PAK_IRL",0.00144921260207348,21,TRUE
"PAK_ISL",0.123430351572034,6,TRUE
"PAK_ITA",0.185452418930529,6,TRUE
"PAK_JAM",-0.264769354696748,4,TRUE
"PAK_JOR",-0.244626481283663,6,TRUE
"PAK_JPN",-0.393197937686282,23,TRUE
"PAK_KEN",0.0461203085149303,16,TRUE
"PAK_KHM",0.00332973568502037,4,TRUE
"PAK_KNA",-3.21311749045247,11,TRUE
"PAK_KWT",0.0549680540415494,13,TRUE
"PAK_LAO",0.382669441577274,4,TRUE
"PAK_LBN",0.0386004229322039,15,TRUE
"PAK_LCA",-0.705703448439181,4,TRUE
"PAK_LSO",-0.129617452566514,13,TRUE
"PAK_LTU",0.198823796660159,8,TRUE
"PAK_LUX",-0.156365404567121,8,TRUE
"PAK_LVA",0.0672982308265711,16,TRUE
"PAK_MAC",-2.66151059130687,7,TRUE
"PAK_MDA",0.161148603255168,7,TRUE
"PAK_MDG",0.243888846575318,5,TRUE
"PAK_MKD",-0.0691630677043191,18,TRUE
"PAK_MLI",-1.28582639545104,17,TRUE
"PAK_MLT",0.00555050992963235,23,TRUE
"PAK_MNE",-0.193153662668379,6,TRUE
"PAK_MNG",-0.698835793078277,13,TRUE
"PAK_MRT",-0.0633028052488483,10,TRUE
"PAK_MWI",-0.162260375719553,17,TRUE
"PAK_NAM",-0.269888110361626,11,TRUE
"PAK_NCL",-0.621314243158258,14,TRUE
"PAK_NLD",-0.0544032545698705,20,TRUE
"PAK_NOR",0.00111910009235436,20,TRUE
"PAK_NZL",-0.24914600377737,4,TRUE
"PAK_OMN",-0.0234795861468113,19,TRUE
"PAK_PAN",0.381209150979885,8,TRUE
"PAK_PNG",-1.44767600285745,15,TRUE
"PAK_POL",0.199624794300495,8,TRUE
"PAK_PRT",-0.0740564005937036,20,TRUE
"PAK_PSE",0.615381158861994,4,TRUE
"PAK_PYF",-0.0462586097429324,16,TRUE
"PAK_RUS",-0.284069465241551,21,TRUE
"PAK_RWA",-0.0344758322696017,10,TRUE
"PAK_SAU",-0.0540995561413413,15,TRUE
"PAK_SEN",0.266315189153375,5,TRUE
"PAK_SLE",-0.011229482038103,7,TRUE
"PAK_SLV",-0.144865147106363,18,TRUE
"PAK_SOM",0.0560558210862758,13,TRUE
"PAK_SUR",0.148843558332445,4,TRUE
"PAK_SVK",0.435056630068009,4,TRUE
"PAK_SVN",-0.147025604490702,21,TRUE
"PAK_SWE",-0.0765702844943761,20,TRUE
"PAK_SWZ",-0.581863908506654,9,TRUE
"PAK_SYC",0.284323530998485,12,TRUE
"PAK_SYR",0.377473204089422,10,TRUE
"PAK_TCD",-2.74082517355453,10,TRUE
"PAK_TGO",-0.020426704663017,4,TRUE
"PAK_TON",-3.00053427960031,10,TRUE
"PAK_TWN",-0.121432919171126,19,TRUE
"PAK_UGA",-0.12285526961368,15,TRUE
"PAK_UKR",-0.0843789870678188,16,TRUE
"PAK_USA",0.0159552108584503,15,TRUE
"PAK_VCT",0.309774506340117,5,TRUE
"PAK_WSM",-1.64576055729527,12,TRUE
"PAK_YEM",0.122731928509381,13,TRUE
"PAK_ZAF",-0.0140667093793849,17,TRUE
"PAK_ZMB",-0.188080782067478,7,TRUE
"PAN_ABW",0.620353340268176,12,TRUE
"PAN_AGO",-0.0850795695057848,9,TRUE
"PAN_ALB",-0.457135758033096,5,TRUE
"PAN_AND",0.824955453492215,4,TRUE
"PAN_ANT",-0.401624430105733,9,TRUE
"PAN_ARM",-4.35506479100505,14,TRUE
"PAN_ATG",0.792159213559895,7,TRUE
"PAN_AUS",-0.56390564207738,25,TRUE
"PAN_AZE",-2.91124940426713,10,TRUE
"PAN_BEN",-2.1660999876594,7,TRUE
"PAN_BGD",-2.05397632848605,8,TRUE
"PAN_BHS",-0.109834519531461,16,TRUE
"PAN_BIH",-1.12660763878854,10,TRUE
"PAN_BLR",-0.237816728379127,10,TRUE
"PAN_BLZ",0.762718715346441,5,TRUE
"PAN_BMU",-0.112744442092688,7,TRUE
"PAN_BRB",0.144586887043482,16,TRUE
"PAN_CIV",-2.97593222426137,12,TRUE
"PAN_COG",-2.49120840258764,5,TRUE
"PAN_CPV",-2.00628582855627,10,TRUE
"PAN_DMA",0.178471208207176,15,TRUE
"PAN_DZA",-2.736034361278,4,TRUE
"PAN_EGY",-1.338686680453,5,TRUE
"PAN_ETH",-1.46022803119216,4,TRUE
"PAN_GEO",-1.41548864957257,9,TRUE
"PAN_GHA",-1.38178204029398,9,TRUE
"PAN_GRD",0.513052724106041,8,TRUE
"PAN_GUY",-0.0486556773205316,16,TRUE
"PAN_HKG",-0.385276594928919,8,TRUE
"PAN_HTI",-0.231544460894922,5,TRUE
"PAN_IDN",-0.0923588463354287,20,TRUE
"PAN_IND",-0.700168798168762,9,TRUE
"PAN_ISR",-0.317841180277799,16,TRUE
"PAN_JAM",0.50703476753429,4,TRUE
"PAN_JOR",0.0558109981837167,5,TRUE
"PAN_JPN",0.351262226583457,10,TRUE
"PAN_KAZ",-2.39341352188306,5,TRUE
"PAN_KEN",-1.9544419880271,4,TRUE
"PAN_KGZ",-2.0568364689491,6,TRUE
"PAN_KNA",0.113783207104917,6,TRUE
"PAN_KOR",-0.295705221734273,17,TRUE
"PAN_KWT",-2.19450324980688,4,TRUE
"PAN_LBN",-2.02250650067386,5,TRUE
"PAN_LCA",0.226676606193025,17,TRUE
"PAN_LKA",-1.38538998658869,8,TRUE
"PAN_MAR",-1.6178220344305,8,TRUE
"PAN_MDA",-1.11156254472195,9,TRUE
"PAN_MKD",-2.02207685772681,13,TRUE
"PAN_MNE",-0.959177668451305,6,TRUE
"PAN_MOZ",-2.0087872444227,14,TRUE
"PAN_MSR",-0.901406623740458,7,TRUE
"PAN_MUS",-0.775613936046221,5,TRUE
"PAN_MYS",-0.946086001697918,22,TRUE
"PAN_NGA",-2.03726210761053,5,TRUE
"PAN_NZL",-2.02969716927394,18,TRUE
"PAN_PAK",-1.80649706948929,4,TRUE
"PAN_PHL",-0.711432483748197,12,TRUE
"PAN_PYF",-0.461194072838722,5,TRUE
"PAN_SAU",-1.13719737084291,7,TRUE
"PAN_SEN",0.0832103864252347,6,TRUE
"PAN_SRB",-2.52269692889088,4,TRUE
"PAN_SUR",0.103197273329487,14,TRUE
"PAN_SYC",-1.88650204242599,4,TRUE
"PAN_TGO",-2.57322007421371,4,TRUE
"PAN_THA",-0.574066186653893,14,TRUE
"PAN_TTO",0.167634056374052,4,TRUE
"PAN_TUN",-3.67530538741322,7,TRUE
"PAN_TUR",-0.272207327687329,23,TRUE
"PAN_TZA",-0.36485095192388,8,TRUE
"PAN_UGA",-1.63088983009118,7,TRUE
"PAN_UKR",-1.11979516974654,6,TRUE
"PAN_VCT",-0.340681877807746,15,TRUE
"PAN_VNM",-0.793483407298936,9,TRUE
"PAN_ZAF",-0.75659957126374,6,TRUE
"PAN_ZWE",-0.0155771017532552,6,TRUE
"PCN_CAN",0.253453738957747,10,TRUE
"PCN_COL",-0.734425000773935,17,TRUE
"PCN_MEX",-0.609334896214477,6,TRUE
"PCN_NZL",0.543377709544521,4,TRUE
"PCN_SLV",-1.06287217427821,5,TRUE
"PCN_USA",-0.293649803669108,12,TRUE
"PER_ABW",-0.527444802347854,19,TRUE
"PER_AGO",-0.46528499410626,4,TRUE
"PER_AND",-0.470143654941893,13,TRUE
"PER_ANT",-0.104177298450549,10,TRUE
"PER_ARE",-0.971321703137797,10,TRUE
"PER_ARM",0.0951431426599438,4,TRUE
"PER_ATG",0.26648468484816,13,TRUE
"PER_AUS",0.0321994024039554,20,TRUE
"PER_AZE",-0.394120816240198,10,TRUE
"PER_BHR",-0.172972186875376,14,TRUE
"PER_BHS",-0.383828224851928,23,TRUE
"PER_BIH",-0.55902950846078,11,TRUE
"PER_BLR",-0.037689965464067,8,TRUE
"PER_BLZ",-0.474458821511992,7,TRUE
"PER_BMU",-1.35452152824173,20,TRUE
"PER_BRB",0.153495030844051,15,TRUE
"PER_BRN",-1.71418466230648,4,TRUE
"PER_CIV",-0.566626000892329,19,TRUE
"PER_COD",-1.26757163515711,7,TRUE
"PER_COG",-1.38623160850928,6,TRUE
"PER_CPV",-0.372668709806402,5,TRUE
"PER_CYM",0.12873021520652,10,TRUE
"PER_DMA",-0.521806267285835,5,TRUE
"PER_DOM",0.048831536189981,7,TRUE
"PER_ETH",-1.47617538750288,7,TRUE
"PER_FJI",-2.57337907289917,8,TRUE
"PER_FRO",-2.28696311227399,9,TRUE
"PER_GEO",-2.08905818763634,11,TRUE
"PER_GMB",-1.00121883707012,8,TRUE
"PER_GRD",-0.145984313151423,18,TRUE
"PER_GRL",-2.37346633623268,5,TRUE
"PER_GTM",-0.0612419813364625,22,TRUE
"PER_GUM",-0.179915960276987,6,TRUE
"PER_HKG",-0.0562534035152614,13,TRUE
"PER_JAM",0.344217408937013,6,TRUE
"PER_JOR",0.198313472225714,21,TRUE
"PER_KEN",-1.41995571529874,12,TRUE
"PER_KHM",-1.33884688787672,4,TRUE
"PER_KNA",-0.272797872797099,13,TRUE
"PER_KWT",-0.161626075902047,6,TRUE
"PER_LBN",-0.0402064254051623,14,TRUE
"PER_LBR",0.187970462383394,4,TRUE
"PER_LCA",-0.3416759247168,5,TRUE
"PER_MAC",-0.919140612508744,8,TRUE
"PER_MDA",-0.144845232868151,10,TRUE
"PER_MDG",-2.55878000243085,10,TRUE
"PER_MKD",-1.42803406879676,7,TRUE
"PER_MLI",-1.63791998992934,14,TRUE
"PER_MNE",0.266672560423188,7,TRUE
"PER_MRT",-0.689489326076766,9,TRUE
"PER_MUS",-0.489688926437313,5,TRUE
"PER_MWI",-2.40424673432978,4,TRUE
"PER_NAM",-0.20430042485563,4,TRUE
"PER_NER",-0.709624551488705,10,TRUE
"PER_NPL",-1.39860374048977,4,TRUE
"PER_NZL",0.0369463225713141,5,TRUE
"PER_OMN",-0.31798546070585,6,TRUE
"PER_PYF",-0.190478731207829,4,TRUE
"PER_QAT",0.195867923598869,7,TRUE
"PER_RUS",-0.118541455165874,18,TRUE
"PER_SAU",0.0677100438516607,20,TRUE
"PER_SLV",-0.126332075796531,10,TRUE
"PER_SUR",0.349647726520015,6,TRUE
"PER_SWZ",-2.10235664215747,9,TRUE
"PER_SYC",-2.29092956935063,4,TRUE
"PER_SYR",-0.175687185455325,18,TRUE
"PER_TGO",-1.56777667546314,7,TRUE
"PER_TWN",-0.473941675871545,7,TRUE
"PER_UGA",-1.68731899682425,5,TRUE
"PER_UKR",-0.28754750911184,14,TRUE
"PER_VCT",-0.161391743123123,9,TRUE
"PER_VGB",0.810611797138917,8,TRUE
"PER_YEM",-1.8695358283467,9,TRUE
"PER_ZAF",-0.105817600482843,7,TRUE
"PER_ZMB",-0.153563382113547,8,TRUE
"PHL_ABW",-0.593663431381895,12,TRUE
"PHL_AFG",0.258895441906605,10,TRUE
"PHL_ALB",-0.268513294099874,8,TRUE
"PHL_AND",-0.403154780162623,16,TRUE
"PHL_ANT",-0.894597700592481,8,TRUE
"PHL_ARE",-0.130846869768905,18,TRUE
"PHL_ASM",0.134700109041401,10,TRUE
"PHL_ATG",-0.519413075174035,12,TRUE
"PHL_AUT",-0.239157831526075,5,TRUE
"PHL_AZE",-0.375070279114571,16,TRUE
"PHL_BDI",-1.62396501586915,9,TRUE
"PHL_BEL",0.0407246771949792,10,TRUE
"PHL_BFA",-0.0522347384858432,4,TRUE
"PHL_BGR",-0.0161043693227427,16,TRUE
"PHL_BHR",0.170111652929716,13,TRUE
"PHL_BHS",-0.251200538703975,15,TRUE
"PHL_BIH",-0.0602097498271497,12,TRUE
"PHL_BLR",0.0137016542905093,14,TRUE
"PHL_BLZ",-1.3961710409633,18,TRUE
"PHL_BMU",-1.55797781051204,4,TRUE
"PHL_BRB",-0.304083785074349,6,TRUE
"PHL_BTN",-1.47701874735984,10,TRUE
"PHL_BWA",-0.428669368831628,10,TRUE
"PHL_CAN",0.0435391732515783,8,TRUE
"PHL_CIV",-0.271463310663652,19,TRUE
"PHL_COG",-0.308546733733693,12,TRUE
"PHL_COK",-0.924131147307293,13,TRUE
"PHL_CPV",-1.78339225765303,11,TRUE
"PHL_CRI",0.0737398497864282,15,TRUE
"PHL_CYM",-0.406646386014736,13,TRUE
"PHL_CYP",-0.211358558417728,13,TRUE
"PHL_CZE",0.173770321347175,8,TRUE
"PHL_DEU",-0.0445504747353804,25,TRUE
"PHL_DJI",-0.270720293144528,13,TRUE
"PHL_DMA",-1.42305950561112,13,TRUE
"PHL_DNK",-0.0227224797362687,9,TRUE
"PHL_DOM",0.365587580201646,7,TRUE
"PHL_ESP",-0.062124614780949,19,TRUE
"PHL_EST",0.0707073507545337,13,TRUE
"PHL_ETH",0.0671059338937728,13,TRUE
"PHL_FIN",0.153569485423402,9,TRUE
"PHL_FJI",-0.258977308080659,10,TRUE
"PHL_FRA",0.261590674249499,5,TRUE
"PHL_FRO",-1.44033622633809,6,TRUE
"PHL_FSM",0.174340378218569,10,TRUE
"PHL_GAB",-2.20544817932771,6,TRUE
"PHL_GEO",-1.50312628656959,12,TRUE
"PHL_GIB",-2.89684992527467,13,TRUE
"PHL_GMB",-0.0942143429312079,6,TRUE
"PHL_GRC",-0.12763473828909,15,TRUE
"PHL_GRD",-1.08397890355872,7,TRUE
"PHL_GRL",-0.512522554251624,4,TRUE
"PHL_GTM",0.0780789711145002,16,TRUE
"PHL_GUM",-0.248059991464725,8,TRUE
"PHL_HKG",0.147768136620492,4,TRUE
"PHL_HND",0.0251085430670444,7,TRUE
"PHL_HTI",-1.88034101557661,11,TRUE
"PHL_HUN",-0.041244067540923,23,TRUE
"PHL_ITA",0.140467203179721,13,TRUE
"PHL_JAM",-1.51319466932078,5,TRUE
"PHL_JOR",-0.289586040336619,6,TRUE
"PHL_KAZ",0.253124550556944,5,TRUE
"PHL_KEN",0.169442820160743,5,TRUE
"PHL_KGZ",0.0354599784600379,11,TRUE
"PHL_KIR",0.163820413621361,4,TRUE
"PHL_KWT",0.159455536849871,8,TRUE
"PHL_LBN",0.051712614257417,14,TRUE
"PHL_LBR",-1.29787914252909,5,TRUE
"PHL_LCA",-1.60330922228394,16,TRUE
"PHL_LTU",-0.0317270131573232,15,TRUE
"PHL_LUX",-0.801546277644113,5,TRUE
"PHL_LVA",0.354589432829837,11,TRUE
"PHL_MAC",0.0149655522140807,18,TRUE
"PHL_MDA",-0.154072762326888,15,TRUE
"PHL_MDG",-0.5317376133265,23,TRUE
"PHL_MDV",0.111848382843935,16,TRUE
"PHL_MHL",-1.36984439249534,14,TRUE
"PHL_MKD",-0.440111728879843,9,TRUE
"PHL_MLI",-0.792907366286573,16,TRUE
"PHL_MLT",-0.631873932273658,18,TRUE
"PHL_MNE",-0.124238003387703,8,TRUE
"PHL_MNG",0.202635775902613,8,TRUE
"PHL_MRT",-6.56767980037812,7,TRUE
"PHL_MUS",-0.491367345508182,12,TRUE
"PHL_MWI",-0.11334874152374,13,TRUE
"PHL_MYT",-0.668711251864932,5,TRUE
"PHL_NAM",-0.366165517854617,8,TRUE
"PHL_NCL",-0.391635143296973,14,TRUE
"PHL_NER",-0.971165658552062,7,TRUE
"PHL_NLD",-0.0989289496726668,6,TRUE
"PHL_NPL",0.125190448872426,9,TRUE
"PHL_OMN",0.0673925859284488,9,TRUE
"PHL_PAN",-0.108389260394585,14,TRUE
"PHL_PLW",-0.0131220218541432,16,TRUE
"PHL_PNG",0.0298575159813207,9,TRUE
"PHL_POL",0.225755487529153,7,TRUE
"PHL_PRT",0.0402230619062227,5,TRUE
"PHL_PSE",0.398085930402495,4,TRUE
"PHL_PYF",-0.499569994248829,14,TRUE
"PHL_QAT",-0.0838525848035104,14,TRUE
"PHL_RWA",-0.0737786875769836,9,TRUE
"PHL_SAU",-0.172823094043394,24,TRUE
"PHL_SEN",-0.997388295250895,4,TRUE
"PHL_SLB",0.0362656379218777,11,TRUE
"PHL_SLE",-4.087953360671,4,TRUE
"PHL_SLV",0.283913988588349,5,TRUE
"PHL_SOM",-1.27188835828219,11,TRUE
"PHL_SUR",-0.711377333335182,9,TRUE
"PHL_SVK",-0.0102984672011728,8,TRUE
"PHL_SVN",0.0278938136909926,18,TRUE
"PHL_SWE",-0.0364495910710564,17,TRUE
"PHL_SWZ",-0.785735331457232,14,TRUE
"PHL_SYC",-0.372282961605817,13,TRUE
"PHL_SYR",-0.386132741659815,20,TRUE
"PHL_TGO",-1.16669079321682,5,TRUE
"PHL_TJK",0.245772883316347,4,TRUE
"PHL_TON",0.0569647526357162,10,TRUE
"PHL_TUV",-0.803633017626218,10,TRUE
"PHL_TWN",-0.0348985569201475,17,TRUE
"PHL_UGA",0.18353714110194,8,TRUE
"PHL_UKR",0.346726902641335,5,TRUE
"PHL_USA",-0.0291026403585651,9,TRUE
"PHL_UZB",0.0367611790299528,7,TRUE
"PHL_VCT",-0.0842460431837262,9,TRUE
"PHL_VGB",0.0684678017459347,9,TRUE
"PHL_VUT",0.232132472975959,15,TRUE
"PHL_WSM",-0.571634616137658,6,TRUE
"PHL_YEM",-0.564420799122907,18,TRUE
"PHL_ZAF",0.00143914333979523,19,TRUE
"PHL_ZMB",-0.492240233165643,7,TRUE
"PLW_AUS",-1.19816884710082,11,TRUE
"PLW_BRA",-3.18980869824604,7,TRUE
"PLW_CHN",-1.14080371915542,4,TRUE
"PLW_DEU",-0.138047076914312,6,TRUE
"PLW_FSM",-0.247083865841036,4,TRUE
"PLW_JPN",0.162637712235181,5,TRUE
"PLW_KOR",-1.2013186855788,4,TRUE
"PLW_MEX",-0.823134741742095,10,TRUE
"PLW_PHL",-4.54125196756258,9,TRUE
"PLW_TWN",0.701642383717922,7,TRUE
"PLW_USA",-1.44992932452286,7,TRUE
"PNG_AGO",-2.57833097518231,4,TRUE
"PNG_ARG",-0.769050337868511,7,TRUE
"PNG_CAN",-0.176191761696715,17,TRUE
"PNG_CHE",-1.2724031104531,20,TRUE
"PNG_CHN",0.0519167483056387,23,TRUE
"PNG_HKG",-1.62811405429293,7,TRUE
"PNG_IDN",-0.626141383694695,9,TRUE
"PNG_IND",-0.56842610394549,23,TRUE
"PNG_ISL",-4.67087445457185,11,TRUE
"PNG_JPN",-0.151021283114648,22,TRUE
"PNG_KAZ",-2.74032045585028,5,TRUE
"PNG_KOR",-0.155564593160978,21,TRUE
"PNG_LKA",-0.384872910120045,19,TRUE
"PNG_MEX",-2.94859494670752,5,TRUE
"PNG_MYS",-0.0589389756152812,5,TRUE
"PNG_NCL",-0.600834607558869,4,TRUE
"PNG_NOR",-1.4846970131633,17,TRUE
"PNG_PAK",-0.946123127703678,14,TRUE
"PNG_PHL",0.060951768430499,23,TRUE
"PNG_PYF",-2.79593207048118,8,TRUE
"PNG_RUS",-0.290288738159604,10,TRUE
"PNG_SGP",-0.318196330722089,16,TRUE
"PNG_THA",0.0269468473799539,18,TRUE
"PNG_TUR",-0.59637136180126,4,TRUE
"PNG_TWN",-1.05222771589527,15,TRUE
"PNG_UKR",-1.68071527611318,5,TRUE
"PNG_USA",-0.480815336165708,10,TRUE
"PNG_ZAF",-1.56132598985549,13,TRUE
"POL_AFG",-0.294993062266992,13,TRUE
"POL_AGO",0.00924523223737805,8,TRUE
"POL_ARE",-0.0424657150355523,11,TRUE
"POL_ARG",-0.00672358099655059,21,TRUE
"POL_AUS",0.0517689278910496,13,TRUE
"POL_AZE",-0.113057748186658,17,TRUE
"POL_BEN",0.138009266177424,6,TRUE
"POL_BFA",-0.16399213944839,10,TRUE
"POL_BGD",-0.383217321229551,22,TRUE
"POL_BHR",0.12001747931815,7,TRUE
"POL_BOL",0.154244485414922,6,TRUE
"POL_BRA",-0.022159456807902,23,TRUE
"POL_BRN",-0.097978727823205,11,TRUE
"POL_CAF",-0.0698592521972183,10,TRUE
"POL_CHN",-0.00199122533227687,5,TRUE
"POL_COD",0.0335171493951017,8,TRUE
"POL_COG",0.331843953570376,6,TRUE
"POL_CPV",-0.0715504017135154,11,TRUE
"POL_CUB",-0.122420571243462,12,TRUE
"POL_DJI",-0.282146455749657,20,TRUE
"POL_ERI",-1.30120945484794,12,TRUE
"POL_ETH",-0.342509054044702,13,TRUE
"POL_GAB",0.615542549350014,4,TRUE
"POL_GIB",0.00649806982756556,7,TRUE
"POL_GIN",-0.483839755232169,18,TRUE
"POL_GMB",-0.409595475548902,17,TRUE
"POL_GNB",-0.0244393657540997,4,TRUE
"POL_GNQ",0.335593030644093,7,TRUE
"POL_HKG",0.0854837421248256,10,TRUE
"POL_HTI",-0.521064911133282,11,TRUE
"POL_IDN",-0.10272067363726,16,TRUE
"POL_IND",-0.0402948200120602,23,TRUE
"POL_IRN",-0.0969192535164143,19,TRUE
"POL_IRQ",-0.0755226470801661,6,TRUE
"POL_KAZ",-0.145983672554355,10,TRUE
"POL_KEN",0.136386098642771,8,TRUE
"POL_KGZ",-0.42728337712095,5,TRUE
"POL_KHM",-0.279863798421733,11,TRUE
"POL_KIR",-0.792641048687921,4,TRUE
"POL_KWT",-0.0579749446023007,18,TRUE
"POL_LAO",-0.0924672691504442,6,TRUE
"POL_LBR",-0.0869379658236707,20,TRUE
"POL_LBY",-0.00062920262570465,4,TRUE
"POL_LKA",0.0696691267889868,4,TRUE
"POL_MAC",-0.818413975212387,19,TRUE
"POL_MDV",0.100273156140034,8,TRUE
"POL_MHL",-1.05574569593279,13,TRUE
"POL_MLI",-0.14717835863254,16,TRUE
"POL_MMR",-0.120464568529792,10,TRUE
"POL_MNG",0.0163180491079309,5,TRUE
"POL_MRT",-0.0944600226528659,4,TRUE
"POL_MWI",-0.713614514785737,11,TRUE
"POL_MYS",-0.0769738982165717,14,TRUE
"POL_NER",-0.298447009862234,5,TRUE
"POL_NZL",-0.34529542528054,20,TRUE
"POL_OMN",-0.590904632233444,25,TRUE
"POL_PHL",-0.463848387432049,17,TRUE
"POL_PRK",-1.83966733972794,18,TRUE
"POL_PRY",0.0779669370935854,7,TRUE
"POL_QAT",-0.102378759089881,13,TRUE
"POL_RUS",-0.359369748196918,4,TRUE
"POL_RWA",0.102829194439206,6,TRUE
"POL_SAU",-0.103359740118165,19,TRUE
"POL_SDN",-0.422911742782359,11,TRUE
"POL_SEN",0.430739184335867,4,TRUE
"POL_SLE",-0.298164807779208,9,TRUE
"POL_STP",-1.82971891191121,4,TRUE
"POL_TCD",0.161735652168112,9,TRUE
"POL_TGO",-0.198244066183203,11,TRUE
"POL_THA",-0.209224628646538,11,TRUE
"POL_TJK",0.103867826678594,19,TRUE
"POL_TKM",0.057035157708759,7,TRUE
"POL_TLS",-3.88900510443696,4,TRUE
"POL_TON",-3.83248048073474,7,TRUE
"POL_TWN",-0.176565924060896,16,TRUE
"POL_TZA",-0.157187044161916,12,TRUE
"POL_UGA",-0.120982043439894,11,TRUE
"POL_UMI",-0.42468572370333,6,TRUE
"POL_URY",-0.156964998707518,10,TRUE
"POL_USA",-0.147600453837998,24,TRUE
"POL_UZB",-0.217546091410909,8,TRUE
"POL_VAT",-1.20652948373796,10,TRUE
"POL_VEN",-0.236095996699285,19,TRUE
"POL_VNM",0.0755409884309132,18,TRUE
"POL_VUT",-3.39472590958344,5,TRUE
"POL_WSM",-2.60560464636363,6,TRUE
"POL_YEM",-0.418770932009279,5,TRUE
"PRI_CHE",-0.492253499633252,5,TRUE
"PRI_NOR",-0.604099188989026,4,TRUE
"PRK_ALB",-0.959846092893869,13,TRUE
"PRK_AND",-2.02114359543545,14,TRUE
"PRK_ARM",0.408714757258555,6,TRUE
"PRK_ATG",-0.689945525491162,4,TRUE
"PRK_AZE",-1.9380768951854,15,TRUE
"PRK_BDI",-0.0662774793346089,9,TRUE
"PRK_BEL",-6.48109672445656,5,TRUE
"PRK_BFA",-0.175988696187707,7,TRUE
"PRK_BGR",-4.63301638112087,8,TRUE
"PRK_BIH",-0.308105928907455,5,TRUE
"PRK_BLR",-1.66202852463498,10,TRUE
"PRK_BRB",-0.0387283853232216,9,TRUE
"PRK_CAF",-0.797355546478414,18,TRUE
"PRK_CAN",-1.08326235153951,8,TRUE
"PRK_CHE",-0.230627844064646,21,TRUE
"PRK_CHN",-0.0284725719461867,13,TRUE
"PRK_CIV",-1.55592679682591,13,TRUE
"PRK_COG",-1.94310297419666,7,TRUE
"PRK_CRI",0.0720004945076922,6,TRUE
"PRK_CYP",-3.88735809212485,9,TRUE
"PRK_CZE",-0.855523443164896,18,TRUE
"PRK_DEU",-1.61496480104066,10,TRUE
"PRK_DMA",-1.27335092996566,7,TRUE
"PRK_DNK",-1.2378711994523,23,TRUE
"PRK_ESP",-0.617950377147259,24,TRUE
"PRK_EST",-1.4376179799693,12,TRUE
"PRK_ETH",-0.0523098621397405,8,TRUE
"PRK_FIN",-1.30787225179906,20,TRUE
"PRK_FJI",1.70733659661166,5,TRUE
"PRK_FRA",-3.63679988476955,5,TRUE
"PRK_FRO",-0.779724829787311,5,TRUE
"PRK_GBR",-0.433125256967397,19,TRUE
"PRK_GEO",-0.48038623440562,4,TRUE
"PRK_GRC",-3.14374188296221,11,TRUE
"PRK_GTM",-2.87544211947832,5,TRUE
"PRK_HKG",-2.63958796522113,4,TRUE
"PRK_HND",-0.470620522857938,13,TRUE
"PRK_HRV",-1.39836732731591,17,TRUE
"PRK_HUN",-2.24716655392178,14,TRUE
"PRK_IRL",-0.338283067122065,12,TRUE
"PRK_ITA",-0.384434906737721,26,TRUE
"PRK_JAM",-0.0930827380658681,7,TRUE
"PRK_JPN",-2.38490093917617,4,TRUE
"PRK_KHM",-2.02262509675075,6,TRUE
"PRK_KNA",-1.38975852679055,10,TRUE
"PRK_LAO",-0.677829890129732,4,TRUE
"PRK_LBN",-2.61375786467229,9,TRUE
"PRK_LCA",-1.33903806785748,16,TRUE
"PRK_LTU",-2.42465300847036,9,TRUE
"PRK_LUX",0.125880886997728,8,TRUE
"PRK_LVA",-6.26073280288423,6,TRUE
"PRK_MAC",-4.84566583168585,12,TRUE
"PRK_MDA",-0.472639247907698,14,TRUE
"PRK_MDG",-0.905240597520197,20,TRUE
"PRK_MKD",0.276695524803971,5,TRUE
"PRK_MNE",0.126049614626267,5,TRUE
"PRK_MRT",0.0109638480873169,11,TRUE
"PRK_MUS",-1.51225803219439,17,TRUE
"PRK_MWI",-0.97989726877614,5,TRUE
"PRK_MYT",-0.500294013578488,4,TRUE
"PRK_NCL",-0.195050685690889,7,TRUE
"PRK_NER",-0.162004819552577,5,TRUE
"PRK_NLD",-1.05315930878447,26,TRUE
"PRK_POL",-1.00489129946478,10,TRUE
"PRK_PRT",-0.968971605969062,12,TRUE
"PRK_PRY",-2.4049451212219,6,TRUE
"PRK_PYF",-0.536680024032763,11,TRUE
"PRK_RUS",-0.139342025236264,15,TRUE
"PRK_SAU",-1.01990056950527,9,TRUE
"PRK_SEN",0.130465982957029,11,TRUE
"PRK_SLV",-1.32640537366571,10,TRUE
"PRK_SRB",-1.64983145954693,6,TRUE
"PRK_SUR",0.117577193486523,14,TRUE
"PRK_SVK",-0.0351665006888951,11,TRUE
"PRK_SVN",-1.31369005861892,9,TRUE
"PRK_SWE",-1.72838552266666,8,TRUE
"PRK_SYC",1.07592323103349,4,TRUE
"PRK_TGO",1.46762887757759,4,TRUE
"PRK_TUR",-0.80660514309456,6,TRUE
"PRK_TWN",-0.282004959300678,15,TRUE
"PRK_UKR",-1.56415502088764,7,TRUE
"PRK_URY",-0.60941136564623,12,TRUE
"PRK_USA",0.0172197098411345,5,TRUE
"PRK_WSM",0.897343583756945,7,TRUE
"PRK_YEM",-0.778542519337097,6,TRUE
"PRK_ZAF",-0.160458214316309,7,TRUE
"PRK_ZMB",-0.305213830740366,10,TRUE
"PRT_AFG",-0.455297223009811,17,TRUE
"PRT_AGO",0.00814251067544693,26,TRUE
"PRT_ARE",-0.0501318312143681,16,TRUE
"PRT_ARG",0.0358655471497627,23,TRUE
"PRT_AUS",0.140570110939089,26,TRUE
"PRT_AZE",0.316831184064471,6,TRUE
"PRT_BDI",-0.323946284688297,26,TRUE
"PRT_BEN",0.0997524016544841,5,TRUE
"PRT_BGD",0.0602641697643767,6,TRUE
"PRT_BHR",-0.0123892697848916,8,TRUE
"PRT_BLR",0.112287562708749,11,TRUE
"PRT_BOL",-0.172886973451355,15,TRUE
"PRT_BRA",-0.0186145188926626,24,TRUE
"PRT_BRN",-0.25968221616983,14,TRUE
"PRT_CAF",-1.55799418037449,7,TRUE
"PRT_CHN",0.171760689555136,6,TRUE
"PRT_COD",-0.341024948922554,9,TRUE
"PRT_COG",-0.858525541518935,16,TRUE
"PRT_COM",-0.590592943358999,23,TRUE
"PRT_CPV",-0.00984720205539871,20,TRUE
"PRT_CUB",0.53647418208213,4,TRUE
"PRT_DJI",-0.693911279123554,24,TRUE
"PRT_ERI",-1.23591744493273,16,TRUE
"PRT_ETH",-0.197661150147783,14,TRUE
"PRT_FSM",-1.35064857678673,8,TRUE
"PRT_GAB",-0.23740883815099,22,TRUE
"PRT_GIB",-0.397043820592722,16,TRUE
"PRT_GIN",-0.110257358737253,18,TRUE
"PRT_GMB",-0.233428888442,24,TRUE
"PRT_GNB",0.000623545288734743,24,TRUE
"PRT_HKG",-0.089873860650314,10,TRUE
"PRT_HTI",0.123445499663884,7,TRUE
"PRT_IND",-0.191082926358184,6,TRUE
"PRT_IRN",-0.213055192590282,21,TRUE
"PRT_IRQ",-0.698896699923533,14,TRUE
"PRT_KAZ",0.0675836773369761,12,TRUE
"PRT_KEN",-0.0609852693784836,4,TRUE
"PRT_KGZ",-0.0907023254905841,11,TRUE
"PRT_KHM",0.0178123927908276,8,TRUE
"PRT_KWT",-0.0318524026098072,25,TRUE
"PRT_LBY",-0.305638320007305,23,TRUE
"PRT_LKA",-0.383191652660944,7,TRUE
"PRT_MAC",-0.327742541276831,15,TRUE
"PRT_MDV",-0.468351650359684,13,TRUE
"PRT_MHL",-2.49994453723467,10,TRUE
"PRT_MLI",-0.0166274688013907,5,TRUE
"PRT_MNG",-0.624397678972772,10,TRUE
"PRT_MRT",-0.294143983362042,10,TRUE
"PRT_MWI",-0.703707245615648,14,TRUE
"PRT_MYS",-0.296542134045504,19,TRUE
"PRT_NER",-0.0672025794099458,22,TRUE
"PRT_NGA",-0.156763197431731,23,TRUE
"PRT_NPL",-0.927026417584592,15,TRUE
"PRT_OMN",-0.17593452967363,12,TRUE
"PRT_PAK",-0.0567024295872847,23,TRUE
"PRT_PHL",-0.365207683369544,9,TRUE
"PRT_PRK",-1.42164928638152,13,TRUE
"PRT_PRY",-0.174436094706018,12,TRUE
"PRT_QAT",-0.26601782136195,19,TRUE
"PRT_RUS",0.0696012419969367,12,TRUE
"PRT_RWA",-0.935366381029928,19,TRUE
"PRT_SAU",0.0776978708799698,7,TRUE
"PRT_SDN",0.262522769800667,7,TRUE
"PRT_SEN",-0.132332085781351,22,TRUE
"PRT_SLE",-0.203406994606786,7,TRUE
"PRT_SOM",-0.804892228818527,23,TRUE
"PRT_STP",-0.11069749265535,26,TRUE
"PRT_TCD",-1.69332508636617,6,TRUE
"PRT_TGO",-0.427460204094019,8,TRUE
"PRT_THA",-0.0421715418547144,8,TRUE
"PRT_TLS",-0.0899660674101078,10,TRUE
"PRT_TWN",-0.0194056272461659,25,TRUE
"PRT_TZA",-0.592498424410087,20,TRUE
"PRT_UGA",-0.253633592286481,25,TRUE
"PRT_URY",-0.0652610090440982,12,TRUE
"PRT_USA",-0.00270500048390273,6,TRUE
"PRT_UZB",-0.342597435901125,6,TRUE
"PRT_VEN",-0.438532160104807,24,TRUE
"PRT_VNM",-0.210267160762751,14,TRUE
"PRT_YEM",-0.571435211242847,23,TRUE
"PRY_ABW",-0.319849373612671,6,TRUE
"PRY_AGO",-0.0376359294483575,13,TRUE
"PRY_ALB",-0.478859325348994,5,TRUE
"PRY_ARE",-0.0674806692014198,8,TRUE
"PRY_AUS",-0.109601945038171,12,TRUE
"PRY_AUT",-0.901768432436622,24,TRUE
"PRY_BEL",-0.401089099361948,8,TRUE
"PRY_BGR",-1.4977683532485,14,TRUE
"PRY_BHR",0.222805691410502,6,TRUE
"PRY_BHS",-7.33969858274795,13,TRUE
"PRY_BIH",-1.9069885404572,7,TRUE
"PRY_BLR",-1.51362537661695,9,TRUE
"PRY_BLZ",-1.13651063383262,4,TRUE
"PRY_CAN",-0.280615687386993,8,TRUE
"PRY_CHE",0.22085990687163,25,TRUE
"PRY_CHN",-0.918567047797942,5,TRUE
"PRY_CIV",-1.00683933818585,5,TRUE
"PRY_COG",-0.386522498425098,6,TRUE
"PRY_CPV",-1.2409159745448,5,TRUE
"PRY_CRI",0.308439544741311,7,TRUE
"PRY_CYP",-1.50516190762542,8,TRUE
"PRY_CZE",-0.403031415358551,16,TRUE
"PRY_DEU",0.0293927180174973,16,TRUE
"PRY_DNK",-0.264041875687487,10,TRUE
"PRY_DOM",-0.309880963120968,19,TRUE
"PRY_ESP",-0.239142078891064,24,TRUE
"PRY_FIN",-1.12987740584184,15,TRUE
"PRY_FRA",-0.284584442690178,14,TRUE
"PRY_GAB",0.719026348317536,5,TRUE
"PRY_GHA",-0.114921849060264,14,TRUE
"PRY_GMB",0.766139076027886,4,TRUE
"PRY_GNQ",0.129101826673136,8,TRUE
"PRY_GRC",0.197216982942076,15,TRUE
"PRY_GRL",-2.90442349745932,5,TRUE
"PRY_GTM",0.0635523760424035,5,TRUE
"PRY_HKG",-0.755107121288726,4,TRUE
"PRY_HND",-0.104000569392911,8,TRUE
"PRY_HRV",-1.77462200409708,9,TRUE
"PRY_HUN",-3.68171341161716,12,TRUE
"PRY_IDN",-0.0389661675526878,10,TRUE
"PRY_IRL",-1.25366362458214,10,TRUE
"PRY_IRN",0.143478732903574,4,TRUE
"PRY_ISL",-1.16510124330555,20,TRUE
"PRY_ITA",0.0469911906747373,8,TRUE
"PRY_JAM",-1.7503421084985,13,TRUE
"PRY_JOR",-1.02354145268793,7,TRUE
"PRY_JPN",-0.203361280278964,17,TRUE
"PRY_KWT",0.371796046558907,7,TRUE
"PRY_LBN",0.0873045839879113,17,TRUE
"PRY_LBY",-0.331044558521596,4,TRUE
"PRY_LTU",-3.85724852854225,14,TRUE
"PRY_LUX",-0.254036492511891,6,TRUE
"PRY_LVA",-0.508440485938418,8,TRUE
"PRY_MAC",-1.79637013029737,7,TRUE
"PRY_MAR",-0.759950172915156,12,TRUE
"PRY_MDG",-1.10305888776708,4,TRUE
"PRY_MKD",-1.21023254236784,5,TRUE
"PRY_MLT",-1.67826348009174,6,TRUE
"PRY_MOZ",-0.672900972117729,13,TRUE
"PRY_MUS",-0.239469285201992,6,TRUE
"PRY_MYS",-0.431681569128237,13,TRUE
"PRY_NCL",-0.148142818323261,4,TRUE
"PRY_NIC",-0.203435031188187,17,TRUE
"PRY_NLD",-0.346886716715832,16,TRUE
"PRY_NOR",-1.68716410481774,11,TRUE
"PRY_NZL",-0.30942330619212,22,TRUE
"PRY_POL",-1.65324376069974,22,TRUE
"PRY_PRT",0.0486002831567577,10,TRUE
"PRY_PSE",-1.20943998851173,11,TRUE
"PRY_PYF",-4.85151596021496,11,TRUE
"PRY_RUS",0.0463417122025136,14,TRUE
"PRY_SAU",-0.312298403120763,17,TRUE
"PRY_SEN",-0.140162729324156,11,TRUE
"PRY_SGP",-0.728841868649095,25,TRUE
"PRY_SLV",-0.31690333715296,5,TRUE
"PRY_SUR",-0.963069452028449,5,TRUE
"PRY_SVN",-3.37795387585337,7,TRUE
"PRY_SWE",-0.972789642873647,20,TRUE
"PRY_THA",0.0682882262579484,4,TRUE
"PRY_TTO",-0.644627176447702,6,TRUE
"PRY_TWN",-0.713485635646862,12,TRUE
"PRY_UKR",-1.08119855707425,4,TRUE
"PRY_USA",-0.111662631764253,7,TRUE
"PRY_VNM",0.0520695785496557,9,TRUE
"PRY_ZWE",0.34245178710607,4,TRUE
"PSE_BRA",0.595161216838441,4,TRUE
"PSE_CAN",-0.801354978174579,4,TRUE
"PSE_CHN",-0.143177729225044,12,TRUE
"PSE_COL",-2.24233326695784,6,TRUE
"PSE_IDN",-1.28129490631412,9,TRUE
"PSE_ISR",-0.00204021804650334,4,TRUE
"PSE_JPN",0.627199279660376,5,TRUE
"PSE_KAZ",-1.84400804335603,5,TRUE
"PSE_KOR",-0.409515263597574,4,TRUE
"PSE_MYS",0.410945883472341,6,TRUE
"PSE_RUS",-0.427751408879532,4,TRUE
"PSE_UKR",-0.590376811261876,6,TRUE
"PSE_USA",-0.0090716584315617,14,TRUE
"PYF_ARE",-1.78276343058153,5,TRUE
"PYF_ASM",0.314140172323005,10,TRUE
"PYF_AUS",0.0272817674209814,13,TRUE
"PYF_CAN",0.152640919898515,7,TRUE
"PYF_CHE",-1.44117992567847,9,TRUE
"PYF_CHL",0.881221103708713,13,TRUE
"PYF_CHN",-0.569622711053298,22,TRUE
"PYF_COK",0.454280899637313,4,TRUE
"PYF_CRI",0.162153847843801,8,TRUE
"PYF_DOM",-1.20257824800182,8,TRUE
"PYF_FJI",-0.624704517998245,9,TRUE
"PYF_HKG",-2.84353133649825,8,TRUE
"PYF_IDN",-1.65281021082712,17,TRUE
"PYF_IND",0.0426601858118614,6,TRUE
"PYF_KOR",-0.356161969204956,16,TRUE
"PYF_LBN",-1.39759521675811,4,TRUE
"PYF_MDG",0.0464734900503952,13,TRUE
"PYF_MEX",-2.66971671857111,7,TRUE
"PYF_MUS",-2.42772511455226,7,TRUE
"PYF_MYS",-1.89205695553729,17,TRUE
"PYF_NCL",-0.496574933131986,16,TRUE
"PYF_NGA",-1.91835403140021,5,TRUE
"PYF_NOR",1.35300563179032,7,TRUE
"PYF_NZL",0.300418096266342,16,TRUE
"PYF_PHL",-2.24554825553072,6,TRUE
"PYF_RUS",-1.48323367863367,13,TRUE
"PYF_SGP",-0.220079191555776,6,TRUE
"PYF_SRB",-1.2795217761988,7,TRUE
"PYF_THA",-0.337678032296551,16,TRUE
"PYF_TON",-0.338651139377966,8,TRUE
"PYF_TUN",-1.17841675546462,14,TRUE
"PYF_TWN",0.283740424896013,8,TRUE
"PYF_USA",0.376355198162576,6,TRUE
"PYF_VNM",-0.457462335065231,7,TRUE
"PYF_VUT",1.61047353468155,5,TRUE
"PYF_WLF",0.74758069903709,12,TRUE
"PYF_WSM",-2.63043805584901,12,TRUE
"PYF_ZAF",-1.27936782844791,5,TRUE
"QAT_AGO",0.903117550817145,4,TRUE
"QAT_ARG",-0.0854413605612484,10,TRUE
"QAT_ARM",-0.000130821791482028,5,TRUE
"QAT_AUS",0.348702733789474,26,TRUE
"QAT_AUT",0.489030359543199,5,TRUE
"QAT_AZE",-2.44788307394473,7,TRUE
"QAT_BEL",0.113848597111015,11,TRUE
"QAT_BEN",-4.66599306469316,5,TRUE
"QAT_BFA",-0.556874917793043,7,TRUE
"QAT_BGD",-2.44026665931702,7,TRUE
"QAT_BGR",-0.384082607988211,11,TRUE
"QAT_BIH",0.287613046871557,8,TRUE
"QAT_BLR",0.748140133586283,4,TRUE
"QAT_BRA",-1.18353602684632,17,TRUE
"QAT_BRN",-2.57650250195272,4,TRUE
"QAT_CAN",-0.549828453229122,12,TRUE
"QAT_CHL",-1.61391947405009,13,TRUE
"QAT_CHN",-0.184242461205874,21,TRUE
"QAT_CIV",0.129242921884483,9,TRUE
"QAT_CMR",0.154035218862938,5,TRUE
"QAT_COL",-0.41872892522387,16,TRUE
"QAT_CRI",0.859671961711753,5,TRUE
"QAT_CYP",-0.672338373919503,9,TRUE
"QAT_CZE",-0.541416756149967,11,TRUE
"QAT_DEU",0.370721032418777,7,TRUE
"QAT_DNK",-1.91843441838154,18,TRUE
"QAT_ESP",0.0742120735833814,17,TRUE
"QAT_EST",-2.41482270973814,6,TRUE
"QAT_ETH",-0.273707485650561,14,TRUE
"QAT_FIN",0.0874980828919185,5,TRUE
"QAT_FJI",0.473233624009726,4,TRUE
"QAT_FRA",-0.207909075336769,13,TRUE
"QAT_GBR",-0.538170398340557,16,TRUE
"QAT_GHA",0.138644525040591,8,TRUE
"QAT_GRC",-0.000799643364687265,7,TRUE
"QAT_GTM",0.508704935895965,5,TRUE
"QAT_HKG",-0.532833143711182,16,TRUE
"QAT_HRV",-0.258517888365494,5,TRUE
"QAT_IDN",0.235603657233016,7,TRUE
"QAT_IND",-0.0887762861755989,15,TRUE
"QAT_IRL",-0.499261044206973,6,TRUE
"QAT_IRN",-1.62298869101908,9,TRUE
"QAT_ISR",-0.558120801350311,6,TRUE
"QAT_ITA",-0.416504917287995,14,TRUE
"QAT_JAM",0.122218236397403,4,TRUE
"QAT_JPN",0.00619421407108653,20,TRUE
"QAT_KAZ",-0.774924007881063,10,TRUE
"QAT_KEN",-0.539174590209842,16,TRUE
"QAT_KNA",-0.602419644157625,4,TRUE
"QAT_KOR",-0.0418515456404902,25,TRUE
"QAT_LKA",-0.0328796215636043,13,TRUE
"QAT_LTU",1.18601730567236,4,TRUE
"QAT_LUX",-1.69843922928546,10,TRUE
"QAT_MDG",-0.798642327688833,12,TRUE
"QAT_MDV",-0.121543267593656,6,TRUE
"QAT_MEX",-2.22712564591524,4,TRUE
"QAT_MKD",-0.154471221269332,10,TRUE
"QAT_MLI",-0.284979812144066,11,TRUE
"QAT_MLT",-0.181581745100937,4,TRUE
"QAT_MMR",-3.57671317193748,4,TRUE
"QAT_MOZ",-1.39437018493962,14,TRUE
"QAT_MRT",-0.365459480001939,9,TRUE
"QAT_MUS",-0.732293338359832,12,TRUE
"QAT_MWI",-0.382618803072434,9,TRUE
"QAT_MYS",0.0358431775210317,12,TRUE
"QAT_NGA",0.252821583556727,8,TRUE
"QAT_NIC",-1.12498182960778,4,TRUE
"QAT_NLD",0.0685153125023603,10,TRUE
"QAT_NPL",-0.667525643591511,8,TRUE
"QAT_NZL",-0.174621262967497,17,TRUE
"QAT_PAK",-0.479280090166598,19,TRUE
"QAT_PER",0.0727784166492755,9,TRUE
"QAT_PHL",-0.129411892709533,12,TRUE
"QAT_POL",-1.14846458971294,9,TRUE
"QAT_PRT",-0.900372415419535,14,TRUE
"QAT_ROU",0.13603183657479,9,TRUE
"QAT_RUS",0.0295123256091269,9,TRUE
"QAT_RWA",0.17910188369033,5,TRUE
"QAT_SEN",-0.495357404970259,12,TRUE
"QAT_SLV",-3.81279227778489,4,TRUE
"QAT_SVK",-0.328927521799127,7,TRUE
"QAT_SVN",-0.720973208979458,10,TRUE
"QAT_SWE",-0.502943182575002,13,TRUE
"QAT_SWZ",-2.43529912343914,5,TRUE
"QAT_SYC",-4.98131657418882,9,TRUE
"QAT_TGO",0.0952663198635087,7,TRUE
"QAT_TUR",-0.503735611780876,23,TRUE
"QAT_TWN",0.137876826093671,9,TRUE
"QAT_TZA",-0.246961906656417,11,TRUE
"QAT_UGA",0.0976865591100534,8,TRUE
"QAT_UKR",0.146228048731124,11,TRUE
"QAT_URY",0.617961215922421,5,TRUE
"QAT_USA",-0.0500047725959189,11,TRUE
"QAT_VEN",-1.84553447041843,9,TRUE
"QAT_VNM",-0.0851649225133441,7,TRUE
"QAT_ZAF",-0.0234105268000474,10,TRUE
"QAT_ZMB",-1.63581831848902,7,TRUE
"QAT_ZWE",-2.4576471685382,11,TRUE
"REU_CHE",-1.80531737814974,5,TRUE
"REU_JPN",-0.195004664405202,4,TRUE
"REU_USA",-0.759869989719773,6,TRUE
"ROU_AFG",-1.51230745345075,7,TRUE
"ROU_AGO",-0.69256030469134,13,TRUE
"ROU_ARE",-0.248904527055892,4,TRUE
"ROU_AUS",-0.297893176089155,23,TRUE
"ROU_AZE",0.0115068770021579,10,TRUE
"ROU_BDI",-1.98099219073193,8,TRUE
"ROU_BHR",-0.146485389932127,15,TRUE
"ROU_BLR",-0.00215162078528968,15,TRUE
"ROU_BRN",-0.251042783266546,8,TRUE
"ROU_CAF",-0.888339110054493,7,TRUE
"ROU_CHN",-0.237949698741634,13,TRUE
"ROU_COD",-0.598807811547369,7,TRUE
"ROU_COG",-1.1214828369658,14,TRUE
"ROU_COM",-1.73325405341794,13,TRUE
"ROU_CPV",-2.28585715044924,16,TRUE
"ROU_ETH",-0.728616961148196,11,TRUE
"ROU_GAB",-0.382997882616653,20,TRUE
"ROU_GIB",-0.597914339721416,7,TRUE
"ROU_GMB",-3.40286335607252,8,TRUE
"ROU_GNQ",-0.805594081323751,8,TRUE
"ROU_HKG",-0.0271313466445126,11,TRUE
"ROU_KEN",0.0298751753336141,17,TRUE
"ROU_KGZ",-0.361927750644357,8,TRUE
"ROU_KHM",-1.17473257600092,10,TRUE
"ROU_KWT",-0.0120427310274609,17,TRUE
"ROU_LBR",-2.76169648065946,6,TRUE
"ROU_MAC",-1.33517444902832,7,TRUE
"ROU_MDV",-0.42982342936532,5,TRUE
"ROU_MHL",-2.82744157232182,13,TRUE
"ROU_MLI",-0.489727859005708,12,TRUE
"ROU_MNG",-0.463890918676489,14,TRUE
"ROU_MRT",-0.906203896820024,19,TRUE
"ROU_MWI",-1.7234895858611,13,TRUE
"ROU_NER",-1.74146677905482,6,TRUE
"ROU_NZL",0.105579221808535,8,TRUE
"ROU_OMN",-0.113997652685017,17,TRUE
"ROU_QAT",-0.126637190199954,18,TRUE
"ROU_RUS",-0.0831429661586298,4,TRUE
"ROU_RWA",-0.492397600331049,16,TRUE
"ROU_SAU",-0.153145077942278,5,TRUE
"ROU_SEN",-0.145201933698434,13,TRUE
"ROU_SLE",-1.1931440035979,5,TRUE
"ROU_TGO",-2.10070903006822,15,TRUE
"ROU_TJK",-1.0166739322444,7,TRUE
"ROU_TKM",-0.712451196087669,7,TRUE
"ROU_TWN",-0.0632586884478313,17,TRUE
"ROU_UGA",-0.565119316786585,10,TRUE
"ROU_USA",0.0747797650144319,5,TRUE
"ROU_UZB",-0.658816533216014,10,TRUE
"ROU_YEM",-0.745870589394171,13,TRUE
"ROU_ZMB",-1.07310488357077,16,TRUE
"RUS_ABW",-2.06466232989569,4,TRUE
"RUS_AFG",-0.104130469069724,15,TRUE
"RUS_AGO",-0.240779673630687,14,TRUE
"RUS_AIA",-0.206623431219884,7,TRUE
"RUS_ALB",-0.0428409283054015,15,TRUE
"RUS_AND",-2.84927603231049,6,TRUE
"RUS_ANT",-0.516799100582235,5,TRUE
"RUS_ARE",-0.13360391843585,18,TRUE
"RUS_ARG",-0.0488431445947175,9,TRUE
"RUS_ATG",-3.18577124257106,4,TRUE
"RUS_AUS",-0.327753529571113,20,TRUE
"RUS_AUT",0.0255047933720046,19,TRUE
"RUS_BEL",0.26828807441842,8,TRUE
"RUS_BEN",0.260711693078547,6,TRUE
"RUS_BFA",-0.185871307145599,8,TRUE
"RUS_BGD",0.300417513022737,5,TRUE
"RUS_BGR",-0.100249961753913,17,TRUE
"RUS_BHR",-0.278273800503282,10,TRUE
"RUS_BHS",-0.942365195620806,12,TRUE
"RUS_BIH",0.071794218553607,11,TRUE
"RUS_BLZ",0.0145827319874115,17,TRUE
"RUS_BMU",-1.59624573659895,7,TRUE
"RUS_BOL",-0.866298418014577,18,TRUE
"RUS_BRA",0.0248850852228095,19,TRUE
"RUS_BRB",-2.8786753462371,8,TRUE
"RUS_BRN",0.30201585439051,6,TRUE
"RUS_BWA",0.407909714145953,6,TRUE
"RUS_CAF",-0.341165251089337,7,TRUE
"RUS_CAN",-0.0605655447800277,19,TRUE
"RUS_CHE",-0.1578953024797,15,TRUE
"RUS_CHN",-0.0450318354904875,7,TRUE
"RUS_CIV",-0.501257295482516,13,TRUE
"RUS_CMR",-0.195431581582997,18,TRUE
"RUS_COD",0.0589951577918267,6,TRUE
"RUS_COG",0.134728110173473,7,TRUE
"RUS_COL",-0.00426291855378969,21,TRUE
"RUS_CPV",-2.17602038177909,13,TRUE
"RUS_CRI",0.0785820525853713,9,TRUE
"RUS_CUB",-0.262651591443459,18,TRUE
"RUS_CYM",-0.680493790720383,11,TRUE
"RUS_CYP",-0.127168911744335,19,TRUE
"RUS_CZE",-0.283859377461376,7,TRUE
"RUS_DEU",-0.0160746441989868,19,TRUE
"RUS_DJI",-0.404671958594082,4,TRUE
"RUS_DMA",-0.396288532145988,4,TRUE
"RUS_DNK",-0.0663923605574875,11,TRUE
"RUS_DOM",-0.305029953924851,11,TRUE
"RUS_DZA",0.109475888699403,9,TRUE
"RUS_ECU",-0.150127303707601,12,TRUE
"RUS_EGY",0.17584191487579,6,TRUE
"RUS_ERI",-2.76710184376873,7,TRUE
"RUS_ESP",-0.0422825433658806,19,TRUE
"RUS_EST",-0.00940390169132527,19,TRUE
"RUS_ETH",-0.452560787604835,8,TRUE
"RUS_FIN",-0.00833818004304631,22,TRUE
"RUS_FJI",-1.52932497829413,5,TRUE
"RUS_FRA",-0.218461751237458,5,TRUE
"RUS_FRO",-0.540550549792017,16,TRUE
"RUS_GAB",0.643522189646065,4,TRUE
"RUS_GBR",0.0116061783530136,16,TRUE
"RUS_GHA",-0.142766124649472,16,TRUE
"RUS_GIB",-0.491724259306212,8,TRUE
"RUS_GIN",-0.157581195324804,15,TRUE
"RUS_GMB",-1.53025276447304,14,TRUE
"RUS_GNQ",-0.0595453480853717,10,TRUE
"RUS_GRC",0.0411132089152564,15,TRUE
"RUS_GRD",-2.45112347703027,14,TRUE
"RUS_GRL",-3.43160081403003,6,TRUE
"RUS_GUY",-0.648038272012801,17,TRUE
"RUS_HND",-0.150608382806989,20,TRUE
"RUS_HRV",-0.222101557536523,14,TRUE
"RUS_HTI",-0.136349743549469,14,TRUE
"RUS_HUN",-0.128600830529286,20,TRUE
"RUS_IDN",0.0355330883716101,12,TRUE
"RUS_IND",0.0481415751583464,7,TRUE
"RUS_IRL",-0.160651155756806,11,TRUE
"RUS_IRQ",-0.101737114608725,17,TRUE
"RUS_ISL",-0.0495120888676585,20,TRUE
"RUS_ISR",-0.0346615060084001,19,TRUE
"RUS_ITA",0.106570830724068,4,TRUE
"RUS_JAM",-0.0285629518371307,5,TRUE
"RUS_JOR",-0.144786283902609,8,TRUE
"RUS_JPN",-0.0248362212303591,17,TRUE
"RUS_KEN",0.49003427191552,4,TRUE
"RUS_KHM",-0.670920022044844,6,TRUE
"RUS_KNA",-0.15061719971154,14,TRUE
"RUS_KOR",-0.0429901340344716,17,TRUE
"RUS_KWT",-0.380928630893869,20,TRUE
"RUS_LAO",-0.137821989686174,9,TRUE
"RUS_LBR",-0.173787778212632,17,TRUE
"RUS_LBY",-0.0423001287898292,18,TRUE
"RUS_LCA",-3.84750293495592,14,TRUE
"RUS_LKA",-0.140037946675759,12,TRUE
"RUS_LUX",-0.423235758562847,15,TRUE
"RUS_LVA",-0.0417269185175426,9,TRUE
"RUS_MAC",-0.844130229532757,21,TRUE
"RUS_MAR",-0.0573947545852457,9,TRUE
"RUS_MDG",-0.623542819758599,17,TRUE
"RUS_MDV",-0.185918337785707,11,TRUE
"RUS_MEX",-0.0992393572525941,15,TRUE
"RUS_MHL",-0.128485105022989,4,TRUE
"RUS_MKD",-0.999781687917542,4,TRUE
"RUS_MLI",-0.051315897242575,6,TRUE
"RUS_MLT",0.149398645976152,9,TRUE
"RUS_MMR",-8.75483883848596e-05,17,TRUE
"RUS_MNE",-1.23819062786702,8,TRUE
"RUS_MNG",0.0408508647483707,16,TRUE
"RUS_MOZ",0.33393539225509,7,TRUE
"RUS_MRT",-0.402000325907182,11,TRUE
"RUS_MUS",-0.0614717976273601,13,TRUE
"RUS_MYS",-0.136498244582314,21,TRUE
"RUS_MYT",-0.812972463222959,7,TRUE
"RUS_NAM",-0.47198004160492,13,TRUE
"RUS_NER",-0.301158345363024,19,TRUE
"RUS_NGA",0.53292032851012,6,TRUE
"RUS_NIC",0.00977292164423611,21,TRUE
"RUS_NLD",-0.128518342376551,22,TRUE
"RUS_NOR",-0.140839249165602,9,TRUE
"RUS_NPL",-0.203700840916499,6,TRUE
"RUS_NZL",0.0114630897754836,8,TRUE
"RUS_OMN",0.0927491673941139,12,TRUE
"RUS_PAK",-0.273743598803401,8,TRUE
"RUS_PAN",-0.0632382383444532,13,TRUE
"RUS_PER",0.207075483492343,7,TRUE
"RUS_PHL",0.0462555271135062,9,TRUE
"RUS_PLW",-2.8835235043183,5,TRUE
"RUS_PNG",-0.486987367587505,18,TRUE
"RUS_POL",-0.202441289413495,6,TRUE
"RUS_PRK",0.191342847938713,11,TRUE
"RUS_PRT",-0.0712852446049289,22,TRUE
"RUS_PRY",-1.22541214022412,16,TRUE
"RUS_PSE",0.101192418410433,5,TRUE
"RUS_PYF",-0.062207238610896,10,TRUE
"RUS_QAT",0.516572376106946,5,TRUE
"RUS_ROU",-0.163831815692052,6,TRUE
"RUS_RWA",0.0407269707398915,7,TRUE
"RUS_SAU",-0.0134768178827686,19,TRUE
"RUS_SDN",-0.323035981780798,19,TRUE
"RUS_SEN",-0.3180458641101,15,TRUE
"RUS_SGP",0.197168794866288,11,TRUE
"RUS_SLB",-4.0709799174667,5,TRUE
"RUS_SLE",-0.99517652933177,15,TRUE
"RUS_SLV",-0.391219345853104,14,TRUE
"RUS_SOM",0.0138696942755325,6,TRUE
"RUS_SUR",0.296154190262676,6,TRUE
"RUS_SVK",-0.269714448360273,5,TRUE
"RUS_SVN",0.0397435587832908,19,TRUE
"RUS_SWE",0.0752803780792379,8,TRUE
"RUS_SYC",-0.373051615079624,6,TRUE
"RUS_SYR",-0.311087951366862,12,TRUE
"RUS_TCA",-1.89973370251177,5,TRUE
"RUS_TGO",-0.461712323383474,13,TRUE
"RUS_THA",-0.125781642573206,21,TRUE
"RUS_TTO",0.083773234638648,12,TRUE
"RUS_TUN",-0.279933223154152,7,TRUE
"RUS_TWN",0.0681118756321619,22,TRUE
"RUS_TZA",0.117501739253467,7,TRUE
"RUS_UGA",0.136328567031541,10,TRUE
"RUS_URY",-0.307624384836342,17,TRUE
"RUS_VCT",-1.38704202209849,4,TRUE
"RUS_VEN",-0.000803669819142231,15,TRUE
"RUS_VGB",-0.618294453206523,8,TRUE
"RUS_YEM",0.430517303500211,9,TRUE
"RUS_ZAF",0.336685719096875,4,TRUE
"RUS_ZMB",0.160885449255625,6,TRUE
"RUS_ZWE",0.816621180377828,4,TRUE
"RWA_ARE",-1.86867963234205,13,TRUE
"RWA_AUT",-1.9684731714544,15,TRUE
"RWA_BEL",0.0352198178296844,12,TRUE
"RWA_BEN",-0.510172557034733,9,TRUE
"RWA_BFA",-3.3549304178372,6,TRUE
"RWA_BHR",-3.87891013639625,4,TRUE
"RWA_CAN",0.123794600100125,6,TRUE
"RWA_CHE",-0.196329934727899,4,TRUE
"RWA_CHN",-0.263158882611066,7,TRUE
"RWA_CIV",-0.752881938348435,5,TRUE
"RWA_COG",-0.716186659116561,8,TRUE
"RWA_CZE",-1.4205849340134,20,TRUE
"RWA_DEU",-0.58114147379355,11,TRUE
"RWA_DNK",-1.62869535808157,8,TRUE
"RWA_ESP",-1.03859117026885,18,TRUE
"RWA_FIN",-0.226537201706241,13,TRUE
"RWA_FRA",-1.1076656365467,7,TRUE
"RWA_GBR",-0.0941619248849358,24,TRUE
"RWA_GHA",-0.357639294085745,5,TRUE
"RWA_GRC",-1.20149425000765,16,TRUE
"RWA_HKG",-1.39550918969774,7,TRUE
"RWA_HRV",-3.0365902340199,5,TRUE
"RWA_HUN",-2.36667138286098,9,TRUE
"RWA_IDN",-6.18725589306181,4,TRUE
"RWA_IND",0.0113423268381679,4,TRUE
"RWA_IRL",-2.05094522505625,6,TRUE
"RWA_ISR",-2.02682927560334,4,TRUE
"RWA_ITA",-0.0734376993932001,4,TRUE
"RWA_JPN",0.35580000161414,9,TRUE
"RWA_KOR",0.323635959897668,7,TRUE
"RWA_LKA",-0.0328720534109265,4,TRUE
"RWA_LUX",0.0815643412128404,4,TRUE
"RWA_MEX",-1.28173802105469,7,TRUE
"RWA_MLI",-0.748414379331752,8,TRUE
"RWA_MYS",-0.380020845582233,15,TRUE
"RWA_NGA",-1.39302961300009,6,TRUE
"RWA_NLD",-1.73229647636584,10,TRUE
"RWA_NOR",0.0131262835641109,7,TRUE
"RWA_PAK",-0.0215985901042238,22,TRUE
"RWA_POL",-0.161199749050096,10,TRUE
"RWA_PRT",-1.25902940381841,20,TRUE
"RWA_ROU",-1.1425538119506,10,TRUE
"RWA_RUS",-0.0474870184104822,7,TRUE
"RWA_SAU",-0.314832888237058,4,TRUE
"RWA_SEN",-1.79970499253947,4,TRUE
"RWA_SGP",0.492633357866369,4,TRUE
"RWA_SVK",-0.589510346228614,6,TRUE
"RWA_SVN",-3.11375305915615,13,TRUE
"RWA_SWE",-0.140649610299712,8,TRUE
"RWA_THA",-0.667536918770629,15,TRUE
"RWA_TWN",0.125050174316236,9,TRUE
"RWA_UKR",-0.306729535184023,6,TRUE
"RWA_USA",0.169706958630917,14,TRUE
"RWA_ZAF",-0.879810198998868,6,TRUE
"SAU_AFG",-0.926914790037119,8,TRUE
"SAU_AGO",0.344843143290824,8,TRUE
"SAU_ALB",0.112366307347855,7,TRUE
"SAU_ARG",0.0717530273920785,10,TRUE
"SAU_ARM",0.26018115725618,5,TRUE
"SAU_AUS",0.0403633885894298,24,TRUE
"SAU_AUT",-0.287731017847003,17,TRUE
"SAU_AZE",-0.280556985009488,18,TRUE
"SAU_BDI",0.0589164878336849,6,TRUE
"SAU_BEL",0.236361274047844,9,TRUE
"SAU_BEN",-0.253543203667653,4,TRUE
"SAU_BFA",0.208330682458044,6,TRUE
"SAU_BGD",-0.073432709230775,14,TRUE
"SAU_BGR",0.771939925207743,5,TRUE
"SAU_BIH",0.424772599038086,5,TRUE
"SAU_BOL",-0.905395170120699,7,TRUE
"SAU_BRB",-1.09235673463055,17,TRUE
"SAU_BRN",-0.0653693139136054,8,TRUE
"SAU_BWA",-2.39614411947193,8,TRUE
"SAU_CAF",-1.57252248358427,8,TRUE
"SAU_CAN",-0.0534088506244137,25,TRUE
"SAU_CHL",0.282588260200822,11,TRUE
"SAU_CHN",0.0248345564076198,6,TRUE
"SAU_CIV",-0.116230065632019,23,TRUE
"SAU_CMR",-0.137805857934361,8,TRUE
"SAU_COD",-0.121208853975941,9,TRUE
"SAU_COG",0.544020322194746,5,TRUE
"SAU_COL",-0.6304241958488,21,TRUE
"SAU_COM",0.0343957638034573,7,TRUE
"SAU_CPV",-2.03862590402522,4,TRUE
"SAU_CRI",-0.486488799357575,15,TRUE
"SAU_CUB",-0.359650917142671,6,TRUE
"SAU_CYP",-0.439769248046665,7,TRUE
"SAU_DEU",-0.0678141179113093,24,TRUE
"SAU_DJI",0.0551478952849926,4,TRUE
"SAU_DNK",0.0150120565375363,6,TRUE
"SAU_DOM",0.801432856180744,5,TRUE
"SAU_ESP",0.118410151872733,11,TRUE
"SAU_EST",0.371909391605343,11,TRUE
"SAU_ETH",-0.756666391275338,6,TRUE
"SAU_FIN",-0.93836119782201,19,TRUE
"SAU_FJI",-1.78185098654472,6,TRUE
"SAU_FRA",0.277345125842347,5,TRUE
"SAU_FRO",-1.39129935050987,6,TRUE
"SAU_FSM",-0.0631067594161441,6,TRUE
"SAU_GAB",-0.799516024280469,20,TRUE
"SAU_GBR",0.284721932044923,4,TRUE
"SAU_GHA",-0.000575284703391009,13,TRUE
"SAU_GIN",-0.31500266168001,21,TRUE
"SAU_GMB",-0.1282303206691,7,TRUE
"SAU_GNB",0.228706932014985,7,TRUE
"SAU_GRC",-0.0882823165721913,12,TRUE
"SAU_GRD",-0.388637600519813,4,TRUE
"SAU_GTM",-0.02689744334966,13,TRUE
"SAU_GUY",-0.417673793198647,11,TRUE
"SAU_HKG",0.00368026277236394,17,TRUE
"SAU_HND",0.322267393981889,5,TRUE
"SAU_HRV",0.0726981275587957,15,TRUE
"SAU_HTI",0.495590360360903,6,TRUE
"SAU_HUN",0.0526038258534274,9,TRUE
"SAU_IDN",0.060215978667639,14,TRUE
"SAU_IND",-0.151243366295445,16,TRUE
"SAU_IRL",-0.510864402575527,11,TRUE
"SAU_IRN",-1.9645015070674,9,TRUE
"SAU_ITA",0.0183290765278836,23,TRUE
"SAU_JAM",0.722833495791382,4,TRUE
"SAU_JPN",-0.0157966319905277,12,TRUE
"SAU_KAZ",0.274352213570904,9,TRUE
"SAU_KEN",-0.105944940115184,17,TRUE
"SAU_KGZ",-0.170480510146932,12,TRUE
"SAU_KHM",0.23640825226446,6,TRUE
"SAU_KOR",-0.0482759417257321,6,TRUE
"SAU_LBR",0.976916799506857,7,TRUE
"SAU_LCA",-0.631619677630504,12,TRUE
"SAU_LKA",-0.0822570712787835,15,TRUE
"SAU_LUX",-0.559955528804948,8,TRUE
"SAU_LVA",-0.725521576550115,7,TRUE
"SAU_MAC",-0.183228999586072,9,TRUE
"SAU_MDA",0.4946768755992,6,TRUE
"SAU_MDG",-0.577447513034821,24,TRUE
"SAU_MDV",-0.0143991578541672,6,TRUE
"SAU_MKD",0.735841174651372,7,TRUE
"SAU_MLI",-0.215176519609149,12,TRUE
"SAU_MLT",-0.705890438389635,22,TRUE
"SAU_MMR",0.391774218408254,5,TRUE
"SAU_MNE",-0.224856742332321,8,TRUE
"SAU_MNG",-0.0538671004971207,7,TRUE
"SAU_MOZ",-0.17208592514157,6,TRUE
"SAU_MRT",-0.0112439598694114,5,TRUE
"SAU_MUS",-1.20206391274671,10,TRUE
"SAU_MWI",0.110648525817343,6,TRUE
"SAU_MYT",-0.4035694403163,4,TRUE
"SAU_NAM",0.430873978086079,5,TRUE
"SAU_NCL",-0.963786426005512,5,TRUE
"SAU_NER",-0.194024959634842,17,TRUE
"SAU_NGA",0.353499780542114,7,TRUE
"SAU_NLD",-0.308196164030007,14,TRUE
"SAU_NPL",0.134967938183814,6,TRUE
"SAU_NZL",-0.259707321625781,13,TRUE
"SAU_PAK",0.117882215608978,17,TRUE
"SAU_PAN",-2.47996421445468,16,TRUE
"SAU_PER",0.352468153520161,9,TRUE
"SAU_PHL",-0.0361221120513866,18,TRUE
"SAU_POL",0.236107664970502,6,TRUE
"SAU_PRK",-2.78967593197656,5,TRUE
"SAU_PRT",-0.0327115402065257,16,TRUE
"SAU_PRY",-0.0521622008624731,10,TRUE
"SAU_PYF",-1.6755234591288,13,TRUE
"SAU_ROU",-1.79287812380608,6,TRUE
"SAU_RUS",0.688592421070957,4,TRUE
"SAU_RWA",-0.446283297547088,18,TRUE
"SAU_SEN",0.4109921669802,5,TRUE
"SAU_SLE",0.214020611069617,7,TRUE
"SAU_SLV",-0.664324480080895,11,TRUE
"SAU_SOM",-0.0472105953549681,11,TRUE
"SAU_STP",0.0401617409646036,12,TRUE
"SAU_SVK",0.678369075931752,4,TRUE
"SAU_SVN",0.0189127202661053,12,TRUE
"SAU_SWE",-0.369537062905541,11,TRUE
"SAU_SWZ",-0.87657465359944,4,TRUE
"SAU_SYC",-3.56307901335892,4,TRUE
"SAU_TCD",-0.21128157910129,13,TRUE
"SAU_TGO",-0.234202846794814,13,TRUE
"SAU_THA",-0.0324265333455681,23,TRUE
"SAU_TKM",-0.674870505819768,8,TRUE
"SAU_TTO",0.0767241091064321,18,TRUE
"SAU_TUR",-0.22451925069335,17,TRUE
"SAU_TWN",-0.21535963421687,9,TRUE
"SAU_TZA",0.0105105088927241,6,TRUE
"SAU_UGA",-0.259345876589591,17,TRUE
"SAU_URY",0.478604778664594,7,TRUE
"SAU_USA",-0.119824584387614,11,TRUE
"SAU_VCT",-4.27098840952371,9,TRUE
"SAU_VEN",-1.06833609632073,11,TRUE
"SAU_VNM",0.272679487117901,7,TRUE
"SAU_ZAF",0.0403436840639811,8,TRUE
"SAU_ZMB",-1.22379022929692,16,TRUE
"SAU_ZWE",-0.84887363673937,13,TRUE
"SDN_ABW",0.991670405306073,4,TRUE
"SDN_AUS",-0.868363366839399,9,TRUE
"SDN_AUT",-0.124678946179014,26,TRUE
"SDN_BEL",2.39501874484153,4,TRUE
"SDN_BGR",-2.066064390322,12,TRUE
"SDN_BIH",0.58005017469108,5,TRUE
"SDN_BLR",0.120715134487361,5,TRUE
"SDN_BRB",0.0603287521317212,14,TRUE
"SDN_CAN",-0.715564505831305,9,TRUE
"SDN_CHE",-0.640450746689171,16,TRUE
"SDN_CHN",-0.253162915505794,22,TRUE
"SDN_CYP",-1.85726908135283,13,TRUE
"SDN_CZE",-0.185592989170212,5,TRUE
"SDN_DEU",0.64849815594727,8,TRUE
"SDN_DNK",-2.38523498997681,21,TRUE
"SDN_DOM",1.822525891596,4,TRUE
"SDN_ESP",-0.195827249552656,23,TRUE
"SDN_FIN",-3.02121492033965,5,TRUE
"SDN_FJI",-0.281561549570745,5,TRUE
"SDN_FRA",1.05716625258248,10,TRUE
"SDN_GBR",-0.582264388537693,15,TRUE
"SDN_GRC",0.433358147519176,26,TRUE
"SDN_GRD",-1.29550453770417,5,TRUE
"SDN_GTM",0.37638316654659,6,TRUE
"SDN_HKG",-0.441599115417823,16,TRUE
"SDN_HRV",-2.8561788551332,6,TRUE
"SDN_HUN",-1.22227873822918,18,TRUE
"SDN_IRL",-0.761761078173052,11,TRUE
"SDN_ISL",0.761337061130131,8,TRUE
"SDN_ITA",-0.0479489800654227,24,TRUE
"SDN_JPN",-1.0696895053449,11,TRUE
"SDN_KAZ",-1.93045345169248,9,TRUE
"SDN_MKD",-1.37805840552133,14,TRUE
"SDN_MRT",-0.806747909764379,7,TRUE
"SDN_NCL",-3.24877295830508,5,TRUE
"SDN_NLD",-0.0114236804938159,18,TRUE
"SDN_NOR",-1.37706126910465,14,TRUE
"SDN_NZL",-1.32425570699602,13,TRUE
"SDN_POL",0.48952045502547,4,TRUE
"SDN_PRT",-2.39934300660654,13,TRUE
"SDN_RUS",-0.00767939610360648,16,TRUE
"SDN_SRB",-0.486770128871967,9,TRUE
"SDN_SVK",-0.908555517746957,9,TRUE
"SDN_SVN",-3.03360925212176,6,TRUE
"SDN_SWE",-0.417814935111089,15,TRUE
"SDN_TUR",0.166841753261647,12,TRUE
"SDN_TWN",-1.50724281619463,20,TRUE
"SDN_UKR",1.86473899585665,6,TRUE
"SDN_ZAF",-0.486413683679413,18,TRUE
"SEN_AFG",-0.914763405856233,10,TRUE
"SEN_AGO",-0.798093064141713,10,TRUE
"SEN_ALB",-1.54096969503518,5,TRUE
"SEN_ARE",0.365812431682947,8,TRUE
"SEN_ARG",-2.88949961163991,16,TRUE
"SEN_ATG",-0.152531382335771,5,TRUE
"SEN_AUS",-0.000113434764000635,13,TRUE
"SEN_AUT",-0.3692765738543,19,TRUE
"SEN_BDI",0.0431854044062462,4,TRUE
"SEN_BGD",-0.107773852234327,10,TRUE
"SEN_BGR",-0.691316300678904,14,TRUE
"SEN_BHR",-1.02185189941934,4,TRUE
"SEN_BIH",-1.01919150709816,8,TRUE
"SEN_BLR",0.693561359091034,5,TRUE
"SEN_BOL",-1.98816066575004,5,TRUE
"SEN_BRA",-0.572380314999525,10,TRUE
"SEN_BRB",-1.99611088257697,10,TRUE
"SEN_BRN",-0.0732973594222567,4,TRUE
"SEN_CAF",-0.0299265885587802,16,TRUE
"SEN_CAN",-0.307646411029762,25,TRUE
"SEN_CHE",-0.0859866092578603,13,TRUE
"SEN_CHL",-0.82533989743429,8,TRUE
"SEN_CHN",-1.39538903997609,24,TRUE
"SEN_CMR",-0.27416279546114,6,TRUE
"SEN_COD",0.166260527565476,18,TRUE
"SEN_COG",0.0308961352443492,20,TRUE
"SEN_COL",-1.2266774905845,9,TRUE
"SEN_CRI",-0.665620816380627,8,TRUE
"SEN_CYP",-2.35973982286541,7,TRUE
"SEN_CZE",-1.05233488872204,11,TRUE
"SEN_DEU",-0.328642176154544,20,TRUE
"SEN_DJI",-2.60553325275149,6,TRUE
"SEN_DNK",-0.337664901216463,17,TRUE
"SEN_EGY",-0.331202814958281,17,TRUE
"SEN_ESP",0.112822390627272,6,TRUE
"SEN_EST",-1.66753883037017,7,TRUE
"SEN_ETH",-0.627081928579523,7,TRUE
"SEN_FIN",-1.34812802060822,4,TRUE
"SEN_FJI",-1.52240886772832,8,TRUE
"SEN_FRA",-0.826481483702497,5,TRUE
"SEN_FSM",-0.237672464986938,4,TRUE
"SEN_GAB",-0.198125292052679,7,TRUE
"SEN_GBR",-0.139596487480097,26,TRUE
"SEN_GEO",-0.692186095755998,8,TRUE
"SEN_GNQ",0.0305716666604621,11,TRUE
"SEN_GRC",-0.496362928313863,18,TRUE
"SEN_GTM",-2.55225217965843,8,TRUE
"SEN_HKG",-0.153091218755881,12,TRUE
"SEN_HND",-3.14534323400888,9,TRUE
"SEN_HRV",-0.848477509899895,13,TRUE
"SEN_HUN",-1.35540757754729,8,TRUE
"SEN_IDN",-0.0782698315263765,4,TRUE
"SEN_IND",0.0936582262186747,24,TRUE
"SEN_IRL",-0.838137243659723,19,TRUE
"SEN_ISL",-0.548065521058962,7,TRUE
"SEN_ISR",-0.303200770093698,15,TRUE
"SEN_ITA",-0.207192101676454,10,TRUE
"SEN_JPN",-0.168089446678938,6,TRUE
"SEN_KAZ",-0.231404697790482,8,TRUE
"SEN_KEN",-2.14830525759224,6,TRUE
"SEN_KOR",-0.884678446542904,23,TRUE
"SEN_KWT",-0.158716185637985,8,TRUE
"SEN_LBN",-0.000444824826166812,5,TRUE
"SEN_LBY",-0.963134352889663,12,TRUE
"SEN_LKA",-1.26157821806321,9,TRUE
"SEN_LTU",-4.45296461880224,4,TRUE
"SEN_MAC",-1.01803114088369,7,TRUE
"SEN_MAR",-0.174280868115224,9,TRUE
"SEN_MDA",-1.05500207332969,5,TRUE
"SEN_MDG",-0.137484852070176,16,TRUE
"SEN_MEX",-0.326342138256419,12,TRUE
"SEN_MKD",-0.937724458866829,10,TRUE
"SEN_MLT",-1.26886157248843,22,TRUE
"SEN_MNE",-1.59395180412029,5,TRUE
"SEN_MOZ",-1.25901062865542,5,TRUE
"SEN_MUS",-0.858865972665401,19,TRUE
"SEN_MYS",0.0051373954380792,4,TRUE
"SEN_NCL",-2.52178605080007,5,TRUE
"SEN_NIC",-1.07309124612245,9,TRUE
"SEN_NLD",0.0427601959757852,16,TRUE
"SEN_NOR",-1.09287230295172,17,TRUE
"SEN_NZL",0.165392159881581,10,TRUE
"SEN_PAK",-0.15016610511861,11,TRUE
"SEN_PER",-3.03405618728513,5,TRUE
"SEN_PHL",-2.91512730138675,6,TRUE
"SEN_PNG",-3.60945875172059,6,TRUE
"SEN_POL",0.515050349295796,7,TRUE
"SEN_PRK",0.0109041489527678,4,TRUE
"SEN_PRT",-0.119912036447773,6,TRUE
"SEN_PYF",-2.03816431648081,6,TRUE
"SEN_QAT",-3.69776544076613,4,TRUE
"SEN_ROU",-1.95651981272719,13,TRUE
"SEN_RUS",0.147834096411844,8,TRUE
"SEN_RWA",-2.73803910493226,6,TRUE
"SEN_SAU",-0.140376559149093,9,TRUE
"SEN_SDN",-1.79520191041608,4,TRUE
"SEN_SGP",0.388599194946263,4,TRUE
"SEN_SLV",-2.75780432779868,5,TRUE
"SEN_SRB",-1.38822907206886,8,TRUE
"SEN_STP",-2.300828984573,7,TRUE
"SEN_SVK",-2.01227005257673,8,TRUE
"SEN_SVN",-0.691978839599334,9,TRUE
"SEN_SWE",-0.357925148205219,12,TRUE
"SEN_SYC",-1.25749981002772,4,TRUE
"SEN_TCD",-0.178315760867291,15,TRUE
"SEN_THA",-0.11381244818613,15,TRUE
"SEN_TLS",-0.650994145754881,4,TRUE
"SEN_TUN",-0.645423362959407,17,TRUE
"SEN_TUR",0.077571263505413,9,TRUE
"SEN_TWN",-0.921331921495371,14,TRUE
"SEN_TZA",-0.524419130811034,5,TRUE
"SEN_UGA",-0.354661165995878,11,TRUE
"SEN_UKR",-0.370873812453561,10,TRUE
"SEN_URY",-0.587662546952887,9,TRUE
"SEN_USA",-0.172694155890055,12,TRUE
"SEN_VNM",-0.467855188278224,13,TRUE
"SEN_ZMB",-0.423336393084965,16,TRUE
"SGP_AFG",-0.599110654584713,4,TRUE
"SGP_AGO",0.00837782554396362,10,TRUE
"SGP_ALB",-0.253478701917493,7,TRUE
"SGP_AND",-0.283518621152867,8,TRUE
"SGP_ARM",-0.294997197991971,8,TRUE
"SGP_ASM",-0.107089940861641,5,TRUE
"SGP_ATG",-0.301047079566042,4,TRUE
"SGP_AZE",-0.626803863275888,7,TRUE
"SGP_BDI",-0.596671094226753,5,TRUE
"SGP_BFA",-0.0603586344744963,6,TRUE
"SGP_BHS",-1.61524731513007,7,TRUE
"SGP_BIH",0.00112791399764365,5,TRUE
"SGP_BLR",0.156892861542805,5,TRUE
"SGP_BLZ",-0.0663836463854061,15,TRUE
"SGP_BMU",-1.65374488894514,10,TRUE
"SGP_BRB",0.115283210176887,16,TRUE
"SGP_BTN",-0.305808620612727,9,TRUE
"SGP_BWA",-0.0236416154096657,5,TRUE
"SGP_CIV",-0.684795599649629,20,TRUE
"SGP_COD",-0.685550647547558,6,TRUE
"SGP_COG",-0.872340194810757,4,TRUE
"SGP_COK",-1.12769882291065,5,TRUE
"SGP_COM",-0.550247219150742,21,TRUE
"SGP_CPV",-0.53106373971254,13,TRUE
"SGP_CXR",-1.88673536918197,4,TRUE
"SGP_DJI",-0.444494608392566,11,TRUE
"SGP_DMA",-0.456060661728946,17,TRUE
"SGP_ETH",0.0862466926230004,21,TRUE
"SGP_FJI",-0.23882510863377,4,TRUE
"SGP_FRO",-1.1959636747669,10,TRUE
"SGP_FSM",-0.631977848604392,8,TRUE
"SGP_GAB",-0.0848195620668237,20,TRUE
"SGP_GEO",-0.252847654728461,18,TRUE
"SGP_GRD",-1.48735648525109,15,TRUE
"SGP_GRL",-0.267907850517978,6,TRUE
"SGP_GTM",-0.35027921877536,6,TRUE
"SGP_GUM",-0.112718153573457,11,TRUE
"SGP_HKG",0.0501785316246615,5,TRUE
"SGP_HND",0.125981308452926,10,TRUE
"SGP_ISR",0.0941886172558251,5,TRUE
"SGP_JAM",-0.299055524006774,9,TRUE
"SGP_KAZ",-0.00675387730472047,7,TRUE
"SGP_KEN",-0.317204639632316,13,TRUE
"SGP_KGZ",-0.0887168557009117,13,TRUE
"SGP_KIR",0.121033691540609,9,TRUE
"SGP_KNA",0.283947679112339,4,TRUE
"SGP_LBN",-0.102812261451181,26,TRUE
"SGP_LCA",-0.0799601143235171,21,TRUE
"SGP_LSO",-1.51343332967053,4,TRUE
"SGP_MAC",-0.538002760076252,4,TRUE
"SGP_MDA",-0.0143334678978859,5,TRUE
"SGP_MDG",-0.222489708767177,13,TRUE
"SGP_MDV",0.0148342072986132,16,TRUE
"SGP_MHL",-1.88451149973174,10,TRUE
"SGP_MKD",-0.0166054322827055,16,TRUE
"SGP_MLI",-0.303808585449583,13,TRUE
"SGP_MNE",-0.285197200078336,8,TRUE
"SGP_MNG",-0.0371502542837375,17,TRUE
"SGP_MNP",-0.0309578707825209,12,TRUE
"SGP_MSR",-2.6306797548705,10,TRUE
"SGP_MUS",-0.225796154975408,23,TRUE
"SGP_MWI",-0.581723887013999,7,TRUE
"SGP_MYT",-0.544503660998371,7,TRUE
"SGP_NAM",-0.397358151445448,10,TRUE
"SGP_NCL",-0.0394121619530702,11,TRUE
"SGP_NER",-0.269719450164369,4,TRUE
"SGP_NPL",-0.9902038495682,9,TRUE
"SGP_PNG",0.043885354321375,18,TRUE
"SGP_PRI",-1.64822243804922,6,TRUE
"SGP_PRY",-0.134363604356631,12,TRUE
"SGP_PYF",-0.463657223199161,23,TRUE
"SGP_RUS",-0.141150512460605,15,TRUE
"SGP_RWA",-0.667600257641906,17,TRUE
"SGP_SEN",0.69449479173522,4,TRUE
"SGP_SLB",-0.477659973928403,5,TRUE
"SGP_SLV",-0.0569111377523793,21,TRUE
"SGP_SOM",-1.53166150532951,6,TRUE
"SGP_SUR",-0.0838264296778374,12,TRUE
"SGP_SWZ",-0.495851044145997,11,TRUE
"SGP_SYR",-0.204625778683618,22,TRUE
"SGP_TGO",-0.684795751154901,5,TRUE
"SGP_TON",-1.50726898697424,6,TRUE
"SGP_UGA",-0.199082199504359,15,TRUE
"SGP_UKR",-0.671200197853618,9,TRUE
"SGP_URY",-0.326450964189937,6,TRUE
"SGP_USA",-0.0276304864451929,23,TRUE
"SGP_VCT",-1.67335394785383,5,TRUE
"SGP_VUT",-0.0116147062678917,16,TRUE
"SGP_WSM",0.00899265427879894,16,TRUE
"SGP_YEM",-0.220550837515314,21,TRUE
"SGP_ZAF",-0.0907406293144461,10,TRUE
"SGP_ZMB",-0.379491875716536,20,TRUE
"SGS_TUR",-1.36068983289079,6,TRUE
"SHN_AUS",0.168722669419414,7,TRUE
"SHN_BRB",-3.80890666178129,9,TRUE
"SHN_FJI",-0.944012941484749,11,TRUE
"SHN_IDN",-1.20857285791829,11,TRUE
"SHN_JPN",-0.0879912362160885,14,TRUE
"SHN_KOR",-1.96747906481523,5,TRUE
"SHN_MAR",-4.98046139460491,6,TRUE
"SHN_MEX",-2.32286788624739,5,TRUE
"SHN_MMR",-6.01832906220452,4,TRUE
"SHN_NZL",-1.51892791968571,7,TRUE
"SHN_SDN",-1.75290013641732,5,TRUE
"SHN_THA",-2.81331107929404,12,TRUE
"SHN_TZA",-4.53495594381185,9,TRUE
"SHN_USA",0.230380766791951,13,TRUE
"SHN_ZAF",-0.800746541364462,11,TRUE
"SLB_AUT",-5.42692313333987,8,TRUE
"SLB_BEL",-3.95769605838165,4,TRUE
"SLB_CHE",0.425790336945018,5,TRUE
"SLB_CHN",0.0821341845196936,9,TRUE
"SLB_DEU",-1.27893601277771,13,TRUE
"SLB_ESP",-0.740994794518774,7,TRUE
"SLB_FRA",0.187875413083452,15,TRUE
"SLB_GBR",-0.945490928934753,15,TRUE
"SLB_HKG",-0.411006372208513,14,TRUE
"SLB_IDN",-0.426877744533498,7,TRUE
"SLB_IND",0.0293102719066495,8,TRUE
"SLB_IRL",-3.01859395108927,7,TRUE
"SLB_ITA",0.314433697112376,12,TRUE
"SLB_JPN",-2.11453267115967,4,TRUE
"SLB_KOR",-0.131070330508424,23,TRUE
"SLB_MEX",-2.54394494120982,4,TRUE
"SLB_MYS",0.480565447968518,5,TRUE
"SLB_NCL",-0.505386404285731,8,TRUE
"SLB_NLD",-1.60480399694527,20,TRUE
"SLB_PHL",-0.561934299725116,6,TRUE
"SLB_POL",-2.90460455111687,8,TRUE
"SLB_PYF",-3.36553645687427,13,TRUE
"SLB_SGP",-1.33969471553354,5,TRUE
"SLB_SVN",-2.29553432028638,5,TRUE
"SLB_THA",0.100994265468921,23,TRUE
"SLB_TWN",-0.412127389376609,13,TRUE
"SLB_USA",-0.0979799929512532,9,TRUE
"SLB_VNM",-0.977220926590626,12,TRUE
"SLB_ZAF",-1.43827352013876,12,TRUE
"SLE_AGO",-0.0375059247007109,4,TRUE
"SLE_AND",0.483159738875717,4,TRUE
"SLE_ARG",-0.50803216816825,12,TRUE
"SLE_AUS",0.147985857988312,12,TRUE
"SLE_AUT",-1.42243523384828,7,TRUE
"SLE_BEL",0.259294353468845,5,TRUE
"SLE_BGD",-3.00565062883984,9,TRUE
"SLE_BGR",-0.178912533804137,5,TRUE
"SLE_BIH",-1.51489969670815,10,TRUE
"SLE_BRA",-3.14283093185181,8,TRUE
"SLE_BRB",-3.43444035060004,8,TRUE
"SLE_CAN",-0.333935256376644,5,TRUE
"SLE_CHE",-0.737193708742287,19,TRUE
"SLE_CHL",-0.50423012115786,7,TRUE
"SLE_CHN",-0.964131241454006,13,TRUE
"SLE_CMR",-1.40010831919631,7,TRUE
"SLE_COL",-1.3827620713852,8,TRUE
"SLE_CZE",-0.141156086027619,14,TRUE
"SLE_DEU",-0.262498359013461,18,TRUE
"SLE_DNK",-1.07900167395407,23,TRUE
"SLE_DZA",-2.84464831317236,4,TRUE
"SLE_EGY",-1.06500367152515,7,TRUE
"SLE_ESP",-1.59366275357329,21,TRUE
"SLE_EST",-0.155304292466235,10,TRUE
"SLE_ETH",-2.22064964326017,11,TRUE
"SLE_FIN",-0.537449008272104,25,TRUE
"SLE_GBR",-1.39094204750836,4,TRUE
"SLE_GRC",-4.43678101082952,5,TRUE
"SLE_GRD",-1.01526118632744,12,TRUE
"SLE_GRL",-0.276007524944672,7,TRUE
"SLE_HKG",-0.294870449442424,9,TRUE
"SLE_HRV",-1.95397294935436,10,TRUE
"SLE_HUN",-4.05220797409958,11,TRUE
"SLE_IDN",-0.308443516609322,9,TRUE
"SLE_IND",-0.0307691685416786,7,TRUE
"SLE_IRL",-0.538625488432598,17,TRUE
"SLE_ITA",-0.763415551411801,6,TRUE
"SLE_JOR",0.241343529647036,4,TRUE
"SLE_JPN",-0.687630200132727,6,TRUE
"SLE_KAZ",-2.67637127828185,5,TRUE
"SLE_KEN",-1.03496212470757,13,TRUE
"SLE_KOR",1.00420100888078,5,TRUE
"SLE_LBN",-0.713343971492238,6,TRUE
"SLE_LKA",-2.01188828044126,4,TRUE
"SLE_LUX",-0.55059793414954,6,TRUE
"SLE_MAR",-0.123239251709789,21,TRUE
"SLE_MDA",-0.910876046483216,8,TRUE
"SLE_MEX",-2.18585115566643,10,TRUE
"SLE_MKD",-1.96056418399489,7,TRUE
"SLE_MLT",-2.18371688073082,9,TRUE
"SLE_MUS",-0.994474219701424,4,TRUE
"SLE_MYS",-0.954140476958557,9,TRUE
"SLE_MYT",0.0121728124878068,4,TRUE
"SLE_NCL",-0.370708471602232,4,TRUE
"SLE_NIC",0.267736278789709,5,TRUE
"SLE_NLD",0.0637150967232949,8,TRUE
"SLE_NZL",0.220408646789182,5,TRUE
"SLE_PER",-0.204976092066962,10,TRUE
"SLE_POL",-0.671944720783697,13,TRUE
"SLE_PRT",-1.41804408523434,17,TRUE
"SLE_PYF",-2.26284358631214,11,TRUE
"SLE_ROU",0.750307643430667,5,TRUE
"SLE_RUS",-0.994524993065836,11,TRUE
"SLE_SDN",-4.79818582905082,6,TRUE
"SLE_SVN",-0.463784595476604,13,TRUE
"SLE_SWE",-1.02833579152129,24,TRUE
"SLE_SYC",-0.25310140616691,4,TRUE
"SLE_THA",-0.859858675264792,19,TRUE
"SLE_TUN",-0.445397347281528,7,TRUE
"SLE_TUR",-0.627632251259943,9,TRUE
"SLE_TWN",-2.10216004888671,17,TRUE
"SLE_TZA",-1.52115347655547,7,TRUE
"SLE_UGA",-2.72908866162027,4,TRUE
"SLE_UKR",-1.27382271317743,6,TRUE
"SLE_URY",-3.90957481322786,6,TRUE
"SLE_USA",-0.111809544548851,25,TRUE
"SLE_VCT",-1.08691552306241,6,TRUE
"SLE_VNM",-0.837724626047765,8,TRUE
"SLE_ZAF",-0.0161326754257308,4,TRUE
"SLV_ABW",-0.316452906622097,10,TRUE
"SLV_AND",0.711206371566343,6,TRUE
"SLV_ANT",-0.126354414782325,4,TRUE
"SLV_ARE",0.103466033676153,8,TRUE
"SLV_ARG",-0.167509567900341,16,TRUE
"SLV_ATG",0.50148408402251,7,TRUE
"SLV_AUS",0.271104044270297,9,TRUE
"SLV_BGD",-0.843927970943111,15,TRUE
"SLV_BHR",0.30142895693986,5,TRUE
"SLV_BHS",-1.34206392974164,7,TRUE
"SLV_BIH",-0.943531972373325,8,TRUE
"SLV_BLR",-3.91332122253482,8,TRUE
"SLV_BLZ",0.215922971859099,16,TRUE
"SLV_BMU",-1.21263452473105,16,TRUE
"SLV_BOL",-0.309633137952812,22,TRUE
"SLV_BRA",-0.0653905919082481,5,TRUE
"SLV_BRB",-0.494176884055032,11,TRUE
"SLV_CAN",-0.035016728524908,11,TRUE
"SLV_CHE",-1.23410568189464,6,TRUE
"SLV_CHN",-0.131858367469441,7,TRUE
"SLV_CMR",-0.555539423719618,9,TRUE
"SLV_CYM",-0.38611938239595,12,TRUE
"SLV_DMA",-0.132342189446077,10,TRUE
"SLV_DZA",-0.447871422879575,15,TRUE
"SLV_EGY",-2.86334829100143,8,TRUE
"SLV_ETH",-1.94502736024561,7,TRUE
"SLV_GRD",-0.629283399383635,10,TRUE
"SLV_GUY",0.345061903047431,6,TRUE
"SLV_HKG",0.203725538544135,9,TRUE
"SLV_HTI",0.293206966695454,5,TRUE
"SLV_IDN",-2.07000707286433,19,TRUE
"SLV_IND",0.057384260435937,14,TRUE
"SLV_ISL",-0.0200447681036184,12,TRUE
"SLV_ISR",-1.41689835286002,8,TRUE
"SLV_JAM",-0.284614232840078,22,TRUE
"SLV_JOR",-0.535771942084128,11,TRUE
"SLV_JPN",-0.251724158167999,8,TRUE
"SLV_KAZ",-5.26426547076991,8,TRUE
"SLV_KHM",-2.1271714395883,9,TRUE
"SLV_KNA",-0.565016436286632,11,TRUE
"SLV_KOR",0.113350032062293,11,TRUE
"SLV_LBN",-0.320820580231107,15,TRUE
"SLV_LCA",-0.976602196954541,19,TRUE
"SLV_LKA",-3.93647161334301,9,TRUE
"SLV_MAR",-1.28801768418109,15,TRUE
"SLV_MKD",-2.42064560446999,8,TRUE
"SLV_MNE",-0.508350479417203,6,TRUE
"SLV_MSR",-0.304240072028438,5,TRUE
"SLV_MUS",-2.75738300579075,11,TRUE
"SLV_MYS",-0.724024798776957,21,TRUE
"SLV_NCL",-1.03587557548937,8,TRUE
"SLV_NOR",-0.461358692597108,22,TRUE
"SLV_NPL",-0.0832164904947704,4,TRUE
"SLV_NZL",-1.6025822301767,25,TRUE
"SLV_PAK",-1.20196359148184,7,TRUE
"SLV_PER",-0.161323210818365,14,TRUE
"SLV_PHL",-0.614862037083529,13,TRUE
"SLV_PRY",-0.272497759183941,11,TRUE
"SLV_PYF",-0.0963756432605505,12,TRUE
"SLV_RUS",-2.04031870167585,5,TRUE
"SLV_SAU",-1.49756970423538,6,TRUE
"SLV_SDN",-1.31193894906901,4,TRUE
"SLV_SGP",-0.349365835504557,14,TRUE
"SLV_SRB",-0.290451482984183,8,TRUE
"SLV_SUR",-0.0546625741351753,5,TRUE
"SLV_THA",-0.115528540749072,9,TRUE
"SLV_TTO",-0.163775029849415,20,TRUE
"SLV_TUN",0.441131216472165,4,TRUE
"SLV_TUR",-0.534652841478994,13,TRUE
"SLV_UKR",-2.25517383694187,14,TRUE
"SLV_URY",-0.585074057008977,20,TRUE
"SLV_VCT",0.0179771927524312,6,TRUE
"SLV_VEN",-0.195128494762155,19,TRUE
"SLV_VNM",-0.371076258222798,10,TRUE
"SLV_ZAF",-0.0913658330726484,16,TRUE
"SMR_ALB",-1.80326900290473,6,TRUE
"SMR_ARG",-0.208733484713623,5,TRUE
"SMR_ARM",-0.899754108344116,5,TRUE
"SMR_AZE",0.0491426869822111,4,TRUE
"SMR_BHR",-0.526334766524559,4,TRUE
"SMR_BIH",-0.504127113232936,6,TRUE
"SMR_BLR",0.474477430567104,5,TRUE
"SMR_BRA",-0.118223714669028,10,TRUE
"SMR_CHE",-0.656227346636635,4,TRUE
"SMR_CHL",-0.0564269528288893,12,TRUE
"SMR_CHN",0.373902358254432,5,TRUE
"SMR_COL",-1.28119035694201,12,TRUE
"SMR_EGY",-2.41814514538116,11,TRUE
"SMR_GEO",-0.372573903137659,10,TRUE
"SMR_HKG",-0.820951744867624,4,TRUE
"SMR_ISR",-0.0494256133310908,4,TRUE
"SMR_KAZ",0.064227660492492,4,TRUE
"SMR_KOR",-0.526781693290985,10,TRUE
"SMR_LBN",0.0654195968943028,14,TRUE
"SMR_MDA",0.00741853678176216,6,TRUE
"SMR_MEX",-2.18357922944152,4,TRUE
"SMR_MKD",-1.00714414118923,6,TRUE
"SMR_MNE",-1.65332918263101,5,TRUE
"SMR_MUS",-0.183678304501848,6,TRUE
"SMR_NZL",-2.37097868744576,7,TRUE
"SMR_PER",-0.179608329646047,4,TRUE
"SMR_PRY",-0.716284577925734,4,TRUE
"SMR_RUS",0.236070076437173,8,TRUE
"SMR_SAU",-0.89336910584167,4,TRUE
"SMR_THA",-0.147692173116274,4,TRUE
"SMR_UKR",0.183244315486299,4,TRUE
"SMR_USA",-0.231964618777484,12,TRUE
"SMR_ZAF",-0.83022533095291,8,TRUE
"SOM_ARG",-3.19837137529183,5,TRUE
"SOM_AUS",-0.373705792284753,7,TRUE
"SOM_AUT",-0.557250958386132,20,TRUE
"SOM_BHR",-0.285286121241851,4,TRUE
"SOM_BRA",-3.06853099027221,12,TRUE
"SOM_CAN",-0.568114666960896,15,TRUE
"SOM_CHE",-1.36267427204426,15,TRUE
"SOM_CHN",-0.572894419074501,15,TRUE
"SOM_CZE",-0.521149864558391,6,TRUE
"SOM_DEU",-0.186765397971763,19,TRUE
"SOM_DZA",-1.81356402927942,9,TRUE
"SOM_ESP",-0.880149379836866,19,TRUE
"SOM_FIN",-3.98898962602902,9,TRUE
"SOM_FRA",-0.573781695446114,19,TRUE
"SOM_GBR",-0.380439848274743,6,TRUE
"SOM_GRC",-3.15981110433567,14,TRUE
"SOM_GRD",-0.144433756118765,6,TRUE
"SOM_HKG",-0.367185390906191,15,TRUE
"SOM_HRV",-1.48882236811272,14,TRUE
"SOM_IRL",-3.71583224906861,4,TRUE
"SOM_ITA",-2.96057427391741,4,TRUE
"SOM_JOR",-0.180487287747488,17,TRUE
"SOM_JPN",0.364665219361527,6,TRUE
"SOM_KWT",-1.31403981037507,15,TRUE
"SOM_LBN",-1.27356406993707,11,TRUE
"SOM_MEX",-1.28857367867183,7,TRUE
"SOM_NZL",-1.36895126679315,6,TRUE
"SOM_OMN",-0.496433084588504,19,TRUE
"SOM_PAK",-0.225352239941128,8,TRUE
"SOM_POL",-1.20205051533463,12,TRUE
"SOM_PYF",0.17358334096217,5,TRUE
"SOM_SAU",0.0338809708726795,11,TRUE
"SOM_SGP",-0.201627244001638,6,TRUE
"SOM_SVN",-2.69382712139204,10,TRUE
"SOM_SWE",-1.76790193232987,8,TRUE
"SOM_THA",-2.4850419099544,4,TRUE
"SOM_TUR",-0.411686027227064,10,TRUE
"SOM_TWN",-1.33140509350377,10,TRUE
"SOM_TZA",-2.4478458066901,11,TRUE
"SOM_USA",-1.01954768422585,10,TRUE
"SOM_YEM",-0.883781437665923,6,TRUE
"SOM_ZAF",-1.62245033170147,11,TRUE
"SPM_CAN",0.721335640711246,14,TRUE
"SPM_JPN",-2.64736138415818,15,TRUE
"SPM_USA",-2.15381181376481,14,TRUE
"SRB_AFG",-1.26821155826573,8,TRUE
"SRB_AGO",-0.942396296102644,8,TRUE
"SRB_AND",-0.185828919925232,8,TRUE
"SRB_ARG",0.201531633108234,6,TRUE
"SRB_AUS",-0.167493336188713,7,TRUE
"SRB_AZE",-0.68000647845819,4,TRUE
"SRB_BEN",-0.202744752310697,6,TRUE
"SRB_BHR",-0.437933654451196,4,TRUE
"SRB_BLR",0.0159028626756805,9,TRUE
"SRB_BLZ",-1.97990083757627,4,TRUE
"SRB_BMU",-6.60666249708614,8,TRUE
"SRB_BOL",-0.127138862607498,6,TRUE
"SRB_BRN",-2.9868372287741,6,TRUE
"SRB_CAN",0.104134792963589,8,TRUE
"SRB_CHN",0.00857861218314966,5,TRUE
"SRB_CIV",-1.01214416091403,9,TRUE
"SRB_CMR",-0.428245034124126,7,TRUE
"SRB_COG",-1.86735341747774,6,TRUE
"SRB_COL",-0.627817141539452,4,TRUE
"SRB_CRI",-0.220339653423257,8,TRUE
"SRB_DOM",-0.0784621913814569,9,TRUE
"SRB_DZA",-0.187672924381375,7,TRUE
"SRB_ECU",0.0249722403431012,5,TRUE
"SRB_ETH",-0.872121292417933,8,TRUE
"SRB_GAB",-0.584286783669546,6,TRUE
"SRB_GEO",-0.0859849163488274,6,TRUE
"SRB_GHA",-0.280042623982177,5,TRUE
"SRB_GIB",-3.76376257092177,7,TRUE
"SRB_GRL",-0.876391817130357,5,TRUE
"SRB_GTM",-0.345278756726072,7,TRUE
"SRB_HKG",-0.0664483113968883,6,TRUE
"SRB_HND",-0.152658821064941,6,TRUE
"SRB_IDN",-0.122354280747449,9,TRUE
"SRB_IND",-0.0877815286149642,8,TRUE
"SRB_IRN",-0.673665535624703,5,TRUE
"SRB_IRQ",-1.90646492495283,5,TRUE
"SRB_JPN",-0.343423840571732,9,TRUE
"SRB_KAZ",-0.301969851716566,4,TRUE
"SRB_KEN",-0.1912649667372,5,TRUE
"SRB_KGZ",0.390672252916284,4,TRUE
"SRB_KNA",-3.63133593825329,5,TRUE
"SRB_KWT",0.0726374264158863,5,TRUE
"SRB_LBN",-0.0398718529297911,8,TRUE
"SRB_LBY",-0.303225940056902,8,TRUE
"SRB_MAC",-1.72185965419773,8,TRUE
"SRB_MAR",-0.121606514762048,8,TRUE
"SRB_MMR",-1.12096322587391,5,TRUE
"SRB_MNG",-0.141883111011059,9,TRUE
"SRB_MOZ",-0.970795630512045,6,TRUE
"SRB_MRT",-0.0592526491201947,4,TRUE
"SRB_MUS",-0.0615126901647682,4,TRUE
"SRB_MYS",-0.453786295205381,5,TRUE
"SRB_NAM",-1.31482413583704,4,TRUE
"SRB_NCL",-1.80763838609607,5,TRUE
"SRB_NER",-3.08526799396802,5,TRUE
"SRB_NGA",-0.493504139601076,5,TRUE
"SRB_NZL",-0.0454301433416801,7,TRUE
"SRB_OMN",-0.773730200695706,7,TRUE
"SRB_PAN",-0.745693463424009,9,TRUE
"SRB_PSE",0.151382359719642,5,TRUE
"SRB_QAT",-0.0755539827330068,5,TRUE
"SRB_RWA",-1.15378404680934,8,TRUE
"SRB_SAU",-0.124178935656372,8,TRUE
"SRB_SGP",0.0552588315353647,5,TRUE
"SRB_SLE",-2.01790399963488,8,TRUE
"SRB_SLV",-0.034523363653531,8,TRUE
"SRB_SMR",-1.57224729664986,7,TRUE
"SRB_SUR",-1.16341797928477,6,TRUE
"SRB_TJK",-0.367902689127497,6,TRUE
"SRB_TKM",-2.00203698124751,5,TRUE
"SRB_TTO",-3.3478693790074,5,TRUE
"SRB_TWN",0.427369403733509,4,TRUE
"SRB_TZA",-0.437445156368039,9,TRUE
"SRB_UGA",-2.3490727459163,7,TRUE
"SRB_UKR",-0.19494952496566,8,TRUE
"SRB_USA",0.0219407720863727,7,TRUE
"SRB_UZB",-0.994759490939179,5,TRUE
"SRB_VCT",-6.79449070043325,6,TRUE
"SRB_VEN",-1.85024498335733,5,TRUE
"SRB_VGB",-3.74430468547172,8,TRUE
"SRB_VNM",-0.354760917569583,7,TRUE
"SRB_YEM",0.335829240049825,6,TRUE
"SRB_ZMB",-0.979075063900289,7,TRUE
"STP_AGO",-0.809482209311052,15,TRUE
"STP_AUS",-0.326568510771496,4,TRUE
"STP_AUT",-0.482336165488895,11,TRUE
"STP_BEL",0.170111701514394,5,TRUE
"STP_BGD",-3.41357648710575,7,TRUE
"STP_CAN",-1.37845124131372,17,TRUE
"STP_CHE",-2.10875211488,15,TRUE
"STP_CPV",-0.9583562463885,8,TRUE
"STP_CZE",-0.736802430159094,17,TRUE
"STP_DEU",-0.300433958886741,7,TRUE
"STP_DOM",-2.25698860337378,7,TRUE
"STP_ESP",-0.947820265017195,11,TRUE
"STP_FIN",-4.21805628382566,8,TRUE
"STP_FRA",-0.123315754548452,25,TRUE
"STP_GAB",-1.48914622440564,6,TRUE
"STP_GBR",-1.23311886143175,4,TRUE
"STP_IDN",-1.78623316262459,9,TRUE
"STP_ITA",-0.380618704883299,12,TRUE
"STP_KOR",-1.69882014560874,8,TRUE
"STP_MEX",-1.32631723504327,4,TRUE
"STP_NGA",-0.974820963897334,9,TRUE
"STP_NLD",0.0805301142913295,16,TRUE
"STP_NZL",-2.28006668727858,6,TRUE
"STP_POL",-0.51314830372457,5,TRUE
"STP_PRT",-0.440002137994841,18,TRUE
"STP_SDN",-1.88627445385764,5,TRUE
"STP_SVK",-1.01031244452317,14,TRUE
"STP_SVN",0.133572437707363,5,TRUE
"STP_THA",-1.36882734223668,19,TRUE
"STP_USA",-0.00206683049078905,17,TRUE
"STP_ZAF",-0.857595489609645,13,TRUE
"SUR_ABW",0.311000061937298,13,TRUE
"SUR_AGO",-1.6512716451174,4,TRUE
"SUR_ANT",0.459289166882559,4,TRUE
"SUR_ARE",0.129728522276685,7,TRUE
"SUR_ARG",-4.99527395460397,8,TRUE
"SUR_BGD",-0.930016574041419,10,TRUE
"SUR_BIH",-1.7071088005475,8,TRUE
"SUR_BRA",-0.970369735610893,14,TRUE
"SUR_CHN",-0.222383080339356,20,TRUE
"SUR_CIV",-0.148689205132894,4,TRUE
"SUR_CMR",-5.60442417526665,11,TRUE
"SUR_COL",-0.384130872939388,9,TRUE
"SUR_CRI",-3.56007591477141,4,TRUE
"SUR_CUB",-0.172742889294539,7,TRUE
"SUR_EGY",-0.580309158263981,4,TRUE
"SUR_ETH",-4.39909108896483,5,TRUE
"SUR_HKG",-0.273472799823552,6,TRUE
"SUR_IDN",-2.20277822718905,12,TRUE
"SUR_IND",0.163007844257317,8,TRUE
"SUR_ISL",-2.05925822994361,7,TRUE
"SUR_ISR",-0.958974133783224,14,TRUE
"SUR_JPN",-1.26084800563654,4,TRUE
"SUR_KEN",-1.14576236751544,10,TRUE
"SUR_KOR",0.556735802537464,6,TRUE
"SUR_LBN",-0.686819536606882,8,TRUE
"SUR_MAR",-2.7291442849081,13,TRUE
"SUR_MDG",-2.54027399208943,8,TRUE
"SUR_MEX",-2.6706575517846,12,TRUE
"SUR_MKD",-0.98467678663154,6,TRUE
"SUR_MNE",-1.48744722501651,4,TRUE
"SUR_MYS",-0.936945817405006,19,TRUE
"SUR_NCL",-1.03791063503315,5,TRUE
"SUR_NGA",-4.54375756992368,9,TRUE
"SUR_NIC",-3.80266520807956,6,TRUE
"SUR_NOR",-7.11434962716734,5,TRUE
"SUR_NZL",-0.965608897858515,15,TRUE
"SUR_PAK",-1.32293772738425,7,TRUE
"SUR_PAN",-0.342321543811037,13,TRUE
"SUR_PER",-0.809820974087944,10,TRUE
"SUR_PYF",0.329713875361759,7,TRUE
"SUR_RUS",-4.25315594983689,10,TRUE
"SUR_SDN",-1.59754080333548,4,TRUE
"SUR_SGP",0.390836352456629,6,TRUE
"SUR_SRB",-0.945943709479148,6,TRUE
"SUR_THA",-0.469369567583214,6,TRUE
"SUR_TUN",-3.17317476219548,5,TRUE
"SUR_TWN",-0.394844009980338,16,TRUE
"SUR_USA",-0.286615278808955,13,TRUE
"SUR_VEN",-1.21987380158531,18,TRUE
"SUR_VNM",-0.071716067342288,4,TRUE
"SVK_AFG",-1.58863414898682,5,TRUE
"SVK_AGO",-1.2935923882144,9,TRUE
"SVK_ARE",-0.203449318357366,20,TRUE
"SVK_ARG",-0.210698589664095,6,TRUE
"SVK_AUS",-0.185703934691463,18,TRUE
"SVK_AZE",0.148393464910289,11,TRUE
"SVK_BDI",-2.24304361265185,9,TRUE
"SVK_BEN",-1.34667352014169,4,TRUE
"SVK_BFA",-0.845758764326719,9,TRUE
"SVK_BGD",-0.64596976741002,10,TRUE
"SVK_BHR",0.194379285151459,8,TRUE
"SVK_BLR",0.00292205608076366,18,TRUE
"SVK_BOL",-0.0281885175238469,14,TRUE
"SVK_BRA",-0.0683712998813497,18,TRUE
"SVK_BRN",-1.33245372554091,5,TRUE
"SVK_CAF",-1.20945344786794,16,TRUE
"SVK_CHN",-0.00142261265496198,6,TRUE
"SVK_COG",-0.739227453271049,13,TRUE
"SVK_CPV",-0.301754896514042,8,TRUE
"SVK_CUB",-0.456580666356736,9,TRUE
"SVK_ETH",-0.163370922052731,19,TRUE
"SVK_GAB",0.0450256344719444,6,TRUE
"SVK_GIB",0.183412083004405,7,TRUE
"SVK_GIN",-1.24402031634294,5,TRUE
"SVK_GMB",-0.673817492746592,14,TRUE
"SVK_GNQ",-0.987270667032054,6,TRUE
"SVK_HKG",0.0485312842801392,12,TRUE
"SVK_HTI",-2.48314030504938,4,TRUE
"SVK_IND",-0.20643680771504,14,TRUE
"SVK_IRN",-0.283496232447604,6,TRUE
"SVK_IRQ",-0.419281154410166,6,TRUE
"SVK_KAZ",-0.638370605093775,4,TRUE
"SVK_KEN",-0.126703980874118,19,TRUE
"SVK_KGZ",-0.781363326695823,5,TRUE
"SVK_KHM",-0.336865665655506,12,TRUE
"SVK_KWT",0.0106279496253652,15,TRUE
"SVK_LAO",-2.89668998094503,12,TRUE
"SVK_LBY",-0.314979935915847,17,TRUE
"SVK_LKA",-0.378717679554845,9,TRUE
"SVK_MAC",-1.36968064214949,7,TRUE
"SVK_MDV",-1.67577312139254,6,TRUE
"SVK_MLI",-0.417942014978577,11,TRUE
"SVK_MMR",-0.77405469346569,15,TRUE
"SVK_MNG",0.122382388518753,7,TRUE
"SVK_MRT",-0.636252748825358,11,TRUE
"SVK_MWI",-0.532372768382282,4,TRUE
"SVK_MYS",-0.0323690668504353,11,TRUE
"SVK_NER",-0.329301770386688,7,TRUE
"SVK_NGA",-0.29902240325711,14,TRUE
"SVK_NPL",-0.72660351827987,13,TRUE
"SVK_OMN",-0.204811673306349,16,TRUE
"SVK_PAK",-0.0088884310799715,11,TRUE
"SVK_PHL",-0.71296507776847,14,TRUE
"SVK_PLW",-2.79930281184533,4,TRUE
"SVK_PRK",-2.36487141543313,5,TRUE
"SVK_PRY",-0.0365544662087312,10,TRUE
"SVK_QAT",0.219604490431059,5,TRUE
"SVK_RUS",0.0314237775029102,16,TRUE
"SVK_RWA",-0.856368731552692,9,TRUE
"SVK_SAU",0.100951964894546,9,TRUE
"SVK_SDN",-0.26319650158109,16,TRUE
"SVK_SEN",-0.325719958940978,10,TRUE
"SVK_SLE",-1.27956811613504,18,TRUE
"SVK_TCD",-1.41633760577086,7,TRUE
"SVK_TGO",-0.00947145438535302,4,TRUE
"SVK_THA",-0.216595344500867,17,TRUE
"SVK_TJK",-0.393201035238079,14,TRUE
"SVK_TKM",-0.305511647883216,16,TRUE
"SVK_TZA",0.273959537625481,4,TRUE
"SVK_UGA",-0.447096750029896,10,TRUE
"SVK_URY",-0.0899108539122476,11,TRUE
"SVK_USA",0.225455590386669,5,TRUE
"SVK_UZB",0.216059458724962,20,TRUE
"SVK_VEN",-0.92921879238112,5,TRUE
"SVK_VNM",-0.197427098408757,19,TRUE
"SVK_YEM",-1.07855047977508,10,TRUE
"SVK_ZMB",-0.298093974623867,8,TRUE
"SVN_AFG",-0.645457917457805,9,TRUE
"SVN_AGO",-1.45007595994492,14,TRUE
"SVN_ARE",-0.0475312084356452,17,TRUE
"SVN_ARG",-0.0990123416612664,22,TRUE
"SVN_AUS",-0.0116548636004842,20,TRUE
"SVN_AZE",0.239857085042074,5,TRUE
"SVN_BDI",-0.341791529692119,8,TRUE
"SVN_BEN",-0.174735704286418,6,TRUE
"SVN_BFA",0.294825498433368,4,TRUE
"SVN_BGD",-0.134622082764836,9,TRUE
"SVN_BHR",-0.121467587876716,13,TRUE
"SVN_BLR",-0.0737064794751008,7,TRUE
"SVN_BOL",-0.0472260248897353,17,TRUE
"SVN_BRA",-0.0205565780915165,6,TRUE
"SVN_CAF",-1.18913906219852,14,TRUE
"SVN_CHN",0.105251954755052,8,TRUE
"SVN_COG",0.131752049260055,7,TRUE
"SVN_CUB",0.123041807509481,10,TRUE
"SVN_DJI",-0.174215406874996,17,TRUE
"SVN_ETH",-0.288112345171888,17,TRUE
"SVN_GAB",-0.754836357299878,18,TRUE
"SVN_GIB",-1.67084360343424,12,TRUE
"SVN_GIN",-2.16808491338689,15,TRUE
"SVN_GNB",0.0432556407433616,4,TRUE
"SVN_IND",-0.105056882427343,13,TRUE
"SVN_IRN",-0.138483365611449,19,TRUE
"SVN_IRQ",-0.318041124605904,16,TRUE
"SVN_KAZ",-0.000622587965840524,19,TRUE
"SVN_KEN",-0.417005746438563,14,TRUE
"SVN_KGZ",0.104251690084303,8,TRUE
"SVN_KHM",-0.791618758404946,14,TRUE
"SVN_KWT",0.0808036500158219,7,TRUE
"SVN_LAO",-0.535690935076555,4,TRUE
"SVN_LBR",-0.84013600138172,14,TRUE
"SVN_LBY",-0.174232216242256,8,TRUE
"SVN_MAC",-0.0427686532984535,20,TRUE
"SVN_MDV",0.200261348108681,5,TRUE
"SVN_MLI",-0.384842413192703,9,TRUE
"SVN_MMR",-0.152993458725853,6,TRUE
"SVN_MNG",0.322512213155005,7,TRUE
"SVN_MRT",-0.850472541779854,7,TRUE
"SVN_MYS",0.22937709299148,7,TRUE
"SVN_NER",-0.120947827527048,9,TRUE
"SVN_NGA",0.212709280573981,9,TRUE
"SVN_NPL",-0.330854259921124,5,TRUE
"SVN_NZL",-0.0748441497634147,12,TRUE
"SVN_OMN",0.185953308149162,8,TRUE
"SVN_PAK",-0.559081479813463,13,TRUE
"SVN_PHL",-0.537612615992052,18,TRUE
"SVN_PRK",-1.08445415196144,8,TRUE
"SVN_PRY",-0.626957740517026,20,TRUE
"SVN_QAT",-0.235082114461255,20,TRUE
"SVN_RUS",-0.0287522437668869,15,TRUE
"SVN_RWA",-0.537172646202852,6,TRUE
"SVN_SAU",-0.0236197895023073,9,TRUE
"SVN_SDN",0.156788161621145,10,TRUE
"SVN_SEN",-0.390205534781145,20,TRUE
"SVN_SLE",-0.520254637445572,15,TRUE
"SVN_THA",0.232199676914935,6,TRUE
"SVN_TJK",-0.385657189831351,5,TRUE
"SVN_TKM",-0.576378921996976,17,TRUE
"SVN_TWN",-0.111786472040867,10,TRUE
"SVN_TZA",-0.61171443850984,18,TRUE
"SVN_UGA",-0.624478643877989,10,TRUE
"SVN_URY",-0.164212223247037,15,TRUE
"SVN_UZB",8.07214332879828e-05,7,TRUE
"SVN_VEN",-0.502600300082579,7,TRUE
"SVN_VNM",-0.337330345329542,16,TRUE
"SVN_YEM",-0.0554625440647467,12,TRUE
"SVN_ZMB",-0.270572148056838,7,TRUE
"SWE_AFG",-0.0623019545889109,9,TRUE
"SWE_AGO",-0.444974202570522,21,TRUE
"SWE_ARE",-0.0306874738786202,24,TRUE
"SWE_ARG",-0.00889005755023972,17,TRUE
"SWE_ASM",-2.30649578639167,4,TRUE
"SWE_AUS",-0.0501852201574029,23,TRUE
"SWE_AZE",-0.197605870129086,9,TRUE
"SWE_BDI",-0.637285455499583,6,TRUE
"SWE_BEN",0.0436830419649011,9,TRUE
"SWE_BFA",0.1440784279634,14,TRUE
"SWE_BGD",-0.0479390824635026,18,TRUE
"SWE_BHR",-0.0530962365009633,6,TRUE
"SWE_BLR",-0.171283801745049,7,TRUE
"SWE_BRA",-0.021016602475283,19,TRUE
"SWE_BRN",0.00208826209627336,8,TRUE
"SWE_BTN",-0.391851641708017,19,TRUE
"SWE_CAF",-0.385543170167256,12,TRUE
"SWE_CHN",-0.0359240676564675,7,TRUE
"SWE_COD",-0.552478444640394,22,TRUE
"SWE_COG",-0.33316455668461,6,TRUE
"SWE_COM",-0.842275090791196,4,TRUE
"SWE_CPV",-0.830469800502373,6,TRUE
"SWE_CUB",-0.00318167458309328,11,TRUE
"SWE_DJI",-0.13409027496717,14,TRUE
"SWE_ERI",0.477102934870507,7,TRUE
"SWE_ETH",-0.401690434043432,8,TRUE
"SWE_FSM",-2.20060795382048,13,TRUE
"SWE_GAB",-0.124043414423141,20,TRUE
"SWE_GIB",-0.153678594606742,16,TRUE
"SWE_GIN",-0.364431754482952,21,TRUE
"SWE_GMB",0.330892498958845,6,TRUE
"SWE_GNB",-0.0874595992433595,16,TRUE
"SWE_GNQ",-0.392888457171969,15,TRUE
"SWE_GUM",0.0185909126872228,6,TRUE
"SWE_HKG",-0.150667362067351,16,TRUE
"SWE_HTI",-0.446065456417704,14,TRUE
"SWE_IDN",-0.157686879119854,6,TRUE
"SWE_IND",0.0257609698785167,16,TRUE
"SWE_IRN",-0.124998267812518,17,TRUE
"SWE_IRQ",0.126387598084821,8,TRUE
"SWE_KAZ",-0.0744388779894922,22,TRUE
"SWE_KEN",-0.0656388528760164,11,TRUE
"SWE_KGZ",-0.165479560925664,18,TRUE
"SWE_KHM",0.0805768605541106,10,TRUE
"SWE_KIR",-1.3045179746309,14,TRUE
"SWE_KWT",-0.116566686599488,5,TRUE
"SWE_LAO",-0.906702291619802,11,TRUE
"SWE_LBR",-0.531165479662173,14,TRUE
"SWE_LBY",-0.288925194597719,15,TRUE
"SWE_LKA",-0.0264881169586806,19,TRUE
"SWE_MAC",-0.303254512407008,19,TRUE
"SWE_MDV",-0.180465436893007,14,TRUE
"SWE_MHL",-2.5940905686708,16,TRUE
"SWE_MLI",0.155844454917484,12,TRUE
"SWE_MMR",0.295013642460861,11,TRUE
"SWE_MNG",-0.0108624376150564,13,TRUE
"SWE_MNP",-0.587344434369095,10,TRUE
"SWE_MRT",-0.106541441914679,19,TRUE
"SWE_MWI",-0.739692396862799,8,TRUE
"SWE_MYS",-0.238411577678872,6,TRUE
"SWE_NER",0.160182112995335,7,TRUE
"SWE_NGA",0.000714348704737522,16,TRUE
"SWE_NPL",-0.154821040985537,9,TRUE
"SWE_NZL",-0.101849121982676,5,TRUE
"SWE_OMN",-0.286848801259495,5,TRUE
"SWE_PAK",-0.00485135929307368,8,TRUE
"SWE_PHL",-0.0196713070369508,15,TRUE
"SWE_PRK",-2.78781113873124,15,TRUE
"SWE_PRY",-0.0653938825967411,12,TRUE
"SWE_QAT",-0.181777927237935,19,TRUE
"SWE_RUS",-0.0114746743796115,8,TRUE
"SWE_RWA",0.113990325718213,11,TRUE
"SWE_SAU",-0.100694624617239,6,TRUE
"SWE_SDN",0.0708858035876754,10,TRUE
"SWE_SEN",-0.106585060660691,22,TRUE
"SWE_SLB",0.0244902352654356,16,TRUE
"SWE_SLE",-0.335551173817375,12,TRUE
"SWE_SOM",-1.04078888500912,22,TRUE
"SWE_STP",-1.96524390895635,14,TRUE
"SWE_TCD",-1.70334957175581,8,TRUE
"SWE_TGO",-0.47525158823755,12,TRUE
"SWE_THA",-0.122013070871625,19,TRUE
"SWE_TJK",-0.607442229266691,13,TRUE
"SWE_TKL",-0.305583688150107,8,TRUE
"SWE_TKM",-0.281910429584507,11,TRUE
"SWE_TON",-0.482815720987773,18,TRUE
"SWE_TWN",-0.052245146413422,10,TRUE
"SWE_TZA",-0.106880811681035,22,TRUE
"SWE_UGA",-0.567236755418469,8,TRUE
"SWE_UMI",-0.0849456183736503,5,TRUE
"SWE_URY",-0.0763744031742249,23,TRUE
"SWE_USA",-0.00133994401355655,23,TRUE
"SWE_UZB",-0.145110345164715,9,TRUE
"SWE_VEN",-0.48554386284106,10,TRUE
"SWE_VNM",-0.133769725272292,9,TRUE
"SWE_VUT",-0.457269598137336,4,TRUE
"SWE_WSM",-0.349233951571669,9,TRUE
"SWE_YEM",-0.0905397841759181,17,TRUE
"SWE_ZMB",-0.0219540812539608,7,TRUE
"SWZ_ARE",0.906420283420808,5,TRUE
"SWZ_ATG",0.0606196854647001,4,TRUE
"SWZ_AUS",-2.27899182510601,6,TRUE
"SWZ_BEN",-0.362864512514634,11,TRUE
"SWZ_BGD",-1.23523759651798,6,TRUE
"SWZ_BIH",-1.17956392076819,5,TRUE
"SWZ_BOL",-0.937003041146715,5,TRUE
"SWZ_BRB",-0.149775574921575,14,TRUE
"SWZ_BRN",-1.66781566850448,7,TRUE
"SWZ_CAN",-0.0170497637660249,15,TRUE
"SWZ_CHN",-1.60917167051591,10,TRUE
"SWZ_CIV",-4.59805081111851,5,TRUE
"SWZ_CMR",-0.283940984831394,10,TRUE
"SWZ_COL",-0.294112325316225,12,TRUE
"SWZ_CRI",-0.943399951249032,10,TRUE
"SWZ_DMA",-0.191986266051515,6,TRUE
"SWZ_DOM",0.370186569010011,11,TRUE
"SWZ_DZA",-0.146997377076097,8,TRUE
"SWZ_ECU",0.646650560497702,6,TRUE
"SWZ_FJI",0.214781386177811,5,TRUE
"SWZ_GRD",-0.160503477785138,12,TRUE
"SWZ_GTM",-2.13284140359828,9,TRUE
"SWZ_GUY",0.618987508862218,6,TRUE
"SWZ_IDN",-0.691565566760082,10,TRUE
"SWZ_IND",-0.176134217085194,8,TRUE
"SWZ_ISR",-1.36162242022101,5,TRUE
"SWZ_JPN",-1.26298325870974,8,TRUE
"SWZ_KAZ",-0.66891024055036,4,TRUE
"SWZ_KNA",-1.19920853019668,4,TRUE
"SWZ_KOR",-0.782943504252216,4,TRUE
"SWZ_LBN",-0.563898793300359,6,TRUE
"SWZ_LKA",0.552734578721973,6,TRUE
"SWZ_MAR",0.526156326596762,5,TRUE
"SWZ_MDA",-0.875732789626221,11,TRUE
"SWZ_MEX",0.0634554338142751,14,TRUE
"SWZ_MLI",-0.296759114394778,13,TRUE
"SWZ_MNE",-1.14167280000288,8,TRUE
"SWZ_MRT",-1.13697720213528,6,TRUE
"SWZ_MYS",-0.427847124604246,16,TRUE
"SWZ_NCL",-0.293411561529411,4,TRUE
"SWZ_NER",0.167257069452236,4,TRUE
"SWZ_NGA",0.472492125304138,6,TRUE
"SWZ_NIC",-0.906235351584868,10,TRUE
"SWZ_NZL",-4.30633124010695,8,TRUE
"SWZ_PAK",0.0868439856628569,4,TRUE
"SWZ_PER",-0.282115623622279,8,TRUE
"SWZ_PHL",-1.66158885396254,8,TRUE
"SWZ_RUS",-0.519035666710708,15,TRUE
"SWZ_SAU",-0.668622297827908,12,TRUE
"SWZ_SGP",-0.025235079410294,11,TRUE
"SWZ_SRB",-1.88294344043772,5,TRUE
"SWZ_TGO",-1.6163805347644,5,TRUE
"SWZ_TTO",-0.171452297060853,8,TRUE
"SWZ_TUR",-2.85938406908481,12,TRUE
"SWZ_TWN",-1.40760871236875,10,TRUE
"SWZ_UKR",0.272008502405668,7,TRUE
"SWZ_USA",-1.05402605186062,6,TRUE
"SWZ_VCT",0.334436547457134,9,TRUE
"SWZ_YEM",-2.77689034226137,7,TRUE
"SYC_ARE",-1.59499393663414,13,TRUE
"SYC_AUS",-0.0683263199327087,16,TRUE
"SYC_BIH",-2.87699065246524,11,TRUE
"SYC_BRA",-0.868540481091338,6,TRUE
"SYC_CAN",-0.217818442393188,15,TRUE
"SYC_CHE",-0.664393091954715,19,TRUE
"SYC_CHN",-0.876512890373787,5,TRUE
"SYC_COL",-0.503413688791222,4,TRUE
"SYC_CUB",-0.891271551389331,7,TRUE
"SYC_GHA",0.0181424591693822,12,TRUE
"SYC_HKG",0.070141466770342,10,TRUE
"SYC_IDN",0.667303121155917,6,TRUE
"SYC_IND",-0.600046544596333,15,TRUE
"SYC_ISL",0.166394139312134,4,TRUE
"SYC_ISR",-2.23272235151678,4,TRUE
"SYC_JPN",0.119812856513402,19,TRUE
"SYC_KAZ",-1.2709331020589,7,TRUE
"SYC_KNA",-1.1651121329998,5,TRUE
"SYC_KOR",0.642320359199202,6,TRUE
"SYC_LBN",-0.891909419975362,12,TRUE
"SYC_LKA",0.124778416714057,11,TRUE
"SYC_MAR",-2.03904117334517,17,TRUE
"SYC_MDV",-1.36107370558725,8,TRUE
"SYC_MEX",-0.631132388240958,9,TRUE
"SYC_MYS",-0.76162197419994,16,TRUE
"SYC_MYT",-1.8137809619956,4,TRUE
"SYC_NOR",-1.10371680983772,11,TRUE
"SYC_NZL",-1.54520952175167,18,TRUE
"SYC_PER",0.0771534267070339,6,TRUE
"SYC_PHL",-0.879717073210322,13,TRUE
"SYC_PYF",0.0777594234306202,11,TRUE
"SYC_RUS",-0.240225559537825,11,TRUE
"SYC_SAU",-7.12109712765838,8,TRUE
"SYC_SGP",-0.54114971276083,15,TRUE
"SYC_TUR",0.757785579297071,5,TRUE
"SYC_TWN",0.455595577534751,8,TRUE
"SYC_UKR",-0.448605155394031,7,TRUE
"SYC_USA",-0.0578112278527998,21,TRUE
"SYR_AGO",-1.29527633503443,8,TRUE
"SYR_ALB",-0.165453379433059,4,TRUE
"SYR_ARG",-0.993672790331255,13,TRUE
"SYR_ARM",0.330091576059847,11,TRUE
"SYR_ATG",1.385392056412,7,TRUE
"SYR_AUS",-0.100548965077229,11,TRUE
"SYR_AZE",-0.439258727963758,11,TRUE
"SYR_BEN",0.106762265404657,12,TRUE
"SYR_BFA",-1.3108970511085,9,TRUE
"SYR_BGD",-2.07128859940575,8,TRUE
"SYR_BIH",-1.11137993837104,6,TRUE
"SYR_BLR",0.658081651013858,14,TRUE
"SYR_BOL",-0.902294139390085,8,TRUE
"SYR_BRA",-0.39060690764503,19,TRUE
"SYR_BRB",-0.841374368402388,4,TRUE
"SYR_BRN",-0.567264664968675,5,TRUE
"SYR_CHE",-2.11112287221854,13,TRUE
"SYR_CHL",-0.124582458416211,20,TRUE
"SYR_CHN",-0.453264549937109,15,TRUE
"SYR_CMR",-0.365455063020402,10,TRUE
"SYR_COG",-2.00416883072338,4,TRUE
"SYR_COL",-0.625253137069926,24,TRUE
"SYR_CRI",-0.125217480866045,12,TRUE
"SYR_CUB",-0.410073483226895,5,TRUE
"SYR_DOM",0.512515749476712,10,TRUE
"SYR_ECU",0.149941335523647,17,TRUE
"SYR_ETH",-0.7074814252089,10,TRUE
"SYR_FRO",0.30912343951925,5,TRUE
"SYR_GEO",-0.134135340979011,14,TRUE
"SYR_GHA",-0.5104382481503,18,TRUE
"SYR_GMB",-2.29190625603328,6,TRUE
"SYR_GRD",0.265440942353364,6,TRUE
"SYR_GTM",-1.09950683437667,10,TRUE
"SYR_HKG",-0.597701861580577,10,TRUE
"SYR_HND",-0.872143309548397,12,TRUE
"SYR_IDN",-1.85175164885587,9,TRUE
"SYR_IND",-0.242738614228832,21,TRUE
"SYR_IRN",1.08960694072194,11,TRUE
"SYR_ISL",0.127060082520765,9,TRUE
"SYR_JPN",-1.14799171301649,9,TRUE
"SYR_KAZ",-0.627668424699549,13,TRUE
"SYR_KEN",-1.13954325523051,10,TRUE
"SYR_KGZ",-0.353942245268099,11,TRUE
"SYR_KOR",-1.17206870180204,19,TRUE
"SYR_LKA",-1.06123563676284,6,TRUE
"SYR_MDA",-1.21659585102802,4,TRUE
"SYR_MDG",-0.995726012162301,9,TRUE
"SYR_MEX",-0.791036817406129,11,TRUE
"SYR_MKD",-1.87841583704623,12,TRUE
"SYR_MLI",-0.922202153710748,6,TRUE
"SYR_MNE",0.399415579567708,7,TRUE
"SYR_MOZ",-1.4355016910085,13,TRUE
"SYR_MRT",-1.89707958169627,6,TRUE
"SYR_MUS",-0.502175579129853,12,TRUE
"SYR_MYS",-2.12545450355729,14,TRUE
"SYR_NCL",1.39215278231743,4,TRUE
"SYR_NER",-1.99331459263038,8,TRUE
"SYR_NGA",-1.80463202133188,12,TRUE
"SYR_NOR",-0.346014514228672,13,TRUE
"SYR_NZL",-1.47413811072475,13,TRUE
"SYR_PAK",-0.31640842371042,16,TRUE
"SYR_PER",-1.16765946294599,18,TRUE
"SYR_PHL",-2.99506548876963,17,TRUE
"SYR_PRY",0.340224335354236,10,TRUE
"SYR_PYF",1.06802984833681,9,TRUE
"SYR_RUS",0.736889185255972,8,TRUE
"SYR_SEN",-0.682542834844085,16,TRUE
"SYR_SGP",-3.58912572384794,4,TRUE
"SYR_SRB",0.0686965035314569,9,TRUE
"SYR_TGO",-0.618588792607584,9,TRUE
"SYR_TTO",-1.28477780311526,16,TRUE
"SYR_TWN",-1.63266356189429,19,TRUE
"SYR_TZA",-1.04377902648655,16,TRUE
"SYR_UGA",-0.162141871477276,18,TRUE
"SYR_UKR",-0.133640375615864,14,TRUE
"SYR_URY",-0.833021959379939,14,TRUE
"SYR_USA",-0.484239888278517,22,TRUE
"SYR_UZB",-2.569655810555,7,TRUE
"SYR_VEN",-0.225956569473417,20,TRUE
"SYR_VNM",-0.55176945703961,7,TRUE
"SYR_ZAF",0.272912414829352,10,TRUE
"SYR_ZMB",-2.39123481579895,9,TRUE
"SYR_ZWE",-0.324655372427249,8,TRUE
"TCA_BHS",0.778175908744152,6,TRUE
"TCA_BRA",-3.64896129752134,10,TRUE
"TCA_BRB",-1.70984613061478,10,TRUE
"TCA_CAF",0.103870667690636,7,TRUE
"TCA_CAN",-0.570082762950147,4,TRUE
"TCA_CHE",-0.82950556832117,9,TRUE
"TCA_CIV",0.00309828113353017,4,TRUE
"TCA_CRI",-1.64425674389961,4,TRUE
"TCA_DOM",-0.0878892444055315,8,TRUE
"TCA_ETH",-2.755498437063,8,TRUE
"TCA_GUY",-0.738794148879845,4,TRUE
"TCA_JAM",-0.570635841073167,11,TRUE
"TCA_KOR",-1.19295582937293,7,TRUE
"TCA_LCA",-2.17344658120896,6,TRUE
"TCA_MEX",-1.44486436752366,5,TRUE
"TCA_NIC",-3.87888847675332,4,TRUE
"TCA_RUS",-1.60725535640669,15,TRUE
"TCA_THA",-0.0517463134613178,5,TRUE
"TCA_UKR",-2.19143558531266,11,TRUE
"TCA_USA",-0.0960107180431285,9,TRUE
"TCA_ZAF",-1.41910911159156,8,TRUE
"TCA_ZMB",0.777361058676796,4,TRUE
"TCD_AUT",-3.79875833822655,19,TRUE
"TCD_BEL",-3.52355568630723,15,TRUE
"TCD_CAN",-2.62676531626357,10,TRUE
"TCD_CHE",-2.52112939310746,14,TRUE
"TCD_CHN",-0.269631121645643,8,TRUE
"TCD_CYP",-1.77607206018897,5,TRUE
"TCD_CZE",-2.66443149989493,15,TRUE
"TCD_DEU",0.147140695309267,25,TRUE
"TCD_DOM",-0.127058619337032,5,TRUE
"TCD_DZA",-2.41905368184671,13,TRUE
"TCD_ESP",-1.52430522854429,19,TRUE
"TCD_ETH",-3.11619028164806,10,TRUE
"TCD_FRA",-0.133483273722496,7,TRUE
"TCD_GBR",-3.43638817466658,4,TRUE
"TCD_GHA",-3.15492660439301,4,TRUE
"TCD_IDN",-0.535934000615656,9,TRUE
"TCD_IRL",-2.68360482661968,8,TRUE
"TCD_ITA",-2.59436172770993,11,TRUE
"TCD_JPN",-2.8662569844326,11,TRUE
"TCD_KOR",-6.66874070333829,10,TRUE
"TCD_MAR",-3.66333376681687,15,TRUE
"TCD_MEX",-1.62243516076331,13,TRUE
"TCD_MKD",-1.19391263525676,11,TRUE
"TCD_MUS",-4.3760551790886,8,TRUE
"TCD_NLD",-2.13703026480165,10,TRUE
"TCD_PAK",-0.558801874818332,12,TRUE
"TCD_POL",-0.933020402231499,22,TRUE
"TCD_PRT",-1.54219925328727,16,TRUE
"TCD_RWA",-2.14387967816063,5,TRUE
"TCD_SVK",-3.12138648061386,7,TRUE
"TCD_SWE",-5.01722117021917,7,TRUE
"TCD_THA",-2.32674656787147,12,TRUE
"TCD_TUN",-4.1612064893409,13,TRUE
"TCD_TUR",1.23016013134626,4,TRUE
"TCD_TWN",-2.60261375362446,14,TRUE
"TCD_USA",-0.70051436572726,5,TRUE
"TCD_ZAF",-2.39438294242913,6,TRUE
"TGO_AGO",0.0872617843165128,6,TRUE
"TGO_ARE",0.304119930566312,6,TRUE
"TGO_AUT",-1.54704847029432,22,TRUE
"TGO_BGD",-0.38523641511809,4,TRUE
"TGO_BRA",-4.50718729381583,9,TRUE
"TGO_CAF",-0.268664793887798,16,TRUE
"TGO_CAN",-1.84958936436096,19,TRUE
"TGO_CHE",-1.73490589706954,22,TRUE
"TGO_CHN",0.0954596783727901,18,TRUE
"TGO_CMR",-0.38286619273306,9,TRUE
"TGO_COD",-0.271976249644451,7,TRUE
"TGO_COG",-0.898383525227423,18,TRUE
"TGO_CZE",-1.53220722765128,9,TRUE
"TGO_DEU",-1.90439707300299,8,TRUE
"TGO_DNK",-4.22527277347962,7,TRUE
"TGO_DZA",-2.66727847328641,4,TRUE
"TGO_EGY",-4.09330236789414,12,TRUE
"TGO_ESP",-0.166532608599938,26,TRUE
"TGO_ETH",-1.47879027094174,5,TRUE
"TGO_FIN",-3.19078342326869,5,TRUE
"TGO_FRA",-0.150404452865158,16,TRUE
"TGO_GAB",-0.489605307794815,17,TRUE
"TGO_GBR",-0.552227434748397,10,TRUE
"TGO_GNQ",-0.360945783443784,6,TRUE
"TGO_GRC",-0.858941878764722,24,TRUE
"TGO_HKG",-0.203917042758902,9,TRUE
"TGO_HRV",-1.05140499436284,11,TRUE
"TGO_HUN",-3.24905535084652,10,TRUE
"TGO_IDN",-0.702401690926922,4,TRUE
"TGO_IND",-0.0951996920397029,4,TRUE
"TGO_IRL",-2.63327335845919,12,TRUE
"TGO_ISR",-2.45492066406386,5,TRUE
"TGO_ITA",-0.492359882509288,7,TRUE
"TGO_JPN",-0.73652824526439,8,TRUE
"TGO_KOR",0.508558870281076,5,TRUE
"TGO_LBN",0.117424660135065,10,TRUE
"TGO_MAR",-0.358119885906231,15,TRUE
"TGO_MDG",-2.37096889182365,4,TRUE
"TGO_MEX",-3.6524583858052,12,TRUE
"TGO_MOZ",-0.914768176622346,4,TRUE
"TGO_MYS",-0.577386705297282,11,TRUE
"TGO_NLD",-0.179463766476301,23,TRUE
"TGO_NOR",-2.49718279422589,13,TRUE
"TGO_NZL",-4.38875186040765,6,TRUE
"TGO_PAK",-0.324370200480785,12,TRUE
"TGO_PHL",-4.72823261067059,9,TRUE
"TGO_POL",-3.82176307354868,4,TRUE
"TGO_PRT",-1.06217323425146,11,TRUE
"TGO_SDN",-0.0803004449238762,4,TRUE
"TGO_SGP",-0.424522729038999,7,TRUE
"TGO_STP",-0.305050116723924,14,TRUE
"TGO_SWE",-1.70458128227447,9,TRUE
"TGO_SWZ",-0.443850128122492,4,TRUE
"TGO_THA",-1.42439371037985,5,TRUE
"TGO_TUN",-2.02438710162213,4,TRUE
"TGO_TUR",-0.822550131831143,5,TRUE
"TGO_TWN",-1.71703504900367,16,TRUE
"TGO_TZA",-0.708692862458872,4,TRUE
"TGO_UGA",0.0324721715361539,4,TRUE
"TGO_UKR",-1.01136030011083,11,TRUE
"TGO_URY",-1.62763961185845,10,TRUE
"TGO_USA",-0.209264663484882,12,TRUE
"TGO_VNM",-0.485565780221099,6,TRUE
"TGO_ZAF",-1.16697756651939,15,TRUE
"THA_ABW",0.885964416389086,4,TRUE
"THA_AFG",-0.842727801507381,8,TRUE
"THA_AGO",-0.277083910755798,25,TRUE
"THA_AIA",-1.48052791099938,19,TRUE
"THA_ALB",0.0367371021226949,14,TRUE
"THA_AND",-0.212737617488113,17,TRUE
"THA_ANT",-0.289538067403104,10,TRUE
"THA_ARE",-0.0552621862328681,20,TRUE
"THA_ARM",0.0500850946140139,5,TRUE
"THA_ASM",-1.23420245393284,5,TRUE
"THA_ATF",-0.943678848225582,15,TRUE
"THA_ATG",-0.327612886371892,18,TRUE
"THA_AUT",0.0861398881299552,17,TRUE
"THA_AZE",-0.0493853284292817,15,TRUE
"THA_BDI",0.0218258176732122,17,TRUE
"THA_BEL",-0.049097278440562,15,TRUE
"THA_BFA",0.00621609065135895,16,TRUE
"THA_BGR",-0.097432782739303,16,TRUE
"THA_BHR",-0.115232337755785,22,TRUE
"THA_BHS",0.481149689797231,6,TRUE
"THA_BIH",-0.0466121307762965,5,TRUE
"THA_BLR",0.00556722745457163,10,TRUE
"THA_BLZ",-0.0156524632269054,23,TRUE
"THA_BMU",0.0131899369711487,7,TRUE
"THA_BRB",0.373449141077691,9,TRUE
"THA_BTN",-0.296469534544092,20,TRUE
"THA_BWA",-1.0067635203509,7,TRUE
"THA_CAF",-0.723151378031835,15,TRUE
"THA_CHE",-0.214395140856807,17,TRUE
"THA_CIV",-0.0158283306049071,21,TRUE
"THA_COD",-2.14675967526682,22,TRUE
"THA_COG",-0.255250539778606,6,TRUE
"THA_COK",0.150121170704561,10,TRUE
"THA_COM",-0.418963414801003,16,TRUE
"THA_CPV",-0.667495044463572,24,TRUE
"THA_CRI",-0.282832461407001,22,TRUE
"THA_CXR",-1.8309692922545,10,TRUE
"THA_CYM",-0.634716411999531,11,TRUE
"THA_CYP",-0.638306252257782,6,TRUE
"THA_CZE",-0.174479305733971,21,TRUE
"THA_DEU",0.0168156036536965,16,TRUE
"THA_DJI",-0.504204257391398,6,TRUE
"THA_DMA",-0.734426369345574,19,TRUE
"THA_DOM",-0.0637327673661511,23,TRUE
"THA_ERI",-1.05028401952523,13,TRUE
"THA_ESP",-0.205002540479629,5,TRUE
"THA_EST",-0.0537515015618296,20,TRUE
"THA_ETH",-0.0802810509342616,20,TRUE
"THA_FIN",0.099009759598832,14,TRUE
"THA_FJI",-0.000108893266308749,21,TRUE
"THA_FRA",-0.00465512161276113,26,TRUE
"THA_FRO",-1.28407649408953,16,TRUE
"THA_FSM",-0.0244755571510668,13,TRUE
"THA_GAB",0.0196098328898399,14,TRUE
"THA_GBR",-0.31647354710077,6,TRUE
"THA_GEO",-0.0173921262753718,8,TRUE
"THA_GMB",-0.38295603471604,22,TRUE
"THA_GNB",-1.67597156011906,15,TRUE
"THA_GNQ",1.03764538468175,6,TRUE
"THA_GRC",-0.419410788358856,5,TRUE
"THA_GRD",-0.431707631190217,25,TRUE
"THA_GRL",-0.294965838568671,5,TRUE
"THA_GTM",0.234718921059404,13,TRUE
"THA_GUF",1.51404289006447,6,TRUE
"THA_GUM",-0.273735098304165,5,TRUE
"THA_HND",0.268229067543006,13,TRUE
"THA_HRV",0.14044734415993,12,TRUE
"THA_HTI",-0.0253789130165001,7,TRUE
"THA_HUN",0.0402378866474185,23,TRUE
"THA_IRL",0.110862784468488,25,TRUE
"THA_ISL",-0.0988872339758743,6,TRUE
"THA_ISR",0.0532850717146573,26,TRUE
"THA_ITA",-0.0503469015774927,23,TRUE
"THA_JAM",0.051902836804984,17,TRUE
"THA_JOR",-0.0429359014124918,16,TRUE
"THA_KAZ",0.142288676059131,4,TRUE
"THA_KEN",-0.0442216743405094,17,TRUE
"THA_KGZ",-0.235167617092496,12,TRUE
"THA_KIR",-0.283230432226032,20,TRUE
"THA_KNA",-0.65283800321658,5,TRUE
"THA_KWT",0.0567076770712721,9,TRUE
"THA_LBN",-0.0354141057076625,17,TRUE
"THA_LBR",-0.291726413266577,16,TRUE
"THA_LCA",0.100289831714068,21,TRUE
"THA_LTU",-0.0617815100874531,12,TRUE
"THA_LUX",-0.811232013499129,4,TRUE
"THA_LVA",0.0546863336822657,16,TRUE
"THA_MDA",0.0331043826632345,8,TRUE
"THA_MDG",-0.452844603485017,8,TRUE
"THA_MHL",-0.688346056976239,4,TRUE
"THA_MKD",0.058734497429141,16,TRUE
"THA_MLI",-0.207675876123942,21,TRUE
"THA_MLT",-0.0657227234183985,10,TRUE
"THA_MNE",-0.198602624663799,4,TRUE
"THA_MNG",0.461570918115315,5,TRUE
"THA_MNP",-0.0381340130327319,20,TRUE
"THA_MRT",-0.338660305591247,11,TRUE
"THA_MSR",-0.310568624044249,10,TRUE
"THA_MUS",0.206867904633804,12,TRUE
"THA_MWI",-0.120265587957831,22,TRUE
"THA_MYT",0.0045825910388671,8,TRUE
"THA_NAM",-0.255787521234977,14,TRUE
"THA_NCL",0.0709702977341634,9,TRUE
"THA_NER",-0.20530336249615,15,TRUE
"THA_NFK",-2.10104806681211,9,TRUE
"THA_NLD",-0.0829429411796964,9,TRUE
"THA_NOR",-0.0534009588345952,22,TRUE
"THA_NPL",-0.0583614628193508,24,TRUE
"THA_NRU",-0.622792516226436,19,TRUE
"THA_OMN",-0.359265035887456,26,TRUE
"THA_PAN",0.186365234781235,13,TRUE
"THA_PLW",-0.665819862748295,8,TRUE
"THA_POL",-0.218991157048378,5,TRUE
"THA_PRI",-0.214624318108926,5,TRUE
"THA_PRT",-0.106564886855204,22,TRUE
"THA_PRY",0.0747589196827232,19,TRUE
"THA_PSE",0.145561954294218,7,TRUE
"THA_PYF",0.108385364314023,18,TRUE
"THA_QAT",-0.0465226476945856,17,TRUE
"THA_RUS",0.132707522493427,5,TRUE
"THA_RWA",-0.895243954784313,25,TRUE
"THA_SAU",0.107352599565764,11,TRUE
"THA_SEN",-0.48961639392749,11,TRUE
"THA_SHN",-0.557546779991643,12,TRUE
"THA_SLB",0.0859662931932133,24,TRUE
"THA_SLE",-0.0746928887121078,20,TRUE
"THA_SLV",0.322711121594467,9,TRUE
"THA_SMR",-0.887705100541524,7,TRUE
"THA_SOM",-0.526151601879954,18,TRUE
"THA_SRB",-0.0534105672959137,8,TRUE
"THA_STP",0.369934079110085,5,TRUE
"THA_SUR",0.208805496715089,15,TRUE
"THA_SVK",-0.0485026809246113,18,TRUE
"THA_SVN",0.119659353671238,8,TRUE
"THA_SWE",0.0323280570798781,17,TRUE
"THA_SWZ",-0.931787001921689,4,TRUE
"THA_SYC",0.00348732445887023,14,TRUE
"THA_SYR",-0.0778550470239918,23,TRUE
"THA_TCA",-0.142784657039171,8,TRUE
"THA_TCD",-0.186689200458506,16,TRUE
"THA_TGO",-0.528641782202898,6,TRUE
"THA_TJK",-0.103559003697982,14,TRUE
"THA_TKL",0.373589400402163,8,TRUE
"THA_TKM",0.0286428371637749,8,TRUE
"THA_TLS",-0.251423167192141,12,TRUE
"THA_TON",-0.089068180846372,5,TRUE
"THA_TUR",0.0253663683820977,7,TRUE
"THA_TUV",0.0842394438453352,11,TRUE
"THA_TWN",-0.0582355791474172,9,TRUE
"THA_UGA",0.0839267082123821,4,TRUE
"THA_UKR",0.0877431505799667,14,TRUE
"THA_UMI",-2.40601393133967,7,TRUE
"THA_URY",0.163344030258649,12,TRUE
"THA_USA",-0.0359479804950022,15,TRUE
"THA_UZB",-0.117785473509496,12,TRUE
"THA_VGB",0.260295470444434,17,TRUE
"THA_VUT",-0.0929825069263135,22,TRUE
"THA_WLF",-0.11652886056526,12,TRUE
"THA_WSM",-0.0935062873598,18,TRUE
"THA_YEM",0.0642233600809299,8,TRUE
"THA_ZAF",0.0218046381592585,14,TRUE
"THA_ZMB",0.0677976538773153,15,TRUE
"TJK_AUS",-4.14319467647402,6,TRUE
"TJK_AUT",-2.1909298585488,9,TRUE
"TJK_BEL",0.0468416734637293,8,TRUE
"TJK_BGR",-2.16160283878052,12,TRUE
"TJK_BIH",-2.90948151896369,7,TRUE
"TJK_BRA",-1.23271243948641,5,TRUE
"TJK_CHE",-2.60072237867194,21,TRUE
"TJK_CHN",0.182135489813886,11,TRUE
"TJK_CZE",-2.51072590142337,10,TRUE
"TJK_DEU",-0.740765521565159,15,TRUE
"TJK_DNK",-3.68483588747683,10,TRUE
"TJK_DZA",0.162249121704975,9,TRUE
"TJK_EGY",-0.920339063857068,15,TRUE
"TJK_ESP",-4.39326325004549,11,TRUE
"TJK_EST",-3.63399367843077,15,TRUE
"TJK_FRA",-0.95458905272612,15,TRUE
"TJK_GBR",-1.21842857912752,20,TRUE
"TJK_GEO",-0.817282369325368,10,TRUE
"TJK_GRC",-2.87663694842143,8,TRUE
"TJK_HKG",-0.124964838128455,6,TRUE
"TJK_HRV",-2.1463115149935,12,TRUE
"TJK_HUN",-1.87788571112902,17,TRUE
"TJK_IDN",-4.4270858262693,4,TRUE
"TJK_IND",-0.451301334701352,13,TRUE
"TJK_ITA",-0.124092735742327,15,TRUE
"TJK_JPN",0.134123009080336,10,TRUE
"TJK_KOR",-1.71192283932941,16,TRUE
"TJK_LBN",-0.693652746103244,16,TRUE
"TJK_LTU",-0.993807296895469,8,TRUE
"TJK_LUX",-4.80916954034212,5,TRUE
"TJK_LVA",-2.60599190848296,11,TRUE
"TJK_MAR",-2.71861493510085,11,TRUE
"TJK_MEX",-1.01001442939831,5,TRUE
"TJK_MKD",-3.26280346148767,11,TRUE
"TJK_NLD",-1.72860700912603,13,TRUE
"TJK_NOR",-4.61107943752598,10,TRUE
"TJK_POL",-2.51532236177653,10,TRUE
"TJK_PRT",-1.90654500870041,13,TRUE
"TJK_ROU",-2.27685795413044,10,TRUE
"TJK_SVK",-5.63962942557371,7,TRUE
"TJK_SVN",-2.72570072411132,8,TRUE
"TJK_THA",-2.14712516919562,12,TRUE
"TJK_TUN",-1.17053727817281,10,TRUE
"TJK_TWN",0.440417989120731,11,TRUE
"TJK_USA",-1.82257656620295,5,TRUE
"TJK_VNM",-0.358815106618889,8,TRUE
"TJK_ZAF",0.162187855209002,6,TRUE
"TKL_AGO",-1.92574062483341,4,TRUE
"TKL_AUT",-2.41923222822951,9,TRUE
"TKL_BEL",-0.59551080721603,6,TRUE
"TKL_BEN",0.165655537995124,4,TRUE
"TKL_BGD",-0.232496190323181,5,TRUE
"TKL_BRA",-0.0694302762654987,8,TRUE
"TKL_CAN",0.328061195974355,6,TRUE
"TKL_COL",0.399618854282086,6,TRUE
"TKL_CZE",-0.874752591967048,20,TRUE
"TKL_DEU",-3.16586601367743,11,TRUE
"TKL_DNK",-2.0960589114764,4,TRUE
"TKL_ESP",0.198487241747912,6,TRUE
"TKL_ETH",-0.926285560085037,7,TRUE
"TKL_FRA",-0.15255165375225,4,TRUE
"TKL_IDN",-1.4202722069188,4,TRUE
"TKL_IND",-1.65029002510539,6,TRUE
"TKL_IRL",0.560847713785193,4,TRUE
"TKL_ITA",-1.92602126092777,9,TRUE
"TKL_JPN",-1.78279346150897,6,TRUE
"TKL_KOR",-0.731584863483048,9,TRUE
"TKL_LBN",-0.310724439187108,12,TRUE
"TKL_LKA",-0.185892044749961,4,TRUE
"TKL_MMR",-2.81734918360153,4,TRUE
"TKL_MUS",-0.589447064403232,7,TRUE
"TKL_NGA",-1.79500153746526,6,TRUE
"TKL_NIC",-0.681115846547379,7,TRUE
"TKL_NLD",-0.876185898887623,7,TRUE
"TKL_NZL",0.246576477806004,8,TRUE
"TKL_PER",-0.139577198606683,11,TRUE
"TKL_POL",-1.36367195259925,11,TRUE
"TKL_RUS",0.0498318751873623,4,TRUE
"TKL_SRB",-0.908987442303133,4,TRUE
"TKL_SVK",-2.4044651897939,5,TRUE
"TKL_SYC",0.501125194596146,4,TRUE
"TKL_THA",-0.964612685568913,8,TRUE
"TKL_TWN",-0.5885061222113,7,TRUE
"TKL_TZA",-1.20169963898339,11,TRUE
"TKL_UGA",-5.21671164215978,5,TRUE
"TKL_USA",-0.713719102308893,10,TRUE
"TKL_ZAF",-0.321485768712276,10,TRUE
"TKL_ZMB",-0.486015534806367,10,TRUE
"TKL_ZWE",-1.63899345706797,10,TRUE
"TKM_AUS",-2.10774443375257,9,TRUE
"TKM_AUT",-1.22122404574756,19,TRUE
"TKM_BEL",-1.8421669554607,6,TRUE
"TKM_BGR",-0.698709069202204,6,TRUE
"TKM_BLR",0.0305500876694307,4,TRUE
"TKM_CAN",-0.630105628414952,16,TRUE
"TKM_CHE",-2.98962664353002,4,TRUE
"TKM_CHN",0.0605904550595943,10,TRUE
"TKM_COL",-4.05230197762809,4,TRUE
"TKM_CRI",-2.35173017794848,4,TRUE
"TKM_CZE",-2.96837733920464,4,TRUE
"TKM_DEU",-0.389201459842548,21,TRUE
"TKM_DNK",-5.0101281632206,11,TRUE
"TKM_DOM",-0.902016872750784,6,TRUE
"TKM_EGY",-2.29117517609643,6,TRUE
"TKM_ESP",-2.69144748367728,4,TRUE
"TKM_EST",-5.09159633474012,9,TRUE
"TKM_FIN",-5.48128694243082,4,TRUE
"TKM_FRA",-1.3969384035732,6,TRUE
"TKM_GBR",-0.767464706316159,18,TRUE
"TKM_GRC",0.0253546804615161,15,TRUE
"TKM_HKG",-1.30213113169625,4,TRUE
"TKM_HRV",-4.34874563014842,15,TRUE
"TKM_HUN",-4.14241089054715,15,TRUE
"TKM_IDN",-0.856840144725298,7,TRUE
"TKM_IND",0.301244224867797,17,TRUE
"TKM_IRL",-1.53837287150238,14,TRUE
"TKM_ISR",-3.4735462379793,9,TRUE
"TKM_ITA",-0.62222770359414,8,TRUE
"TKM_JPN",-2.51771237684665,11,TRUE
"TKM_KOR",-1.21729981661563,16,TRUE
"TKM_LBN",-3.95167222481112,8,TRUE
"TKM_LTU",-0.69031006199324,11,TRUE
"TKM_LVA",-3.92445115998671,8,TRUE
"TKM_MAR",-2.02461993426519,14,TRUE
"TKM_MDA",-2.22484647623708,8,TRUE
"TKM_MEX",-1.29392619257769,7,TRUE
"TKM_MKD",-2.53012256102966,5,TRUE
"TKM_MNE",-1.10421924706906,4,TRUE
"TKM_MYS",-1.13546724574262,18,TRUE
"TKM_NLD",-0.735352829056078,12,TRUE
"TKM_NOR",-0.682221887906563,15,TRUE
"TKM_POL",-0.770332152922558,21,TRUE
"TKM_PRT",-0.300196287700056,14,TRUE
"TKM_ROU",-0.54814133181868,16,TRUE
"TKM_SVK",-7.77141644086904,4,TRUE
"TKM_SVN",-2.32790034336745,17,TRUE
"TKM_SWE",-3.96704953874346,12,TRUE
"TKM_THA",-0.683903055427008,4,TRUE
"TKM_TWN",-3.98767701757054,8,TRUE
"TKM_USA",0.00830791618202863,18,TRUE
"TKM_ZAF",-1.89195747189759,4,TRUE
"TLS_CAN",0.896530263897545,6,TRUE
"TLS_CHN",-0.94570156819376,10,TRUE
"TLS_FRA",0.920796867588418,6,TRUE
"TLS_GBR",0.112984204355212,10,TRUE
"TLS_IDN",1.47738311521233,4,TRUE
"TLS_IND",-0.230467537607241,9,TRUE
"TLS_JPN",-0.634147106483473,12,TRUE
"TLS_KOR",-1.89631803342279,10,TRUE
"TLS_MOZ",-1.14377359809572,7,TRUE
"TLS_MYS",0.239601585570783,8,TRUE
"TLS_NZL",-1.45743479640272,5,TRUE
"TLS_POL",-1.24881742631565,7,TRUE
"TLS_RUS",-1.98716390923971,5,TRUE
"TLS_SEN",-1.70608251413741,7,TRUE
"TLS_SVN",0.727662772596147,6,TRUE
"TLS_THA",-2.24262490576026,5,TRUE
"TLS_TWN",1.49695159153593,4,TRUE
"TLS_ZAF",-0.696813966933619,5,TRUE
"TON_ASM",0.483471441138875,8,TRUE
"TON_CAN",-1.44152986407789,9,TRUE
"TON_CZE",-0.306606861789567,4,TRUE
"TON_DEU",-2.62548053242762,12,TRUE
"TON_FRA",-0.228700189538517,17,TRUE
"TON_GBR",-0.390286940866468,8,TRUE
"TON_HKG",-0.393386149189149,14,TRUE
"TON_IRL",0.727493173121273,5,TRUE
"TON_ITA",-0.438117474929186,14,TRUE
"TON_JPN",-0.43219113579957,9,TRUE
"TON_KOR",1.19858014224788,9,TRUE
"TON_POL",-1.77562183953905,8,TRUE
"TON_SVK",0.0421978281070265,9,TRUE
"TON_TWN",-2.0271714679743,11,TRUE
"TON_USA",-0.0567327449236663,22,TRUE
"TON_ZAF",-1.07100651008254,11,TRUE
"TTO_ABW",-0.304804101099171,17,TRUE
"TTO_AGO",-1.31712706589987,12,TRUE
"TTO_AIA",0.0640285311395608,18,TRUE
"TTO_ALB",-1.72666576456977,7,TRUE
"TTO_ANT",-0.0254755636718191,12,TRUE
"TTO_ARE",-2.01508164854776,21,TRUE
"TTO_ATF",-2.06463218810642,8,TRUE
"TTO_AUS",-0.16218272087263,17,TRUE
"TTO_AZE",-1.00244909006273,11,TRUE
"TTO_BFA",-1.44021288112968,6,TRUE
"TTO_BHR",-1.85885250842543,4,TRUE
"TTO_BIH",-3.30439569041196,5,TRUE
"TTO_BMU",-2.61743986353517,9,TRUE
"TTO_BWA",-1.60798153218297,10,TRUE
"TTO_CAN",-0.0755595192888523,23,TRUE
"TTO_CHE",-1.69387878070439,11,TRUE
"TTO_CHN",-0.0497321817691942,12,TRUE
"TTO_CIV",-1.60538361059936,4,TRUE
"TTO_CRI",-0.266542586004039,24,TRUE
"TTO_CYM",-0.754087308423544,19,TRUE
"TTO_DOM",0.260516558546578,6,TRUE
"TTO_GTM",-0.591625821574959,23,TRUE
"TTO_HKG",-0.0693801230450725,12,TRUE
"TTO_HND",-0.826323251432125,17,TRUE
"TTO_ISL",0.323219545486888,7,TRUE
"TTO_ISR",-4.87369353265561,15,TRUE
"TTO_JPN",-0.522211960986087,18,TRUE
"TTO_KEN",-2.57308802481152,19,TRUE
"TTO_KWT",-4.11255054931402,9,TRUE
"TTO_LBR",-3.77453177150053,13,TRUE
"TTO_MAC",-1.51854166434893,9,TRUE
"TTO_MNE",-0.828405709081102,5,TRUE
"TTO_NAM",-2.81907980945558,7,TRUE
"TTO_NCL",0.493438456952374,4,TRUE
"TTO_NOR",-0.661605381875819,5,TRUE
"TTO_NZL",-0.216642058181171,24,TRUE
"TTO_PAN",-0.437196062186407,15,TRUE
"TTO_RUS",0.0472700303156247,8,TRUE
"TTO_SAU",-0.32638365606009,9,TRUE
"TTO_SEN",-0.200669070656707,9,TRUE
"TTO_SLV",-0.530030577665022,19,TRUE
"TTO_SRB",-0.933772587181448,6,TRUE
"TTO_SYC",-2.51437265826704,4,TRUE
"TTO_TCA",-0.27435753670676,11,TRUE
"TTO_TUR",0.253490235661433,9,TRUE
"TTO_TWN",0.581244442116996,5,TRUE
"TTO_URY",-0.986779083208505,12,TRUE
"TTO_USA",-0.0434614645650323,14,TRUE
"TTO_VGB",-0.0769233229320459,10,TRUE
"TTO_ZAF",0.447241357297198,5,TRUE
"TUN_AFG",-1.88737327769441,11,TRUE
"TUN_AGO",-0.910727235546258,8,TRUE
"TUN_ALB",-0.152103315896133,17,TRUE
"TUN_AND",-0.244285868522538,13,TRUE
"TUN_ARM",0.253550103501003,8,TRUE
"TUN_ATG",-0.795033733929131,22,TRUE
"TUN_AUS",0.24560674531766,5,TRUE
"TUN_AZE",-0.306934515059546,6,TRUE
"TUN_BFA",-0.0994648857276142,8,TRUE
"TUN_BHS",-0.921515233413988,15,TRUE
"TUN_BIH",0.105372527982751,5,TRUE
"TUN_BLR",-0.0518256853253242,12,TRUE
"TUN_BRB",-1.23273983724727,15,TRUE
"TUN_BRN",-1.03062653524666,4,TRUE
"TUN_CAF",-0.0192733364568226,11,TRUE
"TUN_CAN",-0.00242205680363643,10,TRUE
"TUN_CHN",0.0496875194691456,22,TRUE
"TUN_CIV",-0.0305230442351365,23,TRUE
"TUN_COG",0.141672447065944,20,TRUE
"TUN_CPV",-1.03628613391748e-05,5,TRUE
"TUN_CRI",0.20047213210158,10,TRUE
"TUN_DOM",0.231146366665902,8,TRUE
"TUN_FRO",-0.193914436562638,11,TRUE
"TUN_GAB",-0.131289610038746,22,TRUE
"TUN_GIB",-1.80668700783082,4,TRUE
"TUN_GMB",-0.718134101118111,8,TRUE
"TUN_GNB",-1.20870592562249,5,TRUE
"TUN_GNQ",0.413454147546147,9,TRUE
"TUN_GTM",-4.83876530262864,4,TRUE
"TUN_HKG",-0.0877688322402119,15,TRUE
"TUN_HND",-0.613436785723018,12,TRUE
"TUN_JAM",-2.21930533275953,5,TRUE
"TUN_JPN",0.0528161228432792,6,TRUE
"TUN_KAZ",0.0651830414758752,12,TRUE
"TUN_LBR",-0.117302196202042,11,TRUE
"TUN_MAC",-1.53493648456684,6,TRUE
"TUN_MDA",0.0160425347866791,12,TRUE
"TUN_MDV",0.320590307796836,5,TRUE
"TUN_MKD",0.205644554291417,9,TRUE
"TUN_MLI",0.0570711177214308,18,TRUE
"TUN_MNE",0.138601314671778,5,TRUE
"TUN_MRT",-0.26370482477395,8,TRUE
"TUN_NCL",-1.30781708498852,5,TRUE
"TUN_NER",-0.309901128141137,11,TRUE
"TUN_NPL",-1.14649478444106,4,TRUE
"TUN_PAN",-0.232670938980092,10,TRUE
"TUN_PYF",-0.0362234569471953,10,TRUE
"TUN_RUS",0.256933472578781,7,TRUE
"TUN_SEN",0.0343800632935069,25,TRUE
"TUN_SLE",0.030831069334446,9,TRUE
"TUN_SUR",-0.852141943535625,4,TRUE
"TUN_TCD",0.280215505262522,5,TRUE
"TUN_TGO",0.136379303378023,20,TRUE
"TUN_TWN",-0.112737349707883,15,TRUE
"TUN_UKR",0.126017049072374,5,TRUE
"TUN_USA",0.00394094995434032,14,TRUE
"TUN_VCT",-4.78475166367471,8,TRUE
"TUN_ZAF",0.284320730096537,4,TRUE
"TUR_ABW",-0.0448563459898819,7,TRUE
"TUR_AGO",-0.266749974972722,20,TRUE
"TUR_AIA",-0.128156320496679,5,TRUE
"TUR_AND",0.556412621128506,7,TRUE
"TUR_ANT",-0.0777568271204934,4,TRUE
"TUR_ARE",-0.20389531305859,5,TRUE
"TUR_ARG",0.0413900225789362,6,TRUE
"TUR_ARM",0.0409887195871683,12,TRUE
"TUR_ASM",-0.833281969202694,9,TRUE
"TUR_ATG",-0.491097485581202,11,TRUE
"TUR_AUS",0.064807146780789,9,TRUE
"TUR_BDI",-0.217364358864448,4,TRUE
"TUR_BEN",-0.260108386699687,18,TRUE
"TUR_BFA",-0.110575457893352,15,TRUE
"TUR_BHR",0.0519382752764044,8,TRUE
"TUR_BHS",-0.847060329342265,15,TRUE
"TUR_BLR",-0.356835493055311,22,TRUE
"TUR_BLZ",-0.284988039903542,13,TRUE
"TUR_BMU",-1.46732999857661,21,TRUE
"TUR_BOL",-0.324066973822815,15,TRUE
"TUR_BRB",0.281248291386684,5,TRUE
"TUR_BRN",-0.846489803357555,17,TRUE
"TUR_BTN",-0.435146601269903,8,TRUE
"TUR_BWA",-0.0842809698507519,10,TRUE
"TUR_CAF",-0.51575967513524,20,TRUE
"TUR_CAN",-0.0208452709811562,19,TRUE
"TUR_CHN",-0.174288884729167,25,TRUE
"TUR_CIV",-0.107526339735442,17,TRUE
"TUR_CMR",-0.115287507943584,24,TRUE
"TUR_COD",0.147186203765904,9,TRUE
"TUR_COG",-0.27026960895381,22,TRUE
"TUR_COK",-0.0114930546816215,4,TRUE
"TUR_COL",0.362694420335335,4,TRUE
"TUR_COM",0.124960645408102,8,TRUE
"TUR_CPV",-0.328193064415136,8,TRUE
"TUR_CUB",-0.0675582280334904,20,TRUE
"TUR_CYM",-0.327726092963537,5,TRUE
"TUR_DJI",-0.435343584541817,22,TRUE
"TUR_DOM",0.112300902276886,8,TRUE
"TUR_DZA",0.0493387390038536,23,TRUE
"TUR_ECU",-0.0760932061097491,13,TRUE
"TUR_ERI",-0.432840639449125,8,TRUE
"TUR_ETH",-0.0347089657471737,18,TRUE
"TUR_FJI",-0.178943618061319,21,TRUE
"TUR_GAB",-0.247362404629913,16,TRUE
"TUR_GHA",-0.328911930443273,23,TRUE
"TUR_GIB",-0.450726203058433,8,TRUE
"TUR_GIN",0.180480586211317,7,TRUE
"TUR_GNB",0.258256480021378,10,TRUE
"TUR_GNQ",0.369515811053102,10,TRUE
"TUR_GRD",-0.52174808242101,19,TRUE
"TUR_GRL",-1.07132482587823,8,TRUE
"TUR_GTM",0.167969417384035,7,TRUE
"TUR_GUM",0.434140821410248,4,TRUE
"TUR_GUY",-0.168577401213757,15,TRUE
"TUR_HKG",-0.147785490581266,16,TRUE
"TUR_HTI",0.020574192134539,10,TRUE
"TUR_IDN",-0.413738005187895,25,TRUE
"TUR_IRQ",-0.03462328889,10,TRUE
"TUR_JAM",-0.173525612296009,12,TRUE
"TUR_JPN",-0.0933445306290826,26,TRUE
"TUR_KEN",-0.259880218065816,24,TRUE
"TUR_KNA",0.0538643688390054,10,TRUE
"TUR_KWT",-0.0800092796746416,10,TRUE
"TUR_LAO",-0.179449314587081,5,TRUE
"TUR_LBN",0.0446058436939211,26,TRUE
"TUR_LBR",0.133252635168261,12,TRUE
"TUR_LBY",0.130110599141552,9,TRUE
"TUR_LCA",0.612904831299146,7,TRUE
"TUR_LKA",-0.0683455478885349,26,TRUE
"TUR_LSO",-0.731624792145978,8,TRUE
"TUR_MAC",-0.349173247494366,13,TRUE
"TUR_MDG",0.188983181307829,11,TRUE
"TUR_MDV",0.0920978768824541,7,TRUE
"TUR_MLI",-0.282707693538864,22,TRUE
"TUR_MMR",-0.30712030934236,12,TRUE
"TUR_MNG",0.208564151492381,5,TRUE
"TUR_MOZ",0.0239563297565456,6,TRUE
"TUR_MRT",0.176683247376308,4,TRUE
"TUR_MWI",-0.0790325137979386,8,TRUE
"TUR_MYT",0.354785635527634,4,TRUE
"TUR_NAM",-0.729499458983111,11,TRUE
"TUR_NCL",0.0296404896278657,11,TRUE
"TUR_NER",-0.74609530318535,21,TRUE
"TUR_NGA",-0.12327932877496,24,TRUE
"TUR_NIC",-0.0818991095343402,23,TRUE
"TUR_NPL",-0.38190608398156,16,TRUE
"TUR_NZL",0.168482725561342,6,TRUE
"TUR_OMN",-0.0760533540732702,15,TRUE
"TUR_PAN",0.16827191465926,15,TRUE
"TUR_PNG",-0.00651204865741737,16,TRUE
"TUR_PRI",0.00772109946393562,4,TRUE
"TUR_PRK",-2.40061112923921,13,TRUE
"TUR_PYF",0.392833727869208,5,TRUE
"TUR_QAT",-0.477867066662805,24,TRUE
"TUR_RUS",-0.254236079870543,6,TRUE
"TUR_RWA",-0.504600191300453,17,TRUE
"TUR_SAU",0.0295097846804446,4,TRUE
"TUR_SDN",-0.0952070562636007,23,TRUE
"TUR_SEN",-0.123936533375476,16,TRUE
"TUR_SLB",-0.903565565473159,4,TRUE
"TUR_SLE",-0.0709385832841539,16,TRUE
"TUR_SLV",0.00210230547858039,12,TRUE
"TUR_SMR",-2.27636579967554,7,TRUE
"TUR_SOM",-0.981875104852176,17,TRUE
"TUR_STP",-0.268926675586993,14,TRUE
"TUR_SUR",-0.0985476808525073,18,TRUE
"TUR_SWZ",-0.853692983910433,11,TRUE
"TUR_SYC",0.0500915650613423,10,TRUE
"TUR_TCA",-0.871477776119811,11,TRUE
"TUR_TCD",0.26809250852722,9,TRUE
"TUR_TGO",-0.0866229249859298,18,TRUE
"TUR_THA",0.0927420097174171,5,TRUE
"TUR_TLS",-0.608614479267736,4,TRUE
"TUR_TON",-0.0478763083691763,6,TRUE
"TUR_TTO",-0.222030754377804,18,TRUE
"TUR_TUV",1.11342111470223,4,TRUE
"TUR_TZA",0.0676349153830522,10,TRUE
"TUR_UGA",-0.195809494360236,7,TRUE
"TUR_UKR",0.0183098610271939,4,TRUE
"TUR_UMI",-0.873704233039774,9,TRUE
"TUR_USA",0.0305350716980412,22,TRUE
"TUR_VCT",-0.546590135376616,22,TRUE
"TUR_VEN",-0.172316100892361,23,TRUE
"TUR_VGB",0.352150279572686,6,TRUE
"TUR_VNM",-0.134768855161654,9,TRUE
"TUR_VUT",-0.0273656493155539,8,TRUE
"TUR_WLF",0.0238729012098641,5,TRUE
"TUR_WSM",0.841945456429416,4,TRUE
"TUR_YEM",-0.078265451283747,17,TRUE
"TUR_ZAF",-0.093938287994235,11,TRUE
"TUR_ZMB",-0.16412931960123,12,TRUE
"TUR_ZWE",-0.309830367743587,25,TRUE
"TUV_CZE",0.443043814562829,13,TRUE
"TUV_DEU",-0.272633224658584,12,TRUE
"TUV_FRA",0.598049688000149,6,TRUE
"TUV_ITA",-0.65541188232165,7,TRUE
"TUV_JPN",1.2984503860476,7,TRUE
"TUV_POL",-1.67167926948928,9,TRUE
"TUV_SRB",-1.48482954155938,4,TRUE
"TUV_SVK",0.405105723959714,10,TRUE
"TUV_SVN",-0.56141661845568,7,TRUE
"TUV_THA",0.803453038227207,4,TRUE
"TUV_USA",0.857878222287061,11,TRUE
"TUV_ZAF",-0.306420264758246,4,TRUE
"TWN_ABW",0.455175849132358,7,TRUE
"TWN_AFG",0.510290425465276,5,TRUE
"TWN_AGO",0.0269348020129476,13,TRUE
"TWN_AIA",-0.0604258748722712,16,TRUE
"TWN_ALB",0.0978449281482101,12,TRUE
"TWN_AND",-0.00547514049514215,11,TRUE
"TWN_ARE",-0.201588247019433,5,TRUE
"TWN_ARG",-0.160575559931524,5,TRUE
"TWN_ARM",0.0764963933684452,13,TRUE
"TWN_ASM",-0.237256723155576,9,TRUE
"TWN_ATG",0.160007439232261,5,TRUE
"TWN_AUS",-0.128569641774496,16,TRUE
"TWN_AUT",0.00811369518494163,9,TRUE
"TWN_AZE",-0.146850422245164,15,TRUE
"TWN_BDI",-0.656681820688891,16,TRUE
"TWN_BEL",0.026504016398062,12,TRUE
"TWN_BEN",-0.596958375073744,13,TRUE
"TWN_BFA",-0.0425565965637987,9,TRUE
"TWN_BGD",-0.00957162486350491,18,TRUE
"TWN_BGR",0.156266823867352,5,TRUE
"TWN_BHR",0.0386554244031185,21,TRUE
"TWN_BHS",-2.79001787723244,17,TRUE
"TWN_BIH",0.0660715383521732,16,TRUE
"TWN_BLR",0.0141637597120789,14,TRUE
"TWN_BLZ",-0.474183765080143,12,TRUE
"TWN_BMU",-1.63991081431069,4,TRUE
"TWN_BOL",-0.110586625259029,7,TRUE
"TWN_BRA",-0.0340308023651991,10,TRUE
"TWN_BRB",0.127742163778461,21,TRUE
"TWN_BRN",0.314002069651461,13,TRUE
"TWN_BTN",-0.570834472536991,6,TRUE
"TWN_BWA",-0.293727500362058,14,TRUE
"TWN_CAF",-0.969328333535575,6,TRUE
"TWN_CAN",-0.0700079948148555,20,TRUE
"TWN_CHE",-0.269346266319023,10,TRUE
"TWN_CHL",0.423454713721918,7,TRUE
"TWN_CHN",0.0420313525769154,21,TRUE
"TWN_CIV",-0.0118804385360731,13,TRUE
"TWN_CMR",0.0166609830610032,13,TRUE
"TWN_COD",-0.168309158791249,5,TRUE
"TWN_COG",-0.85695717142095,6,TRUE
"TWN_COK",-0.0569701271598647,8,TRUE
"TWN_COL",0.0715527744483127,22,TRUE
"TWN_CPV",-1.35544730293623,17,TRUE
"TWN_CRI",0.036071254495245,13,TRUE
"TWN_CUB",-0.687823536376507,4,TRUE
"TWN_CYM",-1.22058993907599,7,TRUE
"TWN_CYP",-0.219371078601918,23,TRUE
"TWN_CZE",0.0300317782166205,19,TRUE
"TWN_DEU",-0.0670099046249664,16,TRUE
"TWN_DJI",-0.0426472793359959,12,TRUE
"TWN_DMA",-0.330144078305507,19,TRUE
"TWN_DNK",-0.00533849876984646,22,TRUE
"TWN_DOM",-0.0877955947625146,6,TRUE
"TWN_DZA",0.040883959888267,15,TRUE
"TWN_ECU",0.0439323037740963,17,TRUE
"TWN_EGY",-0.0527332618157523,6,TRUE
"TWN_ERI",-0.523610791193741,13,TRUE
"TWN_ESP",-0.208337375047524,6,TRUE
"TWN_EST",0.13500071005509,7,TRUE
"TWN_ETH",-0.0343774095405193,12,TRUE
"TWN_FIN",-0.0547147415047744,10,TRUE
"TWN_FJI",0.0623950094281743,23,TRUE
"TWN_FRA",-0.00224139005383275,18,TRUE
"TWN_FRO",-1.02687689083466,16,TRUE
"TWN_FSM",0.152743243994844,7,TRUE
"TWN_GAB",-0.318667256092076,12,TRUE
"TWN_GBR",0.00600108033620041,21,TRUE
"TWN_GEO",0.0742963146456461,15,TRUE
"TWN_GHA",-0.747389896972623,6,TRUE
"TWN_GIB",-2.47640102636245,10,TRUE
"TWN_GMB",-0.954948358373612,6,TRUE
"TWN_GNB",-2.24984622948953,6,TRUE
"TWN_GNQ",-1.16225132637642,11,TRUE
"TWN_GRC",-0.145693011030614,22,TRUE
"TWN_GRD",-0.719035273772812,13,TRUE
"TWN_GRL",-1.17796024703062,7,TRUE
"TWN_GUM",0.108726568175902,7,TRUE
"TWN_GUY",-0.432882056252703,5,TRUE
"TWN_HKG",0.0191021665027615,15,TRUE
"TWN_HRV",-0.0836030888234866,13,TRUE
"TWN_HTI",-0.274650293924383,16,TRUE
"TWN_HUN",0.0665128025164343,12,TRUE
"TWN_IDN",-0.0778775099550359,21,TRUE
"TWN_IND",0.0342056207366306,12,TRUE
"TWN_IRL",-0.0330121607619735,24,TRUE
"TWN_IRQ",-0.405360006775753,17,TRUE
"TWN_ISL",0.0143568355133555,26,TRUE
"TWN_ISR",0.0435343110920686,6,TRUE
"TWN_ITA",0.0760685270048893,9,TRUE
"TWN_JAM",-0.254373563746799,11,TRUE
"TWN_JOR",-0.0485475199924771,23,TRUE
"TWN_JPN",0.0915484498544361,14,TRUE
"TWN_KAZ",0.0188034911483187,11,TRUE
"TWN_KEN",0.012508988322971,17,TRUE
"TWN_KGZ",0.172791616327752,7,TRUE
"TWN_KHM",0.0825332154162312,10,TRUE
"TWN_KIR",-0.443741954433024,13,TRUE
"TWN_KNA",0.0989058118726597,5,TRUE
"TWN_KOR",-0.01017419579038,22,TRUE
"TWN_KWT",0.155216822932605,23,TRUE
"TWN_LAO",-0.207133051150637,13,TRUE
"TWN_LBN",-0.0573901738993109,6,TRUE
"TWN_LBR",-2.41336092513734,17,TRUE
"TWN_LBY",0.00289921773151196,10,TRUE
"TWN_LCA",-0.496399890453114,18,TRUE
"TWN_LKA",-0.10825177038553,10,TRUE
"TWN_LSO",-0.0333913159999768,14,TRUE
"TWN_LTU",0.0110256100107513,15,TRUE
"TWN_LUX",-0.363298523411023,4,TRUE
"TWN_LVA",-0.127819043425604,20,TRUE
"TWN_MAC",-0.723916604176101,4,TRUE
"TWN_MAR",0.00300500980614338,18,TRUE
"TWN_MDG",-0.0958364174878338,4,TRUE
"TWN_MDV",0.0225554198333206,5,TRUE
"TWN_MEX",0.0527036641169132,24,TRUE
"TWN_MHL",-0.857862682254622,10,TRUE
"TWN_MKD",0.0670478454718314,19,TRUE
"TWN_MLI",-0.372382621916442,18,TRUE
"TWN_MLT",-0.0158436228742167,23,TRUE
"TWN_MMR",-0.515973052145932,8,TRUE
"TWN_MNG",0.15314665993702,6,TRUE
"TWN_MNP",-0.322711177999405,9,TRUE
"TWN_MOZ",-0.77062004963328,8,TRUE
"TWN_MRT",-0.00349118304340029,14,TRUE
"TWN_MSR",-0.729920744427919,5,TRUE
"TWN_MUS",-0.0482347719484335,22,TRUE
"TWN_MWI",-0.372893460951332,16,TRUE
"TWN_MYS",-0.0353339758337151,23,TRUE
"TWN_MYT",-1.10697653590316,4,TRUE
"TWN_NAM",-0.239712095111623,9,TRUE
"TWN_NCL",-0.246395591149728,8,TRUE
"TWN_NER",-0.600572451774422,11,TRUE
"TWN_NGA",-0.51334597938966,26,TRUE
"TWN_NLD",-0.0660762443925488,19,TRUE
"TWN_NOR",0.0409340252473196,25,TRUE
"TWN_NPL",0.0130932868092169,7,TRUE
"TWN_NRU",-1.72379011606453,17,TRUE
"TWN_OMN",0.0468097616166385,14,TRUE
"TWN_PAK",0.159363485370692,21,TRUE
"TWN_PER",0.0841996621494666,20,TRUE
"TWN_PHL",0.211304122620895,5,TRUE
"TWN_PLW",-0.178643562443154,9,TRUE
"TWN_PNG",-0.0812408341954677,5,TRUE
"TWN_POL",0.0110561430638509,16,TRUE
"TWN_PRK",-0.869094203708887,13,TRUE
"TWN_PRT",0.0949324418490911,9,TRUE
"TWN_PRY",-1.10384299258066,13,TRUE
"TWN_PSE",0.320055109413607,6,TRUE
"TWN_PYF",-0.0411572242962854,7,TRUE
"TWN_ROU",0.14639889647948,20,TRUE
"TWN_RUS",0.00229331543812799,17,TRUE
"TWN_RWA",-0.378281192920363,9,TRUE
"TWN_SAU",-0.104640023914927,21,TRUE
"TWN_SDN",-0.0293856869861123,6,TRUE
"TWN_SEN",-0.22090777926377,4,TRUE
"TWN_SLB",-0.649964143760679,17,TRUE
"TWN_SLE",-0.363609143480925,8,TRUE
"TWN_SOM",-0.432548326050561,5,TRUE
"TWN_SRB",0.0865618171424789,4,TRUE
"TWN_STP",-0.805147256680066,9,TRUE
"TWN_SUR",-0.00794090588966829,14,TRUE
"TWN_SVK",0.0495659042694517,13,TRUE
"TWN_SVN",0.0166876596342336,19,TRUE
"TWN_SWE",-0.0637177694435775,19,TRUE
"TWN_SWZ",-0.379747883308765,10,TRUE
"TWN_SYC",0.0420540027602522,4,TRUE
"TWN_SYR",-0.0873263858384148,20,TRUE
"TWN_TCD",-0.465182440455656,8,TRUE
"TWN_TGO",-0.144147458194021,13,TRUE
"TWN_THA",0.0380253425128077,15,TRUE
"TWN_TKM",-0.708794558492067,16,TRUE
"TWN_TLS",-1.03700862574293,9,TRUE
"TWN_TON",0.876010811621355,5,TRUE
"TWN_TTO",-0.0148207303309874,17,TRUE
"TWN_TUN",0.0936820291891821,14,TRUE
"TWN_TUR",0.0194935613689171,22,TRUE
"TWN_TUV",-1.85322951939692,6,TRUE
"TWN_TZA",0.0197997527252697,13,TRUE
"TWN_UGA",-0.190495808128698,5,TRUE
"TWN_UKR",0.215278897919255,9,TRUE
"TWN_URY",-0.00907201288683874,19,TRUE
"TWN_USA",-0.0799298756678211,18,TRUE
"TWN_UZB",-0.0460798756982812,9,TRUE
"TWN_VCT",-0.621151026288816,17,TRUE
"TWN_VEN",-0.275590456383408,22,TRUE
"TWN_VGB",-1.44396995030395,10,TRUE
"TWN_VNM",-0.0602053051968883,7,TRUE
"TWN_VUT",-1.74812767547822,16,TRUE
"TWN_WSM",-0.809873094547837,7,TRUE
"TWN_YEM",-0.270991231889416,17,TRUE
"TWN_ZMB",-0.577918265952339,5,TRUE
"TWN_ZWE",-0.433192743646738,13,TRUE
"TZA_AND",-1.84359756899359,4,TRUE
"TZA_ARE",0.198183748324794,4,TRUE
"TZA_ARM",-0.961975624059304,8,TRUE
"TZA_AUS",-0.413472120802156,5,TRUE
"TZA_AUT",-0.778210955285101,10,TRUE
"TZA_AZE",-1.4941430488264,4,TRUE
"TZA_BEL",-0.116787682394176,14,TRUE
"TZA_BFA",-1.19650223156262,4,TRUE
"TZA_BGR",-1.14287638826522,10,TRUE
"TZA_BHR",-0.243549214112627,12,TRUE
"TZA_BIH",-0.641770113959483,14,TRUE
"TZA_BLR",-1.72108554221381,12,TRUE
"TZA_BRB",-1.04286669570365,9,TRUE
"TZA_BRN",-1.91185833417882,5,TRUE
"TZA_CAN",-0.745244600095486,23,TRUE
"TZA_CHE",0.017023147173803,16,TRUE
"TZA_CHN",-0.310543120680937,24,TRUE
"TZA_CIV",-1.32047399435648,14,TRUE
"TZA_COG",-1.3383513509445,9,TRUE
"TZA_CRI",-2.69971536760123,4,TRUE
"TZA_CYP",-0.434903989729835,18,TRUE
"TZA_CZE",-0.23438205705908,11,TRUE
"TZA_DEU",-0.0941778297187808,22,TRUE
"TZA_DNK",-0.228985965856608,25,TRUE
"TZA_DOM",-1.2679343571992,11,TRUE
"TZA_ESP",-0.180323961893321,15,TRUE
"TZA_EST",-2.62585181082904,8,TRUE
"TZA_FIN",-0.110755668784822,12,TRUE
"TZA_FRA",-0.186538260065534,7,TRUE
"TZA_GAB",-2.29384943309496,5,TRUE
"TZA_GBR",-0.424947094068752,21,TRUE
"TZA_GEO",-1.32191579981687,7,TRUE
"TZA_GIB",-2.6441144346329,9,TRUE
"TZA_GMB",-0.591712706604657,7,TRUE
"TZA_GRC",-0.241622346679437,9,TRUE
"TZA_HKG",-0.0270363202051267,17,TRUE
"TZA_HRV",-1.13628878450819,9,TRUE
"TZA_HUN",-2.19750060706714,13,TRUE
"TZA_IRL",-2.06656202191374,12,TRUE
"TZA_ISL",-1.10204191722643,16,TRUE
"TZA_ISR",0.0187806813574089,19,TRUE
"TZA_ITA",0.0205420337232062,13,TRUE
"TZA_JOR",-0.178956202126401,8,TRUE
"TZA_JPN",0.0424954982169024,7,TRUE
"TZA_KAZ",-0.233624159183071,6,TRUE
"TZA_KHM",-3.69166882060241,8,TRUE
"TZA_KWT",-0.43935211336263,6,TRUE
"TZA_LBN",-0.45750131787404,15,TRUE
"TZA_LTU",-0.137030101477811,8,TRUE
"TZA_LUX",-0.459002043331655,8,TRUE
"TZA_MAC",-1.5844608538367,14,TRUE
"TZA_MDA",-0.363835334046594,4,TRUE
"TZA_MDV",-1.71964383938188,12,TRUE
"TZA_MKD",-0.164735478436789,6,TRUE
"TZA_MLI",-1.31326697864843,5,TRUE
"TZA_MLT",0.0278523374345645,4,TRUE
"TZA_MNE",0.257285404293325,4,TRUE
"TZA_MRT",-0.962019223938381,14,TRUE
"TZA_MYT",-0.542014856718926,4,TRUE
"TZA_NER",-1.87796632876113,13,TRUE
"TZA_NLD",-0.537074107266006,7,TRUE
"TZA_NOR",-0.047216364083189,23,TRUE
"TZA_NPL",-0.032750571260449,6,TRUE
"TZA_NZL",-0.111049002726323,5,TRUE
"TZA_OMN",0.201017095991077,5,TRUE
"TZA_POL",-0.236380615023258,19,TRUE
"TZA_PRT",-0.338219213552818,8,TRUE
"TZA_QAT",-1.03315020946676,14,TRUE
"TZA_RUS",0.0743451465024188,16,TRUE
"TZA_SAU",-0.258647645296748,14,TRUE
"TZA_SEN",-0.369827898999858,16,TRUE
"TZA_SHN",-1.85241957809296,5,TRUE
"TZA_SLE",-1.1589597600942,5,TRUE
"TZA_SOM",-0.886982011876674,7,TRUE
"TZA_SRB",-0.915546876569061,7,TRUE
"TZA_SUR",-1.62753189182654,11,TRUE
"TZA_SVK",-2.7806085420112,6,TRUE
"TZA_SVN",-1.12218438205527,11,TRUE
"TZA_SWE",-0.212041139998029,18,TRUE
"TZA_TUR",0.16495762566595,6,TRUE
"TZA_TWN",-0.615209016610112,22,TRUE
"TZA_UKR",0.122294534307496,5,TRUE
"TZA_USA",-0.0920426280772511,21,TRUE
"TZA_YEM",-0.738282779961788,15,TRUE
"UGA_ALB",-0.0770941413142011,8,TRUE
"UGA_ARE",-0.341811122407942,16,TRUE
"UGA_ARM",-1.18987320801143,9,TRUE
"UGA_AUS",-0.809558477194067,10,TRUE
"UGA_AUT",-1.17897335663127,11,TRUE
"UGA_BEL",-0.215086365159619,10,TRUE
"UGA_BGD",-1.37453594172388,11,TRUE
"UGA_BGR",0.048631174680361,17,TRUE
"UGA_BIH",-0.184020253878368,9,TRUE
"UGA_BLR",-0.225127950320498,8,TRUE
"UGA_BRA",-0.665521647813442,15,TRUE
"UGA_BRB",-1.73419252503155,6,TRUE
"UGA_BRN",-2.70113205686233,10,TRUE
"UGA_BWA",-1.54560394363856,10,TRUE
"UGA_CAN",-0.305419726116166,18,TRUE
"UGA_CHE",-0.662526171893535,7,TRUE
"UGA_CHL",-0.208973437880329,8,TRUE
"UGA_CHN",-0.077291173679851,21,TRUE
"UGA_CIV",-1.56695321679485,9,TRUE
"UGA_CMR",-0.227171878434316,8,TRUE
"UGA_COG",-5.52270445451565,5,TRUE
"UGA_COL",-1.66010140407169,13,TRUE
"UGA_CYP",-0.0864162089602321,13,TRUE
"UGA_CZE",-0.761674869690746,21,TRUE
"UGA_DEU",0.0100318400548107,19,TRUE
"UGA_DNK",-1.42018796997844,4,TRUE
"UGA_DZA",-0.366619680507566,14,TRUE
"UGA_ESP",-0.340490337495383,11,TRUE
"UGA_EST",0.462381645742286,7,TRUE
"UGA_FIN",0.481382071895889,4,TRUE
"UGA_FRA",-0.377829464869368,16,TRUE
"UGA_FSM",-4.03021927002595,5,TRUE
"UGA_GBR",-0.33921975382534,11,TRUE
"UGA_GHA",-0.755813147578697,17,TRUE
"UGA_GRC",0.02965881281855,18,TRUE
"UGA_HKG",-0.0644836638058876,12,TRUE
"UGA_HND",-1.18478309839611,5,TRUE
"UGA_HRV",-0.855405565416605,20,TRUE
"UGA_HUN",-2.53310398519931,7,TRUE
"UGA_IDN",0.232825320142424,10,TRUE
"UGA_IND",0.0117935352717536,15,TRUE
"UGA_IRL",-0.564357820094938,12,TRUE
"UGA_IRN",-1.71345011560248,8,TRUE
"UGA_ISL",-0.978546731242206,16,TRUE
"UGA_ISR",0.0225576291357466,13,TRUE
"UGA_ITA",0.367810867316744,9,TRUE
"UGA_JOR",-0.190396930198516,6,TRUE
"UGA_JPN",-0.108060629552879,16,TRUE
"UGA_KOR",0.0897547451342728,15,TRUE
"UGA_KWT",-0.0216129436359273,7,TRUE
"UGA_LBN",-0.0236952291594225,11,TRUE
"UGA_LUX",-2.26015214373726,4,TRUE
"UGA_LVA",0.623473079143829,4,TRUE
"UGA_MAR",-0.075133279230444,17,TRUE
"UGA_MDA",-0.947615192852502,7,TRUE
"UGA_MEX",-0.444316321259833,18,TRUE
"UGA_MKD",0.0343629970322964,10,TRUE
"UGA_MLI",-0.341159063397432,5,TRUE
"UGA_MLT",0.064051010839928,12,TRUE
"UGA_MNE",-1.76980041895009,5,TRUE
"UGA_MRT",-3.24369920336396,4,TRUE
"UGA_MYS",0.310500769882235,11,TRUE
"UGA_NER",-1.54233794719073,4,TRUE
"UGA_NGA",0.0555850588693053,13,TRUE
"UGA_NLD",-0.0122392113605411,16,TRUE
"UGA_NOR",0.0603417956137686,23,TRUE
"UGA_NZL",0.14257651261743,11,TRUE
"UGA_OMN",0.277592136196628,9,TRUE
"UGA_PER",-2.02499050047404,6,TRUE
"UGA_PHL",-1.31449312086302,5,TRUE
"UGA_POL",-0.507462695525847,7,TRUE
"UGA_PRK",-0.177621621685999,5,TRUE
"UGA_PRT",0.133459574726655,20,TRUE
"UGA_PYF",-1.76908713884901,9,TRUE
"UGA_ROU",0.173333393257494,15,TRUE
"UGA_RUS",0.0976810167916041,11,TRUE
"UGA_SAU",-0.610953663243497,20,TRUE
"UGA_SEN",-1.30541945502908,15,TRUE
"UGA_SGP",-0.597893142535948,6,TRUE
"UGA_SLE",-0.809666062573269,5,TRUE
"UGA_SRB",-0.394458380373767,5,TRUE
"UGA_SVK",-2.42365175119615,11,TRUE
"UGA_SVN",-0.895650232398963,12,TRUE
"UGA_SWE",-0.0956140698896021,20,TRUE
"UGA_SYR",0.01061981686885,8,TRUE
"UGA_THA",-0.037520473437506,4,TRUE
"UGA_TUR",-0.335719732470114,9,TRUE
"UGA_TWN",-1.54611036305049,6,TRUE
"UGA_UKR",0.116828813911336,12,TRUE
"UGA_USA",-0.079286477519062,14,TRUE
"UGA_VCT",-1.94693704446428,7,TRUE
"UGA_VEN",-2.32062577232871,5,TRUE
"UGA_VNM",-0.871324652427957,5,TRUE
"UGA_ZAF",-0.0771934668478591,20,TRUE
"UKR_ABW",-1.92982485437108,5,TRUE
"UKR_AFG",-0.613133278967246,9,TRUE
"UKR_AGO",1.09935585880408,4,TRUE
"UKR_AIA",-3.34912501283758,10,TRUE
"UKR_ALB",-0.753400642870998,7,TRUE
"UKR_AND",0.216460860709467,11,TRUE
"UKR_ARE",-0.210685531363561,7,TRUE
"UKR_ARG",-0.202311591149199,20,TRUE
"UKR_ATG",0.322713083612474,9,TRUE
"UKR_AUS",-0.121308569741744,17,TRUE
"UKR_BEN",-0.344062278882637,7,TRUE
"UKR_BFA",-0.392421906655971,8,TRUE
"UKR_BGD",-0.107455074596544,12,TRUE
"UKR_BHR",-0.151523132517393,9,TRUE
"UKR_BHS",-2.22132303572046,5,TRUE
"UKR_BIH",-0.20901629591341,16,TRUE
"UKR_BLZ",-1.17022874700764,9,TRUE
"UKR_BMU",-1.52795159704472,4,TRUE
"UKR_BOL",-0.760125209810863,10,TRUE
"UKR_BRA",-1.54067673074416,4,TRUE
"UKR_BRN",-0.0409333769014371,6,TRUE
"UKR_BWA",-0.56614523567537,5,TRUE
"UKR_CAF",0.361726283389242,4,TRUE
"UKR_CHL",-0.633367149576072,17,TRUE
"UKR_CHN",-0.0388534445219395,22,TRUE
"UKR_CIV",0.0640508643688851,13,TRUE
"UKR_CMR",-0.21052565829286,6,TRUE
"UKR_COD",-0.387194374136287,10,TRUE
"UKR_COG",-0.0653766839316909,12,TRUE
"UKR_COK",-1.63334056901722,6,TRUE
"UKR_COL",-0.297714862997238,7,TRUE
"UKR_COM",-1.18441991525368,10,TRUE
"UKR_CPV",-1.54055275814322,12,TRUE
"UKR_CRI",-0.561368182899555,15,TRUE
"UKR_CUB",-0.527073330708355,6,TRUE
"UKR_CYM",-4.21946471284433,4,TRUE
"UKR_DJI",-0.116490122764293,11,TRUE
"UKR_DMA",-1.35718162166037,12,TRUE
"UKR_DOM",-1.05686014680911,8,TRUE
"UKR_DZA",-0.352529722931276,11,TRUE
"UKR_ECU",-2.35281685136362,6,TRUE
"UKR_EGY",0.181156611660933,6,TRUE
"UKR_ETH",0.00865901974316612,11,TRUE
"UKR_FJI",-0.0714729602820329,11,TRUE
"UKR_FRO",-1.14956847915855,8,TRUE
"UKR_GAB",-0.0327349986398821,10,TRUE
"UKR_GHA",-0.0899201411003771,7,TRUE
"UKR_GIB",-4.92039702935822,11,TRUE
"UKR_GIN",-0.563000520255096,7,TRUE
"UKR_GMB",-0.732748816991016,12,TRUE
"UKR_GNQ",-0.242404214414953,4,TRUE
"UKR_GRD",-0.894918601545957,17,TRUE
"UKR_GRL",0.157498355695695,7,TRUE
"UKR_GTM",-1.08645363974725,11,TRUE
"UKR_GUY",-0.142014662168628,10,TRUE
"UKR_HKG",0.277053471145445,4,TRUE
"UKR_HND",-2.80505113434032,10,TRUE
"UKR_IND",0.196193282471064,6,TRUE
"UKR_IRN",-0.210638676079879,9,TRUE
"UKR_IRQ",0.125107631371798,7,TRUE
"UKR_ISR",0.0369881465329099,9,TRUE
"UKR_JAM",-2.85423780649253,12,TRUE
"UKR_JOR",-0.335488671898412,10,TRUE
"UKR_JPN",0.920129921200447,5,TRUE
"UKR_KHM",-0.341362617068398,5,TRUE
"UKR_KNA",-2.32657631932934,13,TRUE
"UKR_KOR",-0.0476084539626837,16,TRUE
"UKR_KWT",-0.0458370636196835,15,TRUE
"UKR_LAO",-1.12863162836099,6,TRUE
"UKR_LBN",0.103536190744878,9,TRUE
"UKR_LBR",-0.551685332246907,10,TRUE
"UKR_LBY",0.517625887765287,6,TRUE
"UKR_LCA",-1.42069369657845,8,TRUE
"UKR_LKA",0.107029938106477,5,TRUE
"UKR_MAC",-2.01533884951694,15,TRUE
"UKR_MAR",-0.0548825207238011,15,TRUE
"UKR_MDG",-0.224121490232258,8,TRUE
"UKR_MDV",-0.812216236171192,7,TRUE
"UKR_MEX",-0.557378151217295,7,TRUE
"UKR_MHL",-1.23295876490675,14,TRUE
"UKR_MLI",-0.132632363957938,14,TRUE
"UKR_MMR",-0.312894394943455,13,TRUE
"UKR_MNG",0.0857989781289866,17,TRUE
"UKR_MOZ",-0.543149918670464,4,TRUE
"UKR_MRT",-0.196576500621091,17,TRUE
"UKR_MUS",-0.354027738340725,8,TRUE
"UKR_MWI",-0.253054667512771,8,TRUE
"UKR_MYS",-0.022772698701601,7,TRUE
"UKR_MYT",-0.590741949611466,4,TRUE
"UKR_NAM",-1.59964618762272,13,TRUE
"UKR_NER",-0.295403052727514,12,TRUE
"UKR_NGA",-0.198200274479206,9,TRUE
"UKR_NIC",-1.89455254426893,10,TRUE
"UKR_NPL",0.320526185608947,7,TRUE
"UKR_NZL",-0.296721798008502,16,TRUE
"UKR_OMN",-0.193445309559752,8,TRUE
"UKR_PAK",-0.161764923769609,13,TRUE
"UKR_PAN",-0.455765317332816,12,TRUE
"UKR_PER",-0.677786653300354,11,TRUE
"UKR_PHL",-0.553132932745895,16,TRUE
"UKR_PRK",0.243144248007769,10,TRUE
"UKR_PSE",0.764175913650131,5,TRUE
"UKR_PYF",0.223194562306553,7,TRUE
"UKR_QAT",-0.311499452303087,13,TRUE
"UKR_RWA",-0.428264047927496,15,TRUE
"UKR_SAU",0.0130606133453671,10,TRUE
"UKR_SDN",0.19025562735425,11,TRUE
"UKR_SEN",-0.0453391322779489,18,TRUE
"UKR_SGP",-0.144026292065193,20,TRUE
"UKR_SLV",-2.42131778105302,6,TRUE
"UKR_SMR",-0.116024353058566,5,TRUE
"UKR_SUR",-0.0171911120066326,6,TRUE
"UKR_SWZ",-0.931952010940767,6,TRUE
"UKR_SYC",-1.16893193122793,14,TRUE
"UKR_SYR",-1.16484773790357,13,TRUE
"UKR_TCD",-1.51930550385166,7,TRUE
"UKR_TGO",-0.211022547385445,9,TRUE
"UKR_THA",0.00367783179546562,12,TRUE
"UKR_TTO",-1.81766179684352,4,TRUE
"UKR_TUN",0.0618137452031196,13,TRUE
"UKR_TUR",-0.00416742598074891,22,TRUE
"UKR_TWN",-0.215325449887176,19,TRUE
"UKR_TZA",-0.105124811959911,15,TRUE
"UKR_UGA",0.0048804534567762,15,TRUE
"UKR_URY",-1.09873489280474,17,TRUE
"UKR_USA",-0.110181557702504,16,TRUE
"UKR_VCT",-2.77706221923108,10,TRUE
"UKR_VEN",-1.16828487295187,7,TRUE
"UKR_VGB",-1.13740260203415,11,TRUE
"UKR_VNM",-0.485448257183824,13,TRUE
"UKR_VUT",-2.21943485409235,4,TRUE
"UKR_ZMB",0.251391514419295,5,TRUE
"UKR_ZWE",-0.25606694031981,10,TRUE
"UMI_AUS",-1.29517056899342,8,TRUE
"UMI_AUT",-2.33952815277666,12,TRUE
"UMI_BGR",0.633414373213419,4,TRUE
"UMI_BIH",-1.20318494592263,7,TRUE
"UMI_BRN",-0.705434707975895,5,TRUE
"UMI_CAN",0.298118430075677,5,TRUE
"UMI_DEU",-1.10718186193908,10,TRUE
"UMI_FRA",0.915649783437224,6,TRUE
"UMI_GBR",0.563958200298578,6,TRUE
"UMI_IRL",0.107985552077178,4,TRUE
"UMI_KOR",-1.81444528939799,12,TRUE
"UMI_LUX",-6.4587813631947,4,TRUE
"UMI_MOZ",0.265200504213707,6,TRUE
"UMI_NZL",0.460928256908861,5,TRUE
"UMI_PAK",0.369468008444789,6,TRUE
"UMI_POL",0.435483308589409,8,TRUE
"UMI_RUS",-1.65374827920644,6,TRUE
"UMI_SVK",-1.53779936449907,14,TRUE
"UMI_SVN",-2.81092972882031,8,TRUE
"UMI_SWE",-4.98384895517625,6,TRUE
"UMI_THA",-1.12224860480164,11,TRUE
"UMI_TUR",-3.29821302762799,12,TRUE
"UMI_TWN",-2.83871853111945,9,TRUE
"UMI_VCT",-0.257497734186269,4,TRUE
"UMI_ZAF",-0.008334921383854,8,TRUE
"UMI_ZMB",-1.1160816171295,4,TRUE
"URY_AFG",-0.109601569067112,6,TRUE
"URY_AGO",-0.264002639038236,12,TRUE
"URY_ALB",-0.939953453160174,8,TRUE
"URY_AND",-1.95522531635606,11,TRUE
"URY_ANT",-0.901445942201692,10,TRUE
"URY_ARE",-0.0367193058189793,13,TRUE
"URY_ARM",-2.83228441389541,9,TRUE
"URY_ATG",-0.103363942105345,5,TRUE
"URY_AUS",-0.0339224187786489,17,TRUE
"URY_AUT",-0.402437804361939,17,TRUE
"URY_AZE",-1.03213342704921,7,TRUE
"URY_BEN",-1.1110545633333,11,TRUE
"URY_BFA",-1.89184752206396,5,TRUE
"URY_BGR",0.0996153011424146,8,TRUE
"URY_BHS",-0.936685685047082,10,TRUE
"URY_BLR",-0.174026947483988,11,TRUE
"URY_BLZ",-0.166547423558547,9,TRUE
"URY_BMU",-1.9922905245919,4,TRUE
"URY_BRB",0.220845318090201,14,TRUE
"URY_BRN",-0.491531950709676,4,TRUE
"URY_CAN",0.0176280457249406,22,TRUE
"URY_CHE",-0.0719158010966731,24,TRUE
"URY_CHN",0.128406181194719,4,TRUE
"URY_CIV",-0.903282822848175,5,TRUE
"URY_CMR",-0.21657250359384,13,TRUE
"URY_COD",-0.175716225486037,13,TRUE
"URY_COG",-0.647340956609814,18,TRUE
"URY_CPV",-0.93138770995468,11,TRUE
"URY_CRI",0.0343268182329704,13,TRUE
"URY_CYP",-0.352367411106941,13,TRUE
"URY_CZE",-0.0800247633958191,12,TRUE
"URY_DEU",-0.0207611262468309,11,TRUE
"URY_DMA",-0.232380902891119,12,TRUE
"URY_DNK",0.112521421050634,13,TRUE
"URY_DOM",0.245902078247289,7,TRUE
"URY_DZA",-0.189375226595772,16,TRUE
"URY_ESP",0.0200315615634978,24,TRUE
"URY_EST",-0.129435048116928,12,TRUE
"URY_ETH",-1.14899450823373,7,TRUE
"URY_FIN",-0.451339132165465,22,TRUE
"URY_FJI",-3.879705467775,5,TRUE
"URY_FRA",-0.0460085724116515,17,TRUE
"URY_FRO",-2.07148194598711,9,TRUE
"URY_GAB",0.200210753072643,8,TRUE
"URY_GBR",-0.161383191293222,18,TRUE
"URY_GEO",-0.0992879928320941,11,TRUE
"URY_GHA",-1.00021707872539,9,TRUE
"URY_GIN",-1.39696983456339,7,TRUE
"URY_GMB",-0.752514936692902,7,TRUE
"URY_GNB",-0.445092161657821,5,TRUE
"URY_GNQ",0.0155643895508097,10,TRUE
"URY_GRC",-0.0968390508863445,17,TRUE
"URY_GRD",-2.97831457130473,5,TRUE
"URY_GTM",-0.198149423125866,20,TRUE
"URY_GUY",0.0414396062677548,7,TRUE
"URY_HKG",-0.188194316210587,9,TRUE
"URY_HND",0.00931156965667111,9,TRUE
"URY_HTI",-2.05826984646996,8,TRUE
"URY_HUN",0.133834049796639,6,TRUE
"URY_IDN",0.0064069760674601,4,TRUE
"URY_IRL",-0.325032504469111,17,TRUE
"URY_IRN",-0.262463191154073,20,TRUE
"URY_ISL",-1.97594686544274,7,TRUE
"URY_ITA",0.26873151630369,4,TRUE
"URY_JAM",-0.472072173775432,16,TRUE
"URY_JPN",-0.0363579926564536,25,TRUE
"URY_KAZ",-0.389352939777596,4,TRUE
"URY_KEN",-1.00894540054841,6,TRUE
"URY_KHM",-1.01471367445076,5,TRUE
"URY_KWT",-0.198666887960844,18,TRUE
"URY_LBN",-0.71092063214339,5,TRUE
"URY_LBR",-0.897944605226103,4,TRUE
"URY_LBY",-2.75831228633658,5,TRUE
"URY_LCA",-0.0154303608346981,4,TRUE
"URY_LKA",-0.732148220911012,6,TRUE
"URY_LTU",-0.405838190422275,8,TRUE
"URY_LUX",-0.594942900846579,9,TRUE
"URY_LVA",-0.462506693882583,5,TRUE
"URY_MAC",-1.48505230589909,8,TRUE
"URY_MAR",-0.687863899845295,9,TRUE
"URY_MDA",0.0293391437790217,11,TRUE
"URY_MDG",-1.76899739085954,7,TRUE
"URY_MDV",-0.745120052442742,4,TRUE
"URY_MKD",-0.806699349841834,15,TRUE
"URY_MLI",-0.997619180524872,9,TRUE
"URY_MLT",-1.01429354392872,6,TRUE
"URY_MMR",-0.551647845515202,6,TRUE
"URY_MOZ",-0.868526430014256,10,TRUE
"URY_MUS",-0.917692547508379,12,TRUE
"URY_MYS",-0.131652981990457,25,TRUE
"URY_NCL",-2.37822614196992,5,TRUE
"URY_NER",-3.54607534397899,6,TRUE
"URY_NIC",-0.230451620005742,20,TRUE
"URY_NLD",-0.064288355971044,14,TRUE
"URY_NOR",-0.0510114611523511,13,TRUE
"URY_NZL",0.138994654077226,12,TRUE
"URY_POL",-0.0277864412070926,25,TRUE
"URY_PRK",-0.410030768965383,11,TRUE
"URY_PRT",-0.121114979395657,19,TRUE
"URY_PSE",-0.100523745577629,5,TRUE
"URY_PYF",0.189200927445143,7,TRUE
"URY_RUS",-0.0334480687313992,15,TRUE
"URY_SAU",-1.07579684797865,6,TRUE
"URY_SEN",-0.424453035313304,17,TRUE
"URY_SGP",-0.16848111897946,15,TRUE
"URY_SLV",-0.134321029850496,7,TRUE
"URY_SUR",-1.18134532876155,9,TRUE
"URY_SVK",-1.04385356292227,14,TRUE
"URY_SVN",-0.306076640802491,12,TRUE
"URY_SWE",-0.756975779120522,7,TRUE
"URY_SYC",-1.66339568477084,7,TRUE
"URY_SYR",-2.484426857642,4,TRUE
"URY_TGO",-1.90538519450106,8,TRUE
"URY_THA",-0.0711107301614444,12,TRUE
"URY_TTO",-0.156794624086357,11,TRUE
"URY_TWN",-0.566951913328426,5,TRUE
"URY_TZA",-4.41241124954054,4,TRUE
"URY_UGA",-1.78924033781897,9,TRUE
"URY_UKR",-0.20892351886369,18,TRUE
"URY_USA",-0.367326905309836,12,TRUE
"URY_VCT",-1.57930083539066,10,TRUE
"URY_VNM",0.100759763217981,15,TRUE
"URY_YEM",-1.80808310475374,9,TRUE
"URY_ZMB",-0.209975823583483,11,TRUE
"URY_ZWE",-0.804168169618707,15,TRUE
"USA_ABW",0.432121353246476,9,TRUE
"USA_AFG",0.0411713586777195,10,TRUE
"USA_AGO",-0.0173405621820895,15,TRUE
"USA_AIA",0.0529773424543496,5,TRUE
"USA_ALB",0.0612359812553158,9,TRUE
"USA_AND",-0.49305646240483,16,TRUE
"USA_ANT",0.324032280289548,6,TRUE
"USA_ARE",0.1341321661933,6,TRUE
"USA_ARG",-0.0170126696946468,24,TRUE
"USA_ARM",-0.289922364495579,10,TRUE
"USA_ATF",0.641464838590484,12,TRUE
"USA_ATG",0.204750525696649,9,TRUE
"USA_AUT",-0.00292455333518158,18,TRUE
"USA_AZE",-0.108280160126524,5,TRUE
"USA_BDI",-0.125217804515882,23,TRUE
"USA_BEL",-0.0120286489823119,9,TRUE
"USA_BEN",-0.223463680616209,20,TRUE
"USA_BFA",-0.194607554253028,21,TRUE
"USA_BGD",-0.100691849463225,18,TRUE
"USA_BGR",-0.0417039232070438,5,TRUE
"USA_BHS",0.038825438046489,21,TRUE
"USA_BIH",-0.0283192601493257,13,TRUE
"USA_BLR",-0.0346682653519121,13,TRUE
"USA_BLZ",0.122120883173181,5,TRUE
"USA_BMU",-0.19698314717943,22,TRUE
"USA_BOL",0.00943721303059508,17,TRUE
"USA_BRA",0.0531942115191736,11,TRUE
"USA_BRB",0.000204627478664198,13,TRUE
"USA_BRN",0.0205455699008102,23,TRUE
"USA_BWA",0.130304263514518,24,TRUE
"USA_CAF",-0.0769798631324254,9,TRUE
"USA_CCK",-0.763197103385643,7,TRUE
"USA_CHE",0.0287452522049083,10,TRUE
"USA_CHN",-0.0168596166358169,21,TRUE
"USA_CIV",0.0206068174907093,4,TRUE
"USA_CMR",-0.0946369907355303,14,TRUE
"USA_COD",-0.532529483174402,13,TRUE
"USA_COG",-0.150217125982072,22,TRUE
"USA_COK",0.215766323302652,7,TRUE
"USA_COM",-0.351746167107484,16,TRUE
"USA_CPV",-0.645252390638324,5,TRUE
"USA_CUB",-0.355634007246982,21,TRUE
"USA_CXR",-0.729488085578947,5,TRUE
"USA_CYM",-0.161691499443266,5,TRUE
"USA_CYP",-0.177181243485831,18,TRUE
"USA_DEU",-0.0475576619791545,4,TRUE
"USA_DJI",-0.333786224616794,4,TRUE
"USA_DMA",0.00864249196691602,8,TRUE
"USA_DNK",-0.0654365046879977,24,TRUE
"USA_DZA",-0.134503127087539,17,TRUE
"USA_ECU",-0.00986098048812674,23,TRUE
"USA_EGY",-0.154048573331886,10,TRUE
"USA_ERI",-0.884584715663059,13,TRUE
"USA_ESH",-0.780104315242385,6,TRUE
"USA_ESP",0.00374912331265556,5,TRUE
"USA_EST",-0.0147363202174233,14,TRUE
"USA_ETH",-0.0682592774656665,16,TRUE
"USA_FIN",0.0052356547531753,24,TRUE
"USA_FJI",-0.268650570453197,16,TRUE
"USA_FLK",-0.169783732854742,16,TRUE
"USA_FRA",0.00622081694598609,8,TRUE
"USA_FRO",-0.372785199244807,21,TRUE
"USA_FSM",-0.117204780699948,11,TRUE
"USA_GAB",-0.30609750033197,6,TRUE
"USA_GBR",0.0968487732896222,9,TRUE
"USA_GEO",-0.0679368545996963,16,TRUE
"USA_GHA",-0.0554375126135002,25,TRUE
"USA_GIB",-0.333471656106137,17,TRUE
"USA_GIN",-0.007615046090604,26,TRUE
"USA_GMB",-0.181705752640658,26,TRUE
"USA_GNB",-0.248398866365078,17,TRUE
"USA_GNQ",-0.0689222262234265,15,TRUE
"USA_GRC",-0.519210991881608,8,TRUE
"USA_GRD",0.0207665152404127,25,TRUE
"USA_GRL",-0.228402942760155,11,TRUE
"USA_GUF",-0.762838340532466,5,TRUE
"USA_GUY",0.0150085659490206,24,TRUE
"USA_HKG",0.00245451531300749,13,TRUE
"USA_HMD",-0.235845823470155,8,TRUE
"USA_HRV",0.0905051902078447,9,TRUE
"USA_HTI",-0.0507243376254333,7,TRUE
"USA_HUN",-0.0107016361777464,7,TRUE
"USA_IDN",-0.0152955992129527,9,TRUE
"USA_IND",-0.0633320763435018,21,TRUE
"USA_IRL",0.0308285739703188,9,TRUE
"USA_IRN",-0.689584945385992,25,TRUE
"USA_IRQ",0.108958035981037,15,TRUE
"USA_ISL",-0.00372407762141336,8,TRUE
"USA_ITA",-0.00768047309809148,25,TRUE
"USA_JAM",-0.0521951023916948,11,TRUE
"USA_JPN",-0.00223659197338563,25,TRUE
"USA_KAZ",-0.0767991580221114,5,TRUE
"USA_KEN",-0.0825712020280194,16,TRUE
"USA_KGZ",-0.148413357350315,8,TRUE
"USA_KHM",-0.399210034028033,22,TRUE
"USA_KIR",-0.687031407205036,14,TRUE
"USA_KWT",-0.0765800819707026,17,TRUE
"USA_LAO",0.0380779825257452,18,TRUE
"USA_LBN",-0.130421968523666,5,TRUE
"USA_LBR",0.284272938753934,5,TRUE
"USA_LBY",-0.02879124502402,10,TRUE
"USA_LCA",0.166480134053756,8,TRUE
"USA_LKA",-0.0974242454036998,24,TRUE
"USA_LSO",-0.150925368985383,17,TRUE
"USA_LTU",0.00586401140183101,13,TRUE
"USA_LUX",-0.0567491352431455,6,TRUE
"USA_LVA",0.00837852885275187,14,TRUE
"USA_MAC",0.123563109598486,26,TRUE
"USA_MDA",-0.241763940489914,9,TRUE
"USA_MDG",-0.108027594427775,10,TRUE
"USA_MDV",-0.0174028590619129,6,TRUE
"USA_MHL",-0.324860657216111,7,TRUE
"USA_MKD",0.118632095942127,8,TRUE
"USA_MLI",-0.380214722678939,9,TRUE
"USA_MLT",-0.157259117196209,16,TRUE
"USA_MMR",0.168825411505514,8,TRUE
"USA_MNE",-0.218791372982066,8,TRUE
"USA_MNG",-0.0591058239037107,11,TRUE
"USA_MOZ",-0.368773240239659,5,TRUE
"USA_MRT",-0.266115866432783,14,TRUE
"USA_MSR",-0.148830734111317,5,TRUE
"USA_MUS",0.0279562562143365,5,TRUE
"USA_MWI",-0.0695384779870933,14,TRUE
"USA_MYS",-0.0461867030581401,18,TRUE
"USA_NAM",-0.0703639728392621,6,TRUE
"USA_NCL",-0.0900897145835857,11,TRUE
"USA_NER",-0.0070259787468084,15,TRUE
"USA_NFK",-2.53027126601759,5,TRUE
"USA_NGA",-0.0214043116903984,4,TRUE
"USA_NIU",-1.78182228343717,12,TRUE
"USA_NLD",0.00695081687860603,18,TRUE
"USA_NOR",-0.00990860193273155,11,TRUE
"USA_NPL",0.0146652152095781,4,TRUE
"USA_NRU",-0.542475674833535,15,TRUE
"USA_NZL",-0.0503353114380849,19,TRUE
"USA_PAK",-0.0708372084058685,19,TRUE
"USA_PCN",-2.42504339543728,10,TRUE
"USA_PHL",-0.175623404652989,5,TRUE
"USA_PLW",0.0106332432692943,10,TRUE
"USA_PNG",-0.324936071504176,15,TRUE
"USA_POL",0.0245842597531723,9,TRUE
"USA_PRK",-9.60580578772054,7,TRUE
"USA_PRT",-0.158506590913953,7,TRUE
"USA_PRY",-0.20534987743525,21,TRUE
"USA_PSE",0.132635325202032,5,TRUE
"USA_PYF",-0.00911070278375854,7,TRUE
"USA_QAT",-0.0678438806843391,17,TRUE
"USA_ROU",0.0468479674892954,5,TRUE
"USA_RUS",0.0447973703862963,4,TRUE
"USA_RWA",-0.18418964524906,11,TRUE
"USA_SAU",0.0318647053307937,7,TRUE
"USA_SDN",-0.503725870911045,5,TRUE
"USA_SEN",-0.177971938624081,14,TRUE
"USA_SGP",-0.0331336477725232,10,TRUE
"USA_SHN",-0.14927713479712,17,TRUE
"USA_SLB",-0.563536251110728,4,TRUE
"USA_SLE",-0.0175736145686726,13,TRUE
"USA_SMR",-0.741158940915978,10,TRUE
"USA_SOM",-0.376835021308715,21,TRUE
"USA_SPM",-1.35706336865248,15,TRUE
"USA_SRB",-0.0798327784781564,7,TRUE
"USA_STP",-0.516143117751303,20,TRUE
"USA_SUR",-0.0426142487154043,17,TRUE
"USA_SVK",-0.0733417253538669,14,TRUE
"USA_SVN",-0.103417440229248,4,TRUE
"USA_SWE",0.0102507735917319,19,TRUE
"USA_SWZ",-0.0142532356843399,18,TRUE
"USA_SYC",-0.608002934161273,23,TRUE
"USA_SYR",-4.16445528394507,4,TRUE
"USA_TCA",0.0603335069625018,14,TRUE
"USA_TGO",-0.171693952313809,17,TRUE
"USA_THA",-0.0594368320643105,14,TRUE
"USA_TJK",-0.520918112444825,12,TRUE
"USA_TKL",-0.546709356530816,23,TRUE
"USA_TKM",-0.804721329285349,8,TRUE
"USA_TLS",-0.554103483958167,7,TRUE
"USA_TON",-0.0898808218211526,8,TRUE
"USA_TTO",-0.100299609822364,4,TRUE
"USA_TUN",-0.196830433969828,4,TRUE
"USA_TUR",0.0627232172167775,11,TRUE
"USA_TUV",0.180760317249412,13,TRUE
"USA_TZA",0.0166322748676202,18,TRUE
"USA_UGA",-0.396730184436234,5,TRUE
"USA_UKR",0.0257533522730769,13,TRUE
"USA_URY",-0.0910001496595521,17,TRUE
"USA_UZB",-0.693206969586507,8,TRUE
"USA_VAT",-1.77510710678603,6,TRUE
"USA_VCT",0.00287257786407422,23,TRUE
"USA_VEN",0.0441738529409988,14,TRUE
"USA_VGB",1.38877877363557,6,TRUE
"USA_VNM",0.0482153476083488,12,TRUE
"USA_VUT",-0.406504503213798,17,TRUE
"USA_WLF",-0.487621000523385,7,TRUE
"USA_YEM",-0.391281338499415,8,TRUE
"USA_ZAF",0.0072681244145712,19,TRUE
"USA_ZMB",-0.0140246936322006,7,TRUE
"USA_ZWE",-0.189847447805171,14,TRUE
"UZB_ARM",-0.304323845430927,11,TRUE
"UZB_AUS",-1.24726444211448,5,TRUE
"UZB_AUT",-1.69482336246696,6,TRUE
"UZB_BEL",-1.32019220454638,8,TRUE
"UZB_BGD",-3.56880991178135,11,TRUE
"UZB_BGR",-0.13355737715857,15,TRUE
"UZB_BIH",-1.9111171246308,5,TRUE
"UZB_BRA",-3.59485532758265,19,TRUE
"UZB_BRB",-2.69924299941714,8,TRUE
"UZB_CAN",-3.05562585354365,6,TRUE
"UZB_CHE",-0.877926222712958,12,TRUE
"UZB_CHL",-1.5480625050667,6,TRUE
"UZB_CZE",-1.13100731673856,13,TRUE
"UZB_DEU",-0.701466335246645,18,TRUE
"UZB_DNK",-2.94904006842507,12,TRUE
"UZB_EGY",-0.577997563537708,6,TRUE
"UZB_ESP",-0.833941223256431,20,TRUE
"UZB_EST",-1.93368255944669,10,TRUE
"UZB_FIN",-3.16742942781855,22,TRUE
"UZB_FRA",-0.654967058824562,8,TRUE
"UZB_GBR",-2.5383927676168,8,TRUE
"UZB_GEO",-0.226252329533414,8,TRUE
"UZB_GRC",-1.5840365786013,20,TRUE
"UZB_HKG",-0.162995855913788,11,TRUE
"UZB_HRV",-1.82933909454469,13,TRUE
"UZB_HUN",-4.60673948808317,6,TRUE
"UZB_IDN",-0.590096260418895,15,TRUE
"UZB_IND",-0.0876323330176516,14,TRUE
"UZB_IRL",-2.31748601908315,4,TRUE
"UZB_ISR",-0.468187437146242,4,TRUE
"UZB_ITA",-1.17740907362704,14,TRUE
"UZB_JOR",0.0290611060524139,4,TRUE
"UZB_KOR",-0.65626521738865,17,TRUE
"UZB_LBN",-0.944641133743709,8,TRUE
"UZB_LTU",-0.638315389661475,11,TRUE
"UZB_LUX",-3.60293702957856,11,TRUE
"UZB_LVA",0.15943940427662,11,TRUE
"UZB_MAR",0.0126862381572844,5,TRUE
"UZB_MEX",-1.13073043331136,14,TRUE
"UZB_MKD",0.146047953556878,4,TRUE
"UZB_MYS",-0.128597032350522,8,TRUE
"UZB_NOR",-0.914547255826065,7,TRUE
"UZB_NZL",-0.517392853582997,11,TRUE
"UZB_PER",-0.264606680739615,8,TRUE
"UZB_PRT",-1.63731552128902,4,TRUE
"UZB_ROU",-2.77594986251138,7,TRUE
"UZB_SAU",-0.933196830223212,9,TRUE
"UZB_SRB",-2.49531945304033,8,TRUE
"UZB_SVK",-2.70457691849727,10,TRUE
"UZB_SVN",-1.33555995365728,19,TRUE
"UZB_TWN",-2.56419327605622,10,TRUE
"UZB_URY",-1.1150906605304,10,TRUE
"UZB_USA",-0.32326750642504,19,TRUE
"UZB_VNM",0.00164200310665266,10,TRUE
"UZB_ZAF",-1.57095281401532,10,TRUE
"VAT_CHE",-1.71191301501102,11,TRUE
"VAT_CZE",-0.796059741217493,5,TRUE
"VAT_DEU",-1.05973185643443,5,TRUE
"VAT_ETH",-1.1912298949466,4,TRUE
"VAT_IRL",-2.39297092487182,8,TRUE
"VAT_ITA",-1.32653633430699,5,TRUE
"VAT_KOR",-3.60213166292577,13,TRUE
"VAT_LBN",-1.47165345190596,5,TRUE
"VAT_MEX",-0.239853924417776,5,TRUE
"VAT_POL",-4.25010256878574,7,TRUE
"VAT_RUS",-2.37734176620391,6,TRUE
"VAT_USA",0.161668278862061,11,TRUE
"VAT_ZAF",-1.6400916280228,5,TRUE
"VCT_AIA",-0.47111604852857,14,TRUE
"VCT_ANT",0.275520093679938,8,TRUE
"VCT_BRA",-3.38359288323031,7,TRUE
"VCT_CAN",-0.1688961141172,24,TRUE
"VCT_CHE",-3.28555427628799,16,TRUE
"VCT_CHN",-6.08565444120073,7,TRUE
"VCT_DOM",-1.54134738499632,6,TRUE
"VCT_JPN",-2.77162366142053,20,TRUE
"VCT_KOR",-1.10830931997179,4,TRUE
"VCT_MEX",-3.37200106849157,5,TRUE
"VCT_RUS",0.790185334313331,4,TRUE
"VCT_SDN",0.342231480340292,5,TRUE
"VCT_TWN",-0.403954406652455,8,TRUE
"VCT_USA",-0.111779658722204,21,TRUE
"VCT_VEN",-0.355702197899611,6,TRUE
"VCT_VGB",1.00399351215967,16,TRUE
"VEN_ABW",-2.19942604485285,6,TRUE
"VEN_AIA",-4.79832094655354,7,TRUE
"VEN_AND",-2.82582540479999,4,TRUE
"VEN_ANT",-2.94117190354153,4,TRUE
"VEN_ARE",-3.46790958212366,17,TRUE
"VEN_ATG",-2.5260392344077,11,TRUE
"VEN_AUS",-0.83219441168448,11,TRUE
"VEN_AUT",-0.844193526559863,18,TRUE
"VEN_AZE",-1.51313381230077,8,TRUE
"VEN_BEL",-0.449009916327351,5,TRUE
"VEN_BFA",-3.31155954687564,14,TRUE
"VEN_BGR",-3.16706200381437,5,TRUE
"VEN_BHS",-3.92954828015999,9,TRUE
"VEN_BIH",-0.596526607626835,10,TRUE
"VEN_BLR",-6.68480144310314,4,TRUE
"VEN_BLZ",-2.68774739173195,18,TRUE
"VEN_BMU",-4.16805039894146,14,TRUE
"VEN_BRB",-3.24016046343676,14,TRUE
"VEN_CAN",-0.973100647528701,18,TRUE
"VEN_CHE",-1.63620859568798,12,TRUE
"VEN_CHN",0.428669600100457,8,TRUE
"VEN_CIV",-3.31221303962114,18,TRUE
"VEN_CRI",-1.54248079107838,6,TRUE
"VEN_CYP",-0.496181640574059,7,TRUE
"VEN_CZE",0.834046374443232,6,TRUE
"VEN_DEU",-0.346896707795034,18,TRUE
"VEN_DMA",-1.40499454337257,8,TRUE
"VEN_DNK",-0.570657556770461,12,TRUE
"VEN_DOM",-0.751370540806172,14,TRUE
"VEN_ESP",-0.0900282227562356,26,TRUE
"VEN_EST",-0.800142484707056,6,TRUE
"VEN_ETH",-2.85502009501496,7,TRUE
"VEN_FIN",-1.62245916020251,11,TRUE
"VEN_FRA",0.0684251265166772,26,TRUE
"VEN_GAB",-0.564407622605684,5,TRUE
"VEN_GBR",-0.516788161790702,6,TRUE
"VEN_GRC",-0.0283823709568642,15,TRUE
"VEN_GTM",-0.60338015653975,22,TRUE
"VEN_HKG",-0.324653984374362,16,TRUE
"VEN_HND",-1.41298864616817,20,TRUE
"VEN_HRV",-0.831336763219876,17,TRUE
"VEN_HTI",-1.08576790503052,11,TRUE
"VEN_HUN",-1.17090582825355,13,TRUE
"VEN_IRL",-1.44274346552871,8,TRUE
"VEN_ISL",-2.26932963183443,6,TRUE
"VEN_ITA",0.077715316447818,22,TRUE
"VEN_JOR",-0.0560898898089326,6,TRUE
"VEN_JPN",-0.506233858715239,6,TRUE
"VEN_KNA",-2.05813690747836,9,TRUE
"VEN_KWT",-2.20154262086979,10,TRUE
"VEN_LBN",-0.99938156821198,10,TRUE
"VEN_LCA",-6.99135347658046,9,TRUE
"VEN_LTU",-3.70707913316306,13,TRUE
"VEN_LUX",-2.5934615948438,8,TRUE
"VEN_MKD",-6.53998944161775,5,TRUE
"VEN_MLT",-5.75697219710366,7,TRUE
"VEN_MNE",-0.407798378791173,5,TRUE
"VEN_MTQ",-1.0393566345222,4,TRUE
"VEN_MUS",-5.8033006033193,19,TRUE
"VEN_MWI",0.584215829771702,4,TRUE
"VEN_NCL",-2.25015205885813,7,TRUE
"VEN_NLD",-0.656155870484188,6,TRUE
"VEN_NOR",-1.67229447465918,15,TRUE
"VEN_NZL",-1.98106928763957,14,TRUE
"VEN_OMN",-2.83171237725492,10,TRUE
"VEN_POL",-0.181219743710576,19,TRUE
"VEN_PRT",-1.07262580613253,7,TRUE
"VEN_PYF",-1.86047290508821,12,TRUE
"VEN_QAT",-4.14822969007635,11,TRUE
"VEN_RUS",-1.2778063603634,12,TRUE
"VEN_SAU",-1.9935258184247,10,TRUE
"VEN_SEN",-1.60076146331054,9,TRUE
"VEN_SLV",-0.445704137871689,16,TRUE
"VEN_SUR",-0.937196982554573,20,TRUE
"VEN_SVK",0.657656962663808,5,TRUE
"VEN_SVN",-2.52754527985403,9,TRUE
"VEN_SWE",0.096003827464689,18,TRUE
"VEN_SYR",-0.390774958920501,6,TRUE
"VEN_TUR",-0.21862268597408,18,TRUE
"VEN_TWN",-3.60251468091748,8,TRUE
"VEN_UKR",-0.606978292943344,5,TRUE
"VEN_USA",-0.316615251413589,4,TRUE
"VEN_VCT",-0.563974934958801,16,TRUE
"VEN_VGB",-2.53651620535667,9,TRUE
"VEN_YEM",-3.83559265921453,6,TRUE
"VGB_AGO",-0.0507315952400737,4,TRUE
"VGB_ARM",-3.93997351739029,6,TRUE
"VGB_AUS",0.0658405419329553,16,TRUE
"VGB_AZE",-2.08401607661689,14,TRUE
"VGB_BHS",-0.712930408373605,5,TRUE
"VGB_BIH",-3.00121071953125,8,TRUE
"VGB_BRA",-0.840627488506404,17,TRUE
"VGB_BRB",-0.842946766614695,13,TRUE
"VGB_CAN",-0.228623779681866,4,TRUE
"VGB_CHE",0.144723355365365,22,TRUE
"VGB_CHL",-4.0563083146271,7,TRUE
"VGB_CHN",-1.3345437287402,4,TRUE
"VGB_COL",-2.71133139593987,6,TRUE
"VGB_CRI",-0.261569762970504,7,TRUE
"VGB_DMA",-0.755227688874132,7,TRUE
"VGB_DOM",-1.10799017916149,10,TRUE
"VGB_GEO",-1.8229951050371,11,TRUE
"VGB_GRD",1.05075147121827,6,TRUE
"VGB_GTM",-4.43681415576516,9,TRUE
"VGB_GUY",-0.128273311993941,7,TRUE
"VGB_IDN",-0.0696281586303113,15,TRUE
"VGB_IND",-0.534159934512093,8,TRUE
"VGB_ISR",-0.365068451422697,8,TRUE
"VGB_JAM",-0.534412061314608,10,TRUE
"VGB_JPN",-0.992727784153556,20,TRUE
"VGB_KAZ",-3.98543603849798,9,TRUE
"VGB_KGZ",-2.08703956813022,9,TRUE
"VGB_KNA",-0.787390464040174,9,TRUE
"VGB_KOR",-2.73705829495503,14,TRUE
"VGB_LCA",0.851084445054003,8,TRUE
"VGB_LKA",-1.55891194802597,6,TRUE
"VGB_MEX",-2.32417083725843,16,TRUE
"VGB_MKD",-3.62980543495389,9,TRUE
"VGB_MYS",-0.106060383848443,7,TRUE
"VGB_NAM",-4.67402133326082,5,TRUE
"VGB_NGA",0.744154500595058,6,TRUE
"VGB_PAK",-0.625599673338818,8,TRUE
"VGB_PHL",-0.487347498528402,7,TRUE
"VGB_PYF",-0.654927068686644,4,TRUE
"VGB_RUS",-0.419729650903961,17,TRUE
"VGB_SAU",-0.896943932975404,9,TRUE
"VGB_THA",0.557268061381658,6,TRUE
"VGB_TTO",-3.8406778860707,4,TRUE
"VGB_TUR",-1.44878532131114,9,TRUE
"VGB_TWN",-4.72613982123612,6,TRUE
"VGB_UKR",-4.1371170839281,16,TRUE
"VGB_URY",-1.06628768556858,11,TRUE
"VGB_USA",-0.177871003304759,21,TRUE
"VGB_VCT",0.399871397349303,8,TRUE
"VGB_ZAF",-0.22875278926644,10,TRUE
"VGB_ZWE",0.15509092341588,11,TRUE
"VNM_AGO",-1.39836334169244,6,TRUE
"VNM_ALB",-0.00151116029675078,13,TRUE
"VNM_AND",0.100531609500172,6,TRUE
"VNM_ARE",-0.317362653073447,11,TRUE
"VNM_ATG",0.395506868753577,5,TRUE
"VNM_AUT",-0.0170312923067891,9,TRUE
"VNM_AZE",-0.0972113973372454,6,TRUE
"VNM_BDI",-0.895410569370869,4,TRUE
"VNM_BEL",-0.476261189659488,10,TRUE
"VNM_BFA",-0.713438229772912,18,TRUE
"VNM_BGR",-0.167884207918378,12,TRUE
"VNM_BHR",0.124122261752271,4,TRUE
"VNM_BIH",-0.00427885708417459,14,TRUE
"VNM_BLZ",-1.18544771143218,4,TRUE
"VNM_BRB",-0.0495482106701375,13,TRUE
"VNM_BWA",-0.693655729944481,8,TRUE
"VNM_CAF",-0.567012893693569,11,TRUE
"VNM_CHE",0.0743093599235215,14,TRUE
"VNM_CIV",-0.28180654635519,8,TRUE
"VNM_COD",0.0608234019162816,10,TRUE
"VNM_COG",-1.11329867982475,8,TRUE
"VNM_CPV",-1.0139726579365,6,TRUE
"VNM_CRI",-0.421645509596849,14,TRUE
"VNM_CYP",0.0352712348576369,12,TRUE
"VNM_CZE",-0.0171628099442129,15,TRUE
"VNM_DEU",-0.0219128710957133,8,TRUE
"VNM_DJI",-0.822644864037779,8,TRUE
"VNM_DMA",0.0586253882115319,9,TRUE
"VNM_DNK",-0.0287015429475198,13,TRUE
"VNM_DOM",-0.0962221618960802,5,TRUE
"VNM_ESP",0.103777929020704,20,TRUE
"VNM_EST",-0.0551961684532151,7,TRUE
"VNM_ETH",0.186588456069823,15,TRUE
"VNM_FIN",0.0413278499345966,21,TRUE
"VNM_FJI",-0.115806950950258,8,TRUE
"VNM_FRA",-0.0298235361782057,15,TRUE
"VNM_FRO",0.100163151626348,7,TRUE
"VNM_GAB",-0.54332883683302,4,TRUE
"VNM_GBR",-0.200026262787972,4,TRUE
"VNM_GEO",0.10610644386096,14,TRUE
"VNM_GMB",-1.26024112511621,10,TRUE
"VNM_GRC",-0.141619314038621,7,TRUE
"VNM_GRD",-0.494615764509125,10,TRUE
"VNM_GRL",0.0562846420037868,17,TRUE
"VNM_GTM",-0.30215531007695,15,TRUE
"VNM_HKG",0.00989552113831614,11,TRUE
"VNM_HND",-0.14171407861713,9,TRUE
"VNM_HRV",0.0139347412865137,19,TRUE
"VNM_HUN",-0.526900377160497,11,TRUE
"VNM_IRL",-0.160076654446689,9,TRUE
"VNM_ISL",-0.219324276561983,10,TRUE
"VNM_ISR",-0.13395106927532,15,TRUE
"VNM_ITA",0.00586230013993063,10,TRUE
"VNM_JAM",0.0541655211887084,7,TRUE
"VNM_JOR",0.0140313417461516,9,TRUE
"VNM_KEN",0.0338215158022332,14,TRUE
"VNM_KNA",-0.579878859070612,5,TRUE
"VNM_KWT",-0.362453187875915,15,TRUE
"VNM_LBN",0.0250000815026087,13,TRUE
"VNM_LBR",-0.10277839761807,5,TRUE
"VNM_LCA",-0.567771563898062,11,TRUE
"VNM_LTU",-0.160583027212296,10,TRUE
"VNM_LUX",0.118916665784034,6,TRUE
"VNM_LVA",0.253898392386378,7,TRUE
"VNM_MAC",0.227370330082022,19,TRUE
"VNM_MDA",-0.107709022478914,10,TRUE
"VNM_MDG",-0.0627142106348417,15,TRUE
"VNM_MDV",0.120988473094155,5,TRUE
"VNM_MLI",-0.232330459991616,14,TRUE
"VNM_MLT",-0.639373803180497,18,TRUE
"VNM_MNE",-0.0556864675099693,4,TRUE
"VNM_MNG",-0.0128826670392221,14,TRUE
"VNM_MRT",-1.14709086799966,5,TRUE
"VNM_MUS",-0.959896077561852,24,TRUE
"VNM_MWI",-0.189111646758654,6,TRUE
"VNM_NAM",-0.177661258129654,11,TRUE
"VNM_NCL",-0.1158927712564,8,TRUE
"VNM_NER",-0.0653812313730933,17,TRUE
"VNM_NLD",-0.101124406964641,13,TRUE
"VNM_NOR",-0.0918938232139972,4,TRUE
"VNM_NPL",-0.116181596029096,11,TRUE
"VNM_OMN",-0.320946890611782,18,TRUE
"VNM_PAN",0.186630725091653,12,TRUE
"VNM_PLW",-0.197260298970951,4,TRUE
"VNM_PNG",-0.349508724499754,7,TRUE
"VNM_POL",-0.0190469806423289,17,TRUE
"VNM_PRT",0.0854630457196395,6,TRUE
"VNM_PRY",-0.192835177294053,14,TRUE
"VNM_PSE",0.00811341729401479,6,TRUE
"VNM_PYF",-0.0957346222760482,11,TRUE
"VNM_QAT",0.106280018968889,6,TRUE
"VNM_RWA",-2.01583916381608,6,TRUE
"VNM_SAU",1.5342868904078e-05,5,TRUE
"VNM_SEN",-2.59856071412821,4,TRUE
"VNM_SLE",-0.129388182595208,10,TRUE
"VNM_SLV",0.0185840195632832,10,TRUE
"VNM_SRB",-0.00350849743072441,5,TRUE
"VNM_SUR",-0.174803064887579,13,TRUE
"VNM_SVK",-1.15402548497564,20,TRUE
"VNM_SVN",-0.00954133842973659,16,TRUE
"VNM_SWE",0.0969728328400112,7,TRUE
"VNM_SWZ",-2.31152641743223,5,TRUE
"VNM_SYC",-0.00169953238065962,13,TRUE
"VNM_SYR",0.110929426817017,11,TRUE
"VNM_TGO",-0.060184096816513,19,TRUE
"VNM_TKM",-0.374177553953565,4,TRUE
"VNM_TLS",-0.225320974965963,8,TRUE
"VNM_TUR",0.0363764430091797,8,TRUE
"VNM_TWN",0.00466962234538393,14,TRUE
"VNM_UGA",-0.271361945872598,12,TRUE
"VNM_UKR",-0.0487142691614077,5,TRUE
"VNM_URY",0.112352564173748,4,TRUE
"VNM_USA",0.0304688506253469,16,TRUE
"VNM_VCT",-0.273001579692854,7,TRUE
"VNM_WSM",-0.247700609102757,7,TRUE
"VNM_YEM",-0.573083324547771,5,TRUE
"VNM_ZAF",0.0724550406983136,6,TRUE
"VNM_ZMB",-0.16453128478541,11,TRUE
"VUT_AUT",-2.4341538171912,7,TRUE
"VUT_BEL",-4.36175702791474,6,TRUE
"VUT_CAN",-1.34892479231596,15,TRUE
"VUT_CHE",-4.10925346969766,13,TRUE
"VUT_CHL",-1.87835202256746,8,TRUE
"VUT_CHN",-0.295902515241145,12,TRUE
"VUT_DEU",-2.87198498796371,9,TRUE
"VUT_ESP",-3.38307503494965,15,TRUE
"VUT_FRA",-0.895088249544881,22,TRUE
"VUT_GBR",-1.25216714426214,10,TRUE
"VUT_HKG",-0.600213818985711,12,TRUE
"VUT_IND",-5.35512794309595,9,TRUE
"VUT_IRL",-0.933068647307765,6,TRUE
"VUT_JPN",-0.0272471593533654,26,TRUE
"VUT_KOR",-1.12212593574469,20,TRUE
"VUT_MEX",-3.11865856760576,4,TRUE
"VUT_MYS",-0.602928014556087,14,TRUE
"VUT_NCL",-0.0185583444219376,8,TRUE
"VUT_NLD",-0.912890037514617,5,TRUE
"VUT_PAK",-0.457341657882606,8,TRUE
"VUT_POL",-3.5815058583516,9,TRUE
"VUT_PYF",-1.23340231568536,8,TRUE
"VUT_RUS",0.686635010739256,4,TRUE
"VUT_SGP",-0.237993632339745,6,TRUE
"VUT_THA",-0.302941828236724,16,TRUE
"VUT_TUR",-0.165088443600911,4,TRUE
"VUT_TWN",0.884057771602755,4,TRUE
"VUT_USA",-0.351708688108734,19,TRUE
"VUT_ZAF",-2.44474070260608,9,TRUE
"WLF_CAN",0.200755478828071,6,TRUE
"WLF_FJI",-1.27967613678137,4,TRUE
"WLF_MEX",-1.53880365027429,5,TRUE
"WSM_ASM",0.504964283132112,4,TRUE
"WSM_AUT",-3.01614371625737,9,TRUE
"WSM_BRA",-0.0241416557517712,6,TRUE
"WSM_CAN",-0.165999404392463,6,TRUE
"WSM_CHN",-1.2535381087836,7,TRUE
"WSM_COL",0.509511574994521,6,TRUE
"WSM_ESP",-1.00171055589605,9,TRUE
"WSM_FRA",-1.4393477730786,4,TRUE
"WSM_GBR",-0.12673305742872,5,TRUE
"WSM_HKG",-1.39486158182533,14,TRUE
"WSM_IDN",-0.313676322090649,14,TRUE
"WSM_IND",0.0854125496665858,6,TRUE
"WSM_JPN",-0.296000152071431,20,TRUE
"WSM_KOR",0.196324645233137,10,TRUE
"WSM_MYS",-3.33301272971235,4,TRUE
"WSM_NCL",-1.4450381821329,5,TRUE
"WSM_NLD",-1.85678298633138,17,TRUE
"WSM_POL",-1.27146844031969,5,TRUE
"WSM_SGP",-0.0512750358355519,5,TRUE
"WSM_SWE",-1.50288199530174,13,TRUE
"WSM_THA",-1.49223232181946,5,TRUE
"WSM_TKL",1.34010104330672,7,TRUE
"WSM_TWN",-0.59614896968408,10,TRUE
"WSM_USA",-0.0939204985334508,11,TRUE
"YEM_AND",-0.69409210061219,7,TRUE
"YEM_AUT",-1.17125967089202,9,TRUE
"YEM_BEL",0.236134232172727,4,TRUE
"YEM_BGD",-0.595473692497235,5,TRUE
"YEM_BLR",-0.576899291439362,6,TRUE
"YEM_BRA",-3.8852052543985,9,TRUE
"YEM_CHE",-2.70314693241044,13,TRUE
"YEM_CHN",0.0220120427590691,14,TRUE
"YEM_COM",0.333525121174627,15,TRUE
"YEM_CYP",-4.54715084347263,14,TRUE
"YEM_CZE",-1.50204672198238,21,TRUE
"YEM_DEU",-1.86259845918841,22,TRUE
"YEM_DNK",-2.87857141200154,10,TRUE
"YEM_DOM",-5.36052437494559,11,TRUE
"YEM_ERI",0.504623269809498,5,TRUE
"YEM_ESP",0.064329553307552,16,TRUE
"YEM_ETH",-1.11560222955218,13,TRUE
"YEM_FIN",-0.451625118034364,9,TRUE
"YEM_FRA",-0.745148368546175,9,TRUE
"YEM_GBR",-1.10666416831949,16,TRUE
"YEM_GHA",0.476960071863995,5,TRUE
"YEM_GRC",-1.05249595336933,16,TRUE
"YEM_HKG",1.66575714406361,5,TRUE
"YEM_IDN",-0.980774745188646,23,TRUE
"YEM_IND",-0.58342098064588,11,TRUE
"YEM_IRL",-0.399429103172366,15,TRUE
"YEM_IRN",-2.47265635649992,9,TRUE
"YEM_ITA",1.26760365373108,4,TRUE
"YEM_JPN",-0.529404988129881,6,TRUE
"YEM_KEN",-2.31171122538642,4,TRUE
"YEM_KOR",-1.13930880457069,4,TRUE
"YEM_LKA",1.04764797898446,9,TRUE
"YEM_MEX",-2.51323421948899,8,TRUE
"YEM_MRT",-1.42085767053503,4,TRUE
"YEM_MUS",-1.74113420356826,4,TRUE
"YEM_MYS",0.520200329564848,8,TRUE
"YEM_NGA",-4.74669791185578,6,TRUE
"YEM_NLD",0.86116287476474,4,TRUE
"YEM_NOR",0.461710913618062,8,TRUE
"YEM_NZL",-4.03188216656765,16,TRUE
"YEM_PAK",2.08915560844747,5,TRUE
"YEM_PHL",-3.48933129761489,5,TRUE
"YEM_POL",-1.59794143695527,5,TRUE
"YEM_PRT",-0.789528888583077,7,TRUE
"YEM_ROU",-2.50985912254239,9,TRUE
"YEM_RUS",1.18087650146457,4,TRUE
"YEM_SGP",-0.68704938997482,21,TRUE
"YEM_SLE",-2.83136054414246,4,TRUE
"YEM_SOM",0.195531372406859,8,TRUE
"YEM_SVN",-1.6094426184011,7,TRUE
"YEM_SWE",-0.913008033407378,17,TRUE
"YEM_SYC",-3.6304573407305,7,TRUE
"YEM_TGO",-0.0935913116229598,9,TRUE
"YEM_THA",-0.156222189828632,23,TRUE
"YEM_TUR",0.376005651034945,8,TRUE
"YEM_TWN",-1.12471397755473,18,TRUE
"YEM_TZA",-0.221902098836211,16,TRUE
"YEM_UKR",-2.30688016657758,9,TRUE
"YEM_USA",-0.676153563339275,17,TRUE
"YEM_VNM",-0.723139230892967,7,TRUE
"YEM_ZAF",-4.97323091107069,11,TRUE
"ZAF_ABW",-0.678010168407098,14,TRUE
"ZAF_AFG",-3.50950826659118,5,TRUE
"ZAF_AGO",-0.155077019845296,7,TRUE
"ZAF_ALB",0.588841232436997,4,TRUE
"ZAF_AND",-1.00124826107085,10,TRUE
"ZAF_ANT",0.169802974374861,4,TRUE
"ZAF_ARE",0.129928740065075,6,TRUE
"ZAF_ARM",-0.119806821798204,12,TRUE
"ZAF_ASM",-1.3006994916209,7,TRUE
"ZAF_ATA",-0.271883812928492,7,TRUE
"ZAF_ATG",0.268410513614599,9,TRUE
"ZAF_AUS",0.074955020085438,20,TRUE
"ZAF_AZE",-0.864115362237118,9,TRUE
"ZAF_BDI",-0.113977403982068,12,TRUE
"ZAF_BEN",-0.178492627216844,13,TRUE
"ZAF_BFA",-0.0454187230956333,9,TRUE
"ZAF_BGD",0.150242192431466,7,TRUE
"ZAF_BHR",-0.434020326718277,5,TRUE
"ZAF_BHS",-0.629130294030807,12,TRUE
"ZAF_BIH",-0.218800648159973,11,TRUE
"ZAF_BLR",-0.472675204530833,6,TRUE
"ZAF_BLZ",0.234908175855808,8,TRUE
"ZAF_BMU",-1.81184177059728,5,TRUE
"ZAF_BOL",-0.0435040578069303,4,TRUE
"ZAF_BRB",0.267781899483169,5,TRUE
"ZAF_BRN",0.0944934684339369,6,TRUE
"ZAF_CAF",-0.41616930029977,5,TRUE
"ZAF_CAN",-0.0149547750951808,18,TRUE
"ZAF_CHL",-0.00390520079132311,21,TRUE
"ZAF_CIV",-0.085325598901038,4,TRUE
"ZAF_CMR",0.0467079718662426,19,TRUE
"ZAF_COD",0.0250924862983751,18,TRUE
"ZAF_COG",-0.995385253194558,6,TRUE
"ZAF_COK",-0.808673909293481,4,TRUE
"ZAF_COL",-0.321449666558,13,TRUE
"ZAF_CPV",-1.24142251154908,5,TRUE
"ZAF_CRI",-0.239511459068892,21,TRUE
"ZAF_CUB",0.254161264892322,4,TRUE
"ZAF_CYM",0.152767010189666,7,TRUE
"ZAF_DJI",-0.0760031865651266,12,TRUE
"ZAF_DMA",-0.867452213372862,14,TRUE
"ZAF_DOM",0.215571423701402,5,TRUE
"ZAF_DZA",-0.185282724209795,14,TRUE
"ZAF_ECU",-0.323089991458553,13,TRUE
"ZAF_EGY",-0.0422055887186897,14,TRUE
"ZAF_ERI",0.223838266867042,12,TRUE
"ZAF_ETH",0.0105450171168862,11,TRUE
"ZAF_FJI",-0.237931626240298,4,TRUE
"ZAF_FLK",0.074755541493506,13,TRUE
"ZAF_FRO",-1.73588468109585,13,TRUE
"ZAF_GAB",-0.000652251942558912,6,TRUE
"ZAF_GEO",0.0808806110092569,8,TRUE
"ZAF_GHA",-0.112520535787213,10,TRUE
"ZAF_GIB",-0.00570042776961772,13,TRUE
"ZAF_GIN",-0.211611666290363,12,TRUE
"ZAF_GMB",-0.133879292359412,12,TRUE
"ZAF_GNB",-0.4521926257211,7,TRUE
"ZAF_GNQ",-0.136500946188306,14,TRUE
"ZAF_GRD",0.0353479155166604,4,TRUE
"ZAF_GTM",0.0238546209534781,7,TRUE
"ZAF_GUY",-1.37312406851966,12,TRUE
"ZAF_HKG",-0.193636569614847,14,TRUE
"ZAF_HND",-0.180521843446472,12,TRUE
"ZAF_HTI",-0.0105779116399927,8,TRUE
"ZAF_IDN",-0.110989700801042,6,TRUE
"ZAF_IRN",-0.737774814400977,5,TRUE
"ZAF_IRQ",-0.713236273081206,4,TRUE
"ZAF_ISR",-0.555344082169567,11,TRUE
"ZAF_JAM",-0.408155559713634,13,TRUE
"ZAF_JOR",-0.119744683695333,15,TRUE
"ZAF_JPN",-0.00019865681151485,18,TRUE
"ZAF_KAZ",0.0356878184266927,7,TRUE
"ZAF_KEN",-0.312802524267187,4,TRUE
"ZAF_KGZ",-0.491986993814434,12,TRUE
"ZAF_KHM",0.195251202829051,6,TRUE
"ZAF_KIR",-1.45447423917397,9,TRUE
"ZAF_KNA",-1.81869800922214,4,TRUE
"ZAF_KOR",-0.105999646663237,8,TRUE
"ZAF_KWT",-0.093606313282561,17,TRUE
"ZAF_LAO",-0.286056992094982,5,TRUE
"ZAF_LBN",-0.209703725600148,8,TRUE
"ZAF_LBR",-0.0655456209156707,12,TRUE
"ZAF_LBY",-1.30082655389589,8,TRUE
"ZAF_LCA",0.457682116762723,5,TRUE
"ZAF_LKA",0.216930839046513,6,TRUE
"ZAF_MAC",-1.68105932903721,7,TRUE
"ZAF_MAR",-0.128876691109588,18,TRUE
"ZAF_MDA",-0.184196704197689,13,TRUE
"ZAF_MDV",0.0123512699013005,19,TRUE
"ZAF_MEX",-0.365275002110675,13,TRUE
"ZAF_MHL",-0.402403989120744,9,TRUE
"ZAF_MKD",0.921040311124303,5,TRUE
"ZAF_MLI",-0.292169713674206,6,TRUE
"ZAF_MNE",0.449136905238792,4,TRUE
"ZAF_MNG",-0.905444151158483,11,TRUE
"ZAF_MRT",0.0538364290811499,14,TRUE
"ZAF_MYS",0.0689635657911262,12,TRUE
"ZAF_MYT",-0.50288143605553,8,TRUE
"ZAF_NCL",-0.907111487068168,11,TRUE
"ZAF_NER",-0.665526165392768,4,TRUE
"ZAF_NGA",-0.0912836305027924,12,TRUE
"ZAF_NIC",-0.502067548628685,8,TRUE
"ZAF_NPL",-0.723987560446271,14,TRUE
"ZAF_NZL",-0.142069359586647,9,TRUE
"ZAF_OMN",-0.0192010233170418,19,TRUE
"ZAF_PAK",0.515884974463768,4,TRUE
"ZAF_PAN",0.641223745739045,5,TRUE
"ZAF_PER",-0.124067265646904,13,TRUE
"ZAF_PHL",0.0583645091325789,21,TRUE
"ZAF_PNG",-0.124234298290714,15,TRUE
"ZAF_PRK",-2.16561921804682,6,TRUE
"ZAF_PYF",-0.276969927079969,4,TRUE
"ZAF_QAT",-0.0889853200117095,10,TRUE
"ZAF_RUS",-0.0664651215190747,17,TRUE
"ZAF_RWA",-0.0463317619073554,10,TRUE
"ZAF_SAU",0.000466892772008493,7,TRUE
"ZAF_SDN",-0.299802918455235,14,TRUE
"ZAF_SEN",0.0332916963520112,13,TRUE
"ZAF_SGP",-0.242768085942567,5,TRUE
"ZAF_SHN",0.233826981635495,5,TRUE
"ZAF_SLE",-0.0446635225195815,10,TRUE
"ZAF_SLV",-0.607789728602877,11,TRUE
"ZAF_SOM",-0.222070274522695,14,TRUE
"ZAF_SRB",0.0831676830332727,4,TRUE
"ZAF_STP",-0.266762124825789,5,TRUE
"ZAF_SUR",0.725641703006415,6,TRUE
"ZAF_SYR",-0.0649348410561671,8,TRUE
"ZAF_TCA",-3.37431355449427,5,TRUE
"ZAF_TCD",-0.158684909403638,16,TRUE
"ZAF_TGO",-0.143179638525964,11,TRUE
"ZAF_TKL",-1.35825390412815,12,TRUE
"ZAF_TKM",-1.3880121270932,9,TRUE
"ZAF_TLS",-1.27784018866333,6,TRUE
"ZAF_TON",-1.83025001916987,12,TRUE
"ZAF_TTO",-0.149137110709211,4,TRUE
"ZAF_TUN",-0.144153943945314,14,TRUE
"ZAF_TUR",0.0248614272459127,19,TRUE
"ZAF_TWN",-0.304355009044872,8,TRUE
"ZAF_UGA",0.0474502987530599,17,TRUE
"ZAF_UKR",-0.026803549191593,13,TRUE
"ZAF_UMI",-0.505229230132291,6,TRUE
"ZAF_USA",-0.114601668166464,5,TRUE
"ZAF_UZB",-1.86199223698412,6,TRUE
"ZAF_VCT",-0.690739705597668,6,TRUE
"ZAF_VGB",1.55050108864056,5,TRUE
"ZAF_VUT",-0.675067589221324,8,TRUE
"ZAF_WSM",-1.87432552188527,8,TRUE
"ZAF_YEM",-0.0417574977913525,6,TRUE
"ZMB_ARE",-1.04070398112447,19,TRUE
"ZMB_AUS",-1.95725580512921,13,TRUE
"ZMB_AUT",-0.734056688128252,20,TRUE
"ZMB_BEL",-0.514103281781179,14,TRUE
"ZMB_BGD",-1.36353634388388,9,TRUE
"ZMB_BGR",-1.70354650152702,10,TRUE
"ZMB_BHR",-0.403847351443873,4,TRUE
"ZMB_BRA",-0.638526950600861,9,TRUE
"ZMB_CAN",-0.622309939047117,7,TRUE
"ZMB_CHE",-0.828571300963279,10,TRUE
"ZMB_CHL",-0.671030746889628,8,TRUE
"ZMB_CHN",0.117504639716523,10,TRUE
"ZMB_COG",-0.402050638416208,5,TRUE
"ZMB_CRI",-3.52213749968063,6,TRUE
"ZMB_CYP",-3.59693763699846,15,TRUE
"ZMB_CZE",-1.27228664156744,10,TRUE
"ZMB_DEU",-0.295061037149254,13,TRUE
"ZMB_DNK",-0.249255896211587,20,TRUE
"ZMB_DOM",-1.43852045513219,5,TRUE
"ZMB_DZA",-4.585111786124,8,TRUE
"ZMB_ESP",0.00643920659645474,15,TRUE
"ZMB_FIN",-3.12738761664268,11,TRUE
"ZMB_FRA",-1.05240523238936,5,TRUE
"ZMB_GBR",-0.550468272281147,15,TRUE
"ZMB_GRC",-2.03659588990073,16,TRUE
"ZMB_HKG",-1.05402670038235,16,TRUE
"ZMB_HRV",-3.74018995870493,4,TRUE
"ZMB_HUN",-1.94627025202842,21,TRUE
"ZMB_IDN",-0.649868973831687,20,TRUE
"ZMB_IND",-0.0474905671500629,9,TRUE
"ZMB_IRL",-1.183027447647,19,TRUE
"ZMB_ISL",-2.36987529556778,16,TRUE
"ZMB_ISR",-0.739163543052705,12,TRUE
"ZMB_ITA",-0.440561710250239,23,TRUE
"ZMB_JPN",-0.584472236394607,23,TRUE
"ZMB_KAZ",-0.436684616212898,8,TRUE
"ZMB_KOR",-0.363361375226702,8,TRUE
"ZMB_KWT",-1.27771633607066,11,TRUE
"ZMB_LBN",-0.790176216623039,13,TRUE
"ZMB_LUX",-0.113787033166229,7,TRUE
"ZMB_MAR",-0.841176112451211,5,TRUE
"ZMB_MEX",-3.76348943874539,11,TRUE
"ZMB_MLI",-0.0168715229385378,5,TRUE
"ZMB_MNE",-0.888220851581167,4,TRUE
"ZMB_MRT",-1.53706549869586,6,TRUE
"ZMB_MYS",-1.0849793886672,12,TRUE
"ZMB_NER",-1.58607682242829,7,TRUE
"ZMB_NGA",-0.872699567279694,15,TRUE
"ZMB_NLD",-0.220738022243714,15,TRUE
"ZMB_NOR",-0.249899678847225,17,TRUE
"ZMB_NZL",-0.317778252505903,16,TRUE
"ZMB_PER",-2.31594427571307,7,TRUE
"ZMB_PHL",-1.52702573476582,7,TRUE
"ZMB_POL",-1.21548317099802,8,TRUE
"ZMB_PRT",-1.00674141924382,11,TRUE
"ZMB_ROU",-2.05675514867142,16,TRUE
"ZMB_RUS",0.0668734822191499,9,TRUE
"ZMB_SAU",-0.872400978246513,9,TRUE
"ZMB_SEN",-1.53072208370071,18,TRUE
"ZMB_SGP",-0.72010509127714,16,TRUE
"ZMB_SVK",-2.55924611155714,9,TRUE
"ZMB_SVN",-1.63641005746965,12,TRUE
"ZMB_SWE",-0.0165767339318836,19,TRUE
"ZMB_THA",-0.984168687116541,11,TRUE
"ZMB_TUR",-1.20251332862299,7,TRUE
"ZMB_TWN",-0.361637242325854,7,TRUE
"ZMB_UKR",-0.53439749308891,9,TRUE
"ZMB_USA",-0.318128850717741,10,TRUE
"ZMB_VNM",-1.77083530981569,4,TRUE
"ZWE_ARE",-1.39252386925503,21,TRUE
"ZWE_ARM",0.619865908674692,5,TRUE
"ZWE_AUS",-1.02846059550748,20,TRUE
"ZWE_BFA",-1.48950714656306,7,TRUE
"ZWE_BIH",-0.403275450892045,12,TRUE
"ZWE_BLR",-1.59579772643341,6,TRUE
"ZWE_BRB",-0.573835042447223,8,TRUE
"ZWE_CAN",-0.416933155455863,23,TRUE
"ZWE_CHE",-2.70828879726166,4,TRUE
"ZWE_CHN",-0.181722083341226,24,TRUE
"ZWE_CIV",-1.73744957387477,17,TRUE
"ZWE_COG",-4.14250637622238,6,TRUE
"ZWE_DOM",-4.67909795108286,5,TRUE
"ZWE_GAB",-1.89811612560757,5,TRUE
"ZWE_HKG",-0.345915479031133,15,TRUE
"ZWE_HND",-1.00009961538658,11,TRUE
"ZWE_ISL",0.0655371785197223,20,TRUE
"ZWE_ISR",-1.70566315514275,18,TRUE
"ZWE_JAM",-1.50551399603545,4,TRUE
"ZWE_JOR",-0.0702760003864232,15,TRUE
"ZWE_JPN",-0.876351635057517,14,TRUE
"ZWE_KAZ",-0.763453278835193,5,TRUE
"ZWE_KWT",-2.28005132313068,11,TRUE
"ZWE_LBN",-1.31350159022027,6,TRUE
"ZWE_MDA",-1.23718554241854,6,TRUE
"ZWE_MKD",-1.5671113792886,5,TRUE
"ZWE_NCL",-0.41788100862426,6,TRUE
"ZWE_NOR",-0.912045872465003,5,TRUE
"ZWE_NZL",-0.172066320878696,26,TRUE
"ZWE_OMN",-3.64483805599802,9,TRUE
"ZWE_PRY",0.0199760456572169,4,TRUE
"ZWE_RUS",-0.199385281628342,11,TRUE
"ZWE_SAU",-1.5935937757956,11,TRUE
"ZWE_SRB",-0.192830567202429,4,TRUE
"ZWE_TUR",-0.41297677807858,13,TRUE
"ZWE_TWN",-0.906243595440845,13,TRUE
"ZWE_UKR",-0.215288443291218,16,TRUE
"ZWE_USA",-0.627594329050188,12,TRUE
"ZWE_VCT",-3.79802575833076,4,TRUE
"ZWE_YEM",-2.30564796457642,8,TRUE
