"pair","theta_A","n_post_cells","qualifies"
"ABW_CZE",1.84747008946171,12,TRUE
"AFG_BGD",-5.1278647284468,5,TRUE
"AFG_IND",1.43001046168429,15,TRUE
"AFG_LKA",-2.65739748966352,6,TRUE
"AIA_CZE",-1.27505548103385,13,TRUE
"AIA_SVK",2.35292455156551,9,TRUE
"ALB_AUT",0.427052602367895,12,TRUE
"ALB_BEL",-0.968299601130473,12,TRUE
"ALB_BGR",2.2816627865812,15,TRUE
"ALB_CHE",0.857847559280582,8,TRUE
"ALB_CYP",1.23884047615669,12,TRUE
"ALB_CZE",0.37970150837203,12,TRUE
"ALB_DEU",-0.145155443298673,12,TRUE
"ALB_DNK",-1.65515783796425,12,TRUE
"ALB_ESP",2.01275339131349,12,TRUE
"ALB_EST",2.44765774227094,12,TRUE
"ALB_FIN",-0.0128605603322876,12,TRUE
"ALB_FRA",0.156800031377374,12,TRUE
"ALB_GBR",-0.101988759446074,12,TRUE
"ALB_GRC",-0.180754496117949,12,TRUE
"ALB_HRV",-0.818283298270354,15,TRUE
"ALB_HUN",0.0704802053375921,12,TRUE
"ALB_IRL",0.60980175958224,12,TRUE
"ALB_ISL",0.386125279847504,8,TRUE
"ALB_ITA",0.131821053429204,12,TRUE
"ALB_LTU",1.23970907756407,12,TRUE
"ALB_LUX",2.34766847967424,12,TRUE
"ALB_LVA",2.59641465247762,11,TRUE
"ALB_MDA",-2.18236484346924,14,TRUE
"ALB_MKD",0.10050132975865,16,TRUE
"ALB_MLT",1.4493252220093,11,TRUE
"ALB_NLD",-0.537316067108202,12,TRUE
"ALB_NOR",2.14081067978079,8,TRUE
"ALB_POL",1.01347657659555,12,TRUE
"ALB_PRT",-2.23806864326446,12,TRUE
"ALB_ROU",-1.27095394414431,14,TRUE
"ALB_SVK",0.798791677062013,12,TRUE
"ALB_SVN",-0.697409145122065,12,TRUE
"ALB_SWE",0.0957075768508865,12,TRUE
"ALB_TUR",0.732305834297454,10,TRUE
"AND_BGR",-1.10337556061168,11,TRUE
"AND_CYP",-3.99506010323137,11,TRUE
"AND_CZE",0.951897218413711,14,TRUE
"AND_EST",-4.59905347566492,13,TRUE
"AND_GRC",-2.4886734928133,24,TRUE
"AND_HRV",-0.292215328528602,5,TRUE
"AND_HUN",-4.62873397167641,11,TRUE
"AND_LTU",-5.76812594954331,10,TRUE
"AND_LVA",-3.59161021434253,12,TRUE
"AND_POL",1.47684601472973,14,TRUE
"AND_ROU",-1.95038303726077,11,TRUE
"AND_SVK",0.973569168388633,14,TRUE
"AND_SVN",-0.837836275333332,14,TRUE
"ANT_CZE",0.266800610186566,5,TRUE
"ANT_EST",1.68405123355284,3,FALSE
"ANT_FIN",1.09271895453171,12,TRUE
"ANT_HUN",-1.61155869208682,4,TRUE
"ANT_POL",-0.364938045045314,5,TRUE
"ANT_SVK",2.15390548115364,5,TRUE
"ANT_SVN",-2.20411821118447,5,TRUE
"ARE_CHE",1.08115895434792,4,TRUE
"ARE_DZA",0.807279711043699,9,TRUE
"ARE_EGY",2.26364942115888,20,TRUE
"ARE_ISL",0.191619208461932,4,TRUE
"ARE_JOR",2.28353864372365,20,TRUE
"ARE_LBN",6.59611834353387,20,TRUE
"ARE_LBY",4.02235823765643,14,TRUE
"ARE_MAR",-0.190130385587609,20,TRUE
"ARE_NOR",-0.0514129415741826,4,TRUE
"ARE_SDN",1.43582115345217,20,TRUE
"ARE_SGP",0.0117248738415608,5,TRUE
"ARE_SYR",4.0482185509002,18,TRUE
"ARE_TUN",2.18944708304101,20,TRUE
"ARE_YEM",3.17276178967744,18,TRUE
"ARG_CMR",3.57687871073867,25,TRUE
"ARG_IRN",-1.24610764015917,26,TRUE
"ARG_ISR",-0.019364432711292,9,TRUE
"ARG_MAR",1.03317271035966,21,TRUE
"ARG_PAN",0.268089559426129,6,TRUE
"ARG_PHL",3.51709425586184,26,TRUE
"ARM_BLR",-0.240825704248208,6,TRUE
"ARM_KAZ",-0.875070908204791,17,TRUE
"ARM_TJK",-0.0527391154476737,3,FALSE
"ATF_CZE",7.17391709314818,13,TRUE
"ATF_SVN",-3.16025122305,9,TRUE
"ATG_AUT",-2.9261911967096,10,TRUE
"ATG_BEL",-2.37884028091487,10,TRUE
"ATG_CZE",-1.83746120041739,10,TRUE
"ATG_DEU",-4.82736566291286,10,TRUE
"ATG_DNK",-1.48652108516209,10,TRUE
"ATG_ESP",-4.64991668457745,10,TRUE
"ATG_EST",-4.74486766893931,7,TRUE
"ATG_FIN",-1.84463232168987,10,TRUE
"ATG_FRA",-2.41318562182498,10,TRUE
"ATG_GBR",-1.83507582288197,10,TRUE
"ATG_GRC",-4.91425250683036,8,TRUE
"ATG_HUN",-5.49123112766755,3,FALSE
"ATG_IRL",-3.00315377533234,10,TRUE
"ATG_ITA",-3.47431479813265,10,TRUE
"ATG_LTU",-9.13370564391498,3,FALSE
"ATG_LUX",-2.32523325537403,9,TRUE
"ATG_MLT",-1.67855162290484,10,TRUE
"ATG_NLD",-1.87844042912248,10,TRUE
"ATG_POL",0.361103177887494,10,TRUE
"ATG_PRT",-3.57391547624334,10,TRUE
"ATG_ROU",-3.44737843622769,10,TRUE
"ATG_SVK",-4.22620342848585,9,TRUE
"ATG_SVN",-6.10203200894986,9,TRUE
"ATG_SWE",-2.94736795809018,10,TRUE
"AUS_BRN",-0.069976068395226,8,TRUE
"AUS_CHL",0.986388438302558,9,TRUE
"AUS_CHN",0.373114135937775,3,FALSE
"AUS_IDN",0.0582230889043007,6,TRUE
"AUS_JPN",0.327974709571868,3,FALSE
"AUS_KHM",-0.527936579652727,7,TRUE
"AUS_KOR",0.0368440312312073,4,TRUE
"AUS_LAO",-0.456911199385991,7,TRUE
"AUS_MMR",0.771431905167269,8,TRUE
"AUS_MYS",0.180102745691742,8,TRUE
"AUS_PHL",-0.196631395291788,8,TRUE
"AUS_SGP",0.108210986820213,15,TRUE
"AUS_THA",0.208448800737982,13,TRUE
"AUS_USA",-0.046860967022761,13,TRUE
"AUS_VNM",0.0174889002720973,8,TRUE
"AUT_ALB",0.0617215861075678,12,TRUE
"AUT_ATG",-1.37100813275203,10,TRUE
"AUT_BGR",2.75514724506648,25,TRUE
"AUT_BHS",1.0165506376705,10,TRUE
"AUT_BIH",-0.806130240851606,10,TRUE
"AUT_BLZ",0.497384584778919,10,TRUE
"AUT_BRB",-0.718956925832708,10,TRUE
"AUT_CHL",1.07747323081385,15,TRUE
"AUT_CMR",-0.527251265701193,4,TRUE
"AUT_COL",-0.27900606865812,5,TRUE
"AUT_CRI",-0.0310554164048316,5,TRUE
"AUT_CYP",-0.123592300354717,23,TRUE
"AUT_DMA",-2.13427591744335,10,TRUE
"AUT_DOM",0.431810463674736,10,TRUE
"AUT_DZA",-0.501162164757241,23,TRUE
"AUT_EGY",3.76874623328966,23,TRUE
"AUT_FJI",0.305683848095924,9,TRUE
"AUT_GEO",-0.122423190048432,4,TRUE
"AUT_GRD",-0.648629165807847,10,TRUE
"AUT_GTM",-0.319485648417787,5,TRUE
"AUT_GUY",0.42482595385993,10,TRUE
"AUT_HND",0.173828698819751,5,TRUE
"AUT_HRV",0.145804957335594,16,TRUE
"AUT_HUN",2.0826671981203,25,TRUE
"AUT_ISR",2.75846795603869,25,TRUE
"AUT_JAM",-0.184983030137851,10,TRUE
"AUT_JOR",-0.316988164734758,16,TRUE
"AUT_KNA",-1.23749265751572,10,TRUE
"AUT_KOR",0.103170780161852,7,TRUE
"AUT_LBN",4.92682142485364,23,TRUE
"AUT_LCA",-1.26385303823954,10,TRUE
"AUT_MAR",0.693387719393745,23,TRUE
"AUT_MDA",0.111061040433807,4,TRUE
"AUT_MDG",-0.563517896917402,6,TRUE
"AUT_MEX",-0.648336341695118,18,TRUE
"AUT_MKD",-0.26857946576531,17,TRUE
"AUT_MLT",5.25461882269696,23,TRUE
"AUT_MUS",0.105698332375779,6,TRUE
"AUT_NIC",0.0206609327108605,5,TRUE
"AUT_PAN",0.906674186950898,5,TRUE
"AUT_PER",0.107436625776159,5,TRUE
"AUT_PNG",-0.334490389019098,9,TRUE
"AUT_POL",1.27548954460776,25,TRUE
"AUT_ROU",1.48664331620325,25,TRUE
"AUT_SLV",-0.0775138532404576,5,TRUE
"AUT_SRB",0.307011172445446,8,TRUE
"AUT_SUR",0.0427172062653495,10,TRUE
"AUT_SYC",0.259665869891436,6,TRUE
"AUT_SYR",6.65011156632108,23,TRUE
"AUT_TTO",-0.735287555282647,10,TRUE
"AUT_TUN",-0.390421857735908,23,TRUE
"AUT_TUR",-0.219926861096106,26,TRUE
"AUT_UKR",-0.34874563332304,4,TRUE
"AUT_VCT",0.0318304056318289,10,TRUE
"AUT_VGB",1.30584577797848,11,TRUE
"AUT_ZAF",2.58375067508316,18,TRUE
"AUT_ZWE",-0.706205091838517,6,TRUE
"BDI_EGY",1.99034511418088,10,TRUE
"BEL_ALB",-0.305792676777833,12,TRUE
"BEL_ATG",0.431871784298554,10,TRUE
"BEL_BHS",-0.0990157698091239,10,TRUE
"BEL_BIH",-0.433391657157322,10,TRUE
"BEL_BLZ",-0.518477563883801,10,TRUE
"BEL_BRB",-0.356939390635009,10,TRUE
"BEL_CHL",0.925892071612607,15,TRUE
"BEL_CMR",-0.369648484236834,4,TRUE
"BEL_COL",-0.0888997055340432,5,TRUE
"BEL_CRI",-0.132288504691163,5,TRUE
"BEL_DMA",-0.887173239436005,10,TRUE
"BEL_DOM",-0.245760376233023,10,TRUE
"BEL_FJI",-0.537160459242575,9,TRUE
"BEL_GEO",0.134566284497079,4,TRUE
"BEL_GRD",-0.489421183409899,10,TRUE
"BEL_GTM",0.806368049297027,5,TRUE
"BEL_GUY",-0.252260654545084,10,TRUE
"BEL_HND",-0.653254302848203,5,TRUE
"BEL_JAM",0.344144068295381,10,TRUE
"BEL_KNA",-0.313015675897819,10,TRUE
"BEL_KOR",-0.0440064708927383,7,TRUE
"BEL_LCA",-1.71578473088604,10,TRUE
"BEL_MDA",-0.0723356992302604,4,TRUE
"BEL_MDG",-0.506354661374497,6,TRUE
"BEL_MUS",0.084226282581648,6,TRUE
"BEL_NIC",-0.875329566255935,5,TRUE
"BEL_PAN",0.847773994450636,5,TRUE
"BEL_PER",0.124732322515031,5,TRUE
"BEL_PNG",-0.801263993523021,9,TRUE
"BEL_SLV",-0.731149860014699,5,TRUE
"BEL_SRB",0.486940333377315,8,TRUE
"BEL_SUR",-0.0177885910759345,10,TRUE
"BEL_SYC",0.032322568768345,6,TRUE
"BEL_TTO",-0.147169710905421,10,TRUE
"BEL_UKR",-0.00419162492839376,4,TRUE
"BEL_VCT",-1.22168787288984,10,TRUE
"BEL_VGB",1.30292207494181,11,TRUE
"BEL_ZWE",-0.14949707717097,6,TRUE
"BEN_COL",1.22705006879638,21,TRUE
"BEN_MAR",-2.16216859507148,21,TRUE
"BGD_AFG",-2.21183176750892,6,TRUE
"BGD_BTN",0.971297309454425,17,TRUE
"BGD_CHN",-0.777394984204413,16,TRUE
"BGD_COL",2.32060114236186,21,TRUE
"BGD_MAR",-1.16153377769962,21,TRUE
"BGD_MDV",-0.178022481305223,22,TRUE
"BGD_MMR",-1.15121552208687,20,TRUE
"BGD_NPL",-1.52530403413213,23,TRUE
"BGD_VEN",0.3285468812656,13,TRUE
"BGR_ABW",1.05045407808358,9,TRUE
"BGR_ALB",-0.951708914621424,15,TRUE
"BGR_AND",1.59835455873338,11,TRUE
"BGR_ATG",-3.11331575671541,10,TRUE
"BGR_AUT",0.700804931148947,25,TRUE
"BGR_BHS",-1.63591570461125,10,TRUE
"BGR_BLZ",-0.329782140562557,10,TRUE
"BGR_BMU",-0.470892931663422,11,TRUE
"BGR_BRB",-0.675674164823879,10,TRUE
"BGR_CHE",0.270455496091607,25,TRUE
"BGR_CHL",1.15089856335843,11,TRUE
"BGR_CMR",-0.329281312477373,4,TRUE
"BGR_COL",-0.737248611938137,5,TRUE
"BGR_CRI",0.754576182966898,5,TRUE
"BGR_CYM",-2.76134917152182,10,TRUE
"BGR_CYP",0.954842169056891,14,TRUE
"BGR_DEU",0.759561691266653,24,TRUE
"BGR_DMA",-0.948167780165319,8,TRUE
"BGR_DNK",0.848754231589121,24,TRUE
"BGR_DOM",-0.492660025022127,10,TRUE
"BGR_DZA",0.343928410808908,11,TRUE
"BGR_EGY",0.388453828388338,11,TRUE
"BGR_ESP",1.06334841164286,24,TRUE
"BGR_EST",0.110878226328256,16,TRUE
"BGR_FJI",-0.474185693520479,9,TRUE
"BGR_FRA",1.89324225181283,24,TRUE
"BGR_FRO",-1.18454409223894,9,TRUE
"BGR_GBR",3.98427213290369,24,TRUE
"BGR_GEO",-0.628009744167898,4,TRUE
"BGR_GRC",1.03987792146154,24,TRUE
"BGR_GRD",-2.64337405738259,9,TRUE
"BGR_GRL",-1.42911931280427,11,TRUE
"BGR_GTM",0.945985816953379,5,TRUE
"BGR_GUY",1.5693393518632,10,TRUE
"BGR_HND",-1.3711165452624,5,TRUE
"BGR_HRV",1.48166747600577,15,TRUE
"BGR_HUN",0.937299735392463,19,TRUE
"BGR_IRL",1.16812820214747,24,TRUE
"BGR_ISL",1.34487686584851,25,TRUE
"BGR_ISR",-0.0361493778511732,16,TRUE
"BGR_ITA",1.96233426762015,24,TRUE
"BGR_JAM",-0.227298953315985,10,TRUE
"BGR_JOR",-0.710693377647365,11,TRUE
"BGR_KNA",-0.952397054533653,10,TRUE
"BGR_KOR",0.681503751249116,7,TRUE
"BGR_LBN",-0.195514390320323,11,TRUE
"BGR_LCA",-3.2684161095473,8,TRUE
"BGR_LTU",0.0195811753986006,16,TRUE
"BGR_LVA",-0.0870161055519754,15,TRUE
"BGR_MAR",0.169919252023319,11,TRUE
"BGR_MDG",-1.26398267659018,6,TRUE
"BGR_MEX",-0.769612770433214,11,TRUE
"BGR_MKD",-0.71524783467732,18,TRUE
"BGR_MLT",0.368023968078127,14,TRUE
"BGR_MUS",1.10215962333264,6,TRUE
"BGR_NCL",-0.472379633136103,11,TRUE
"BGR_NIC",-0.406585280765045,5,TRUE
"BGR_NLD",1.05124892746293,24,TRUE
"BGR_NOR",3.4655114779248,25,TRUE
"BGR_PAN",-0.660514893760761,5,TRUE
"BGR_PER",-0.638955608640972,5,TRUE
"BGR_PNG",-2.26524865139273,6,TRUE
"BGR_POL",1.22769814650474,19,TRUE
"BGR_PRT",1.13361026987068,24,TRUE
"BGR_PYF",0.692659820903197,11,TRUE
"BGR_ROU",1.32696087391878,19,TRUE
"BGR_SLV",-0.497904858822315,5,TRUE
"BGR_SMR",-0.317568280584271,11,TRUE
"BGR_SUR",0.0682588968249247,10,TRUE
"BGR_SVN",1.67808377686085,21,TRUE
"BGR_SWE",3.01747339418946,25,TRUE
"BGR_SYC",-0.104943541864752,6,TRUE
"BGR_SYR",0.19124447688157,11,TRUE
"BGR_TTO",-1.96812371491489,10,TRUE
"BGR_TUN",0.410565638218702,11,TRUE
"BGR_TUR",0.56077512752567,19,TRUE
"BGR_UKR",-0.120299559983557,4,TRUE
"BGR_VCT",-3.31587090984186,10,TRUE
"BGR_VGB",-0.782440397985561,11,TRUE
"BGR_ZAF",0.842181018253287,11,TRUE
"BGR_ZWE",-0.288016309345275,6,TRUE
"BHR_CHE",-1.02675357128849,4,TRUE
"BHR_DZA",0.580242037957607,9,TRUE
"BHR_EGY",2.40973257400543,20,TRUE
"BHR_ISL",-4.84621951596492,3,FALSE
"BHR_JOR",-0.838207505973878,20,TRUE
"BHR_MAR",2.50635027928378,20,TRUE
"BHR_NOR",0.458854399422335,4,TRUE
"BHR_SGP",-0.308416918527487,5,TRUE
"BHR_TUN",-0.695502487533233,20,TRUE
"BHR_USA",0.883184923322719,12,TRUE
"BHS_AUT",0.159912678578099,10,TRUE
"BHS_BEL",-3.34923652654666,10,TRUE
"BHS_BGR",-2.66191483617741,8,TRUE
"BHS_CYP",-1.79918910257443,6,TRUE
"BHS_CZE",-1.54794732210883,10,TRUE
"BHS_DEU",-1.998051303731,10,TRUE
"BHS_DNK",-4.78806308023385,10,TRUE
"BHS_ESP",-4.56829787459646,10,TRUE
"BHS_EST",-1.05376735609702,10,TRUE
"BHS_FIN",-2.01957384233757,10,TRUE
"BHS_FRA",-0.90685263111719,10,TRUE
"BHS_GBR",-2.53076675388538,10,TRUE
"BHS_GRC",-2.50622975889932,10,TRUE
"BHS_HRV",-6.22263244925604,3,FALSE
"BHS_HTI",-1.14683555550768,15,TRUE
"BHS_HUN",-0.0860547606631609,10,TRUE
"BHS_IRL",1.20184390729904,10,TRUE
"BHS_ITA",-1.65376861490047,10,TRUE
"BHS_LVA",-6.45362127980319,3,FALSE
"BHS_MLT",-1.50839791557117,7,TRUE
"BHS_NLD",-0.748814209718676,10,TRUE
"BHS_POL",0.410656915664681,10,TRUE
"BHS_PRT",-3.77189041213906,10,TRUE
"BHS_ROU",-5.72164292326245,4,TRUE
"BHS_SVK",-3.35887906728043,10,TRUE
"BHS_SVN",0.104998883759767,10,TRUE
"BHS_SWE",-3.4467512625073,10,TRUE
"BIH_ALB",2.75636762714143,14,TRUE
"BIH_AUT",1.10212728762415,10,TRUE
"BIH_BEL",0.440491616651496,10,TRUE
"BIH_CHE",-0.568925259169544,3,FALSE
"BIH_CYP",1.29764723797403,10,TRUE
"BIH_CZE",0.646090252063946,10,TRUE
"BIH_DEU",0.382203827955197,10,TRUE
"BIH_DNK",0.885295707288519,10,TRUE
"BIH_ESP",0.171810059115586,10,TRUE
"BIH_EST",1.83954576918571,10,TRUE
"BIH_FIN",-0.29235020030455,10,TRUE
"BIH_FRA",-0.199563156637179,10,TRUE
"BIH_GBR",0.158355528448377,10,TRUE
"BIH_GRC",-0.7546742650747,10,TRUE
"BIH_HRV",-0.0733223064688467,17,TRUE
"BIH_HUN",0.299193907816408,10,TRUE
"BIH_IRL",0.0699488387267352,10,TRUE
"BIH_ISL",-0.621605590610046,3,FALSE
"BIH_ITA",0.122792325881453,10,TRUE
"BIH_LTU",-2.36314110636649,10,TRUE
"BIH_LUX",-1.27086177472495,10,TRUE
"BIH_LVA",0.760635210593205,10,TRUE
"BIH_MDA",2.26299780629009,14,TRUE
"BIH_MKD",-0.030416586567391,16,TRUE
"BIH_MLT",0.356299131116459,10,TRUE
"BIH_NLD",0.665877003553861,10,TRUE
"BIH_NOR",0.4743941337228,3,FALSE
"BIH_POL",-0.00305528669541273,10,TRUE
"BIH_PRT",-0.883841483985748,10,TRUE
"BIH_SVK",1.05156633674581,10,TRUE
"BIH_SWE",0.362938653217852,10,TRUE
"BIH_TUR",0.330583374867839,15,TRUE
"BLR_ARM",0.400796090550444,6,TRUE
"BLR_MDA",-0.447946885749473,6,TRUE
"BLR_UKR",-0.159130567596693,14,TRUE
"BLZ_AUT",0.0820839626672908,10,TRUE
"BLZ_BEL",-0.00746696581497412,10,TRUE
"BLZ_BGR",1.14835731551962,10,TRUE
"BLZ_CYP",3.36253445619049,5,TRUE
"BLZ_CZE",0.681534401490475,10,TRUE
"BLZ_DEU",-0.0145687940049964,10,TRUE
"BLZ_DNK",-0.79821954954411,10,TRUE
"BLZ_ESP",0.360125896531242,10,TRUE
"BLZ_EST",-1.47797272874209,9,TRUE
"BLZ_FIN",-3.52275815276087,10,TRUE
"BLZ_FRA",0.166551391609128,10,TRUE
"BLZ_GBR",0.472377161578149,10,TRUE
"BLZ_GRC",-0.984812235203355,8,TRUE
"BLZ_HUN",-0.284257175071755,10,TRUE
"BLZ_IRL",1.36219642940125,10,TRUE
"BLZ_ITA",-0.607460619511099,10,TRUE
"BLZ_LTU",-3.08477445201887,8,TRUE
"BLZ_LVA",-4.2788456042051,5,TRUE
"BLZ_MLT",-4.80928295839755,3,FALSE
"BLZ_NLD",1.00642801471188,10,TRUE
"BLZ_POL",-0.965801416832972,10,TRUE
"BLZ_PRT",0.0058226374763918,10,TRUE
"BLZ_ROU",0.0533282545868219,6,TRUE
"BLZ_SVK",-2.30137995517932,10,TRUE
"BLZ_SVN",-0.782847988580301,9,TRUE
"BLZ_SWE",-2.31482962194644,10,TRUE
"BMU_BGR",-2.97151453924957,4,TRUE
"BMU_CZE",-3.00224991186275,13,TRUE
"BMU_EST",-7.11860928298908,7,TRUE
"BMU_HRV",-5.08521958461794,3,FALSE
"BMU_HUN",-2.87216319007349,11,TRUE
"BMU_MLT",-3.59326147276655,8,TRUE
"BMU_POL",-6.63532387344257,14,TRUE
"BMU_SVK",-7.50376390740188,10,TRUE
"BMU_SVN",-4.62516699551529,11,TRUE
"BOL_PAN",-1.51523366779864,6,TRUE
"BRA_CMR",-1.00520224271711,26,TRUE
"BRA_MAR",-0.100510909074621,21,TRUE
"BRA_MMR",2.42596020846696,21,TRUE
"BRA_PAN",0.434978229436306,6,TRUE
"BRB_AUT",-0.179783291689486,10,TRUE
"BRB_BEL",-1.11608218565066,10,TRUE
"BRB_BGR",-1.03129275034048,9,TRUE
"BRB_CYP",2.54804752887181,7,TRUE
"BRB_CZE",-2.01471329645512,10,TRUE
"BRB_DEU",-0.833026910101429,10,TRUE
"BRB_DNK",-1.23189516663636,10,TRUE
"BRB_ESP",-1.91418354500724,10,TRUE
"BRB_EST",1.93253396883706,10,TRUE
"BRB_FIN",0.591362524742925,10,TRUE
"BRB_FRA",0.557913948691315,10,TRUE
"BRB_GBR",-1.47374457622988,10,TRUE
"BRB_GRC",-1.654776614715,10,TRUE
"BRB_HTI",0.339622195923449,16,TRUE
"BRB_HUN",-2.07324241713435,9,TRUE
"BRB_IRL",-3.30604000123967,10,TRUE
"BRB_ITA",-0.259790847332246,10,TRUE
"BRB_LTU",-6.2751767464122,7,TRUE
"BRB_LUX",0.674122677896779,10,TRUE
"BRB_LVA",-4.57152129356493,5,TRUE
"BRB_MLT",-6.4973217712952,6,TRUE
"BRB_NLD",0.217659298409024,10,TRUE
"BRB_POL",-0.234701662191774,10,TRUE
"BRB_PRT",-2.36817236985218,10,TRUE
"BRB_ROU",-1.69261028593494,9,TRUE
"BRB_SVK",0.654080640015243,10,TRUE
"BRB_SVN",-5.99448043274006,10,TRUE
"BRB_SWE",-0.287900314678472,10,TRUE
"BRN_AUS",0.659507782766187,8,TRUE
"BRN_CHL",-0.23722349711607,10,TRUE
"BRN_CHN",-0.0627298748790872,13,TRUE
"BRN_IDN",5.89459417956894,24,TRUE
"BRN_IND",1.55426238490676,8,TRUE
"BRN_JPN",1.34188393627357,10,TRUE
"BRN_KOR",0.449573768726089,8,TRUE
"BRN_MYS",3.09644050571921,26,TRUE
"BRN_NZL",1.04996275200035,12,TRUE
"BRN_SGP",-0.0885996216598462,26,TRUE
"BRN_THA",-0.705801814810205,26,TRUE
"BTN_IND",2.23183344058431,23,TRUE
"BTN_PAK",-0.600964247249054,23,TRUE
"BWA_CHE",-1.30958478659155,10,TRUE
"BWA_ISL",-8.27385583646152,5,TRUE
"BWA_LSO",-3.67357303102306,18,TRUE
"BWA_MWI",0.221976493996625,18,TRUE
"BWA_NAM",-2.36686989016667,18,TRUE
"BWA_NOR",-1.74817148406711,10,TRUE
"BWA_ZAF",-4.7962154647249,18,TRUE
"BWA_ZMB",0.982319286313106,18,TRUE
"BWA_ZWE",0.636333033028389,18,TRUE
"CAF_CMR",0.348535416666454,18,TRUE
"CAF_COG",-1.39172469768053,19,TRUE
"CAF_GAB",-1.36232619020455,10,TRUE
"CAF_TCD",-1.76167528983731,17,TRUE
"CAN_CHE",0.113134146730606,9,TRUE
"CAN_CHL",0.818357944728178,21,TRUE
"CAN_COL",-0.494663729104599,7,TRUE
"CAN_CRI",0.0975131789769623,16,TRUE
"CAN_HND",-0.285974891591591,4,TRUE
"CAN_ISL",0.0802929859494298,9,TRUE
"CAN_ISR",-0.181213527599128,21,TRUE
"CAN_JOR",-0.358337092938092,6,TRUE
"CAN_KOR",0.00964790419138299,3,FALSE
"CAN_MEX",0.377367032214667,24,TRUE
"CAN_NOR",-0.0394210528060236,9,TRUE
"CAN_PAN",0.728558402575517,5,TRUE
"CAN_PER",0.177736775266089,9,TRUE
"CHE_ALB",-0.647673958329493,8,TRUE
"CHE_ARE",-0.0765180134272621,4,TRUE
"CHE_BGR",-0.737911909499502,25,TRUE
"CHE_BHR",-0.155337058649624,4,TRUE
"CHE_BIH",-0.775472424402476,3,FALSE
"CHE_BWA",-2.37888470282565,10,TRUE
"CHE_CAN",0.290674868948434,9,TRUE
"CHE_CHL",0.420438880172796,14,TRUE
"CHE_CHN",0.81888802587967,4,TRUE
"CHE_COL",-0.994332786416262,7,TRUE
"CHE_CRI",-0.0713300704367417,4,TRUE
"CHE_CYP",-0.372036365715263,14,TRUE
"CHE_EGY",-0.543789509911104,11,TRUE
"CHE_FRO",-2.71631303834099,23,TRUE
"CHE_HKG",0.425134522315632,6,TRUE
"CHE_HRV",-0.217309165560366,16,TRUE
"CHE_HUN",-1.44608229094554,25,TRUE
"CHE_ISR",-0.842844532312811,25,TRUE
"CHE_JOR",-0.475859151921067,16,TRUE
"CHE_JPN",-0.176496323411722,9,TRUE
"CHE_KOR",-0.84389420873361,12,TRUE
"CHE_KWT",-0.02773362625153,4,TRUE
"CHE_LBN",-0.972945596230616,11,TRUE
"CHE_LSO",0.261023372361117,10,TRUE
"CHE_MAR",-0.714921422912364,19,TRUE
"CHE_MEX",-1.63963716433141,17,TRUE
"CHE_MKD",-0.345499126937835,16,TRUE
"CHE_MLT",-0.387861433285564,14,TRUE
"CHE_MNE",-1.59209304628219,6,TRUE
"CHE_NAM",-0.364991479166766,10,TRUE
"CHE_OMN",-0.359512134583562,4,TRUE
"CHE_PAN",-0.0852890650679654,4,TRUE
"CHE_PER",-0.631074765210155,7,TRUE
"CHE_POL",-0.505400162971623,25,TRUE
"CHE_QAT",-0.0382579998547004,4,TRUE
"CHE_ROU",1.08998539744194,25,TRUE
"CHE_SAU",-0.765695032257208,4,TRUE
"CHE_SGP",0.0296403048454054,15,TRUE
"CHE_SRB",-0.249707099507437,8,TRUE
"CHE_SWZ",-0.345569572542327,10,TRUE
"CHE_TUN",-0.863845054468144,13,TRUE
"CHE_TUR",0.193266416355687,26,TRUE
"CHE_UKR",0.425244542041666,6,TRUE
"CHE_ZAF",-0.206897294076818,10,TRUE
"CHL_AUS",1.01992554973401,9,TRUE
"CHL_AUT",0.107330566014293,15,TRUE
"CHL_BEL",0.746481585604906,15,TRUE
"CHL_BGR",-0.484385470131968,11,TRUE
"CHL_BRN",-0.00552730145051667,12,TRUE
"CHL_CAN",0.676496188928937,21,TRUE
"CHL_CHE",0.391290598278127,14,TRUE
"CHL_CHN",0.753572409751679,12,TRUE
"CHL_CMR",2.45203655677187,26,TRUE
"CHL_CRI",0.765652412953655,16,TRUE
"CHL_CYP",-0.0503105537421238,14,TRUE
"CHL_CZE",0.165846646928604,14,TRUE
"CHL_DEU",0.00665121945272542,15,TRUE
"CHL_DNK",0.523319058560641,15,TRUE
"CHL_ESP",0.353731998598734,15,TRUE
"CHL_EST",-0.581435282146933,14,TRUE
"CHL_FIN",0.0644011149949641,15,TRUE
"CHL_FRA",-0.206871256439268,15,TRUE
"CHL_GBR",-0.884390044058861,15,TRUE
"CHL_GRC",-0.00427181877972433,15,TRUE
"CHL_GTM",-0.377804868198915,8,TRUE
"CHL_HKG",0.695475566999726,4,TRUE
"CHL_HND",-0.283309935185306,10,TRUE
"CHL_HRV",-0.305941454913143,5,TRUE
"CHL_HUN",-0.0936376254333045,14,TRUE
"CHL_IRL",0.0202655001900028,15,TRUE
"CHL_ISL",-1.010341251535,14,TRUE
"CHL_ITA",-0.0146843259018062,15,TRUE
"CHL_JPN",0.362606535737241,11,TRUE
"CHL_LTU",1.0824077622734,14,TRUE
"CHL_LUX",0.924113453102083,15,TRUE
"CHL_LVA",-0.844213437356327,14,TRUE
"CHL_MAR",-0.395680790518013,21,TRUE
"CHL_MLT",-0.239062515899161,14,TRUE
"CHL_NLD",-0.0364650545455205,15,TRUE
"CHL_NOR",-0.265139608260154,14,TRUE
"CHL_NZL",0.16702063460464,12,TRUE
"CHL_PAN",0.814539322526599,10,TRUE
"CHL_POL",0.349841594158202,14,TRUE
"CHL_PRT",-0.585988103797508,15,TRUE
"CHL_SLV",0.660305651599718,16,TRUE
"CHL_SVK",-0.580197101308767,14,TRUE
"CHL_SVN",0.136183720218228,14,TRUE
"CHL_SWE",-0.200488472579987,15,TRUE
"CHL_USA",0.27870150800229,14,TRUE
"CHN_AUS",0.14813909868618,3,FALSE
"CHN_BGD",-0.0503881063366008,16,TRUE
"CHN_BRN",1.12109353058885,13,TRUE
"CHN_CHE",-0.0599938049668305,4,TRUE
"CHN_CHL",1.55430383255078,12,TRUE
"CHN_CRI",0.878445617113875,7,TRUE
"CHN_HKG",-0.847691019475507,15,TRUE
"CHN_IDN",0.549109437635246,13,TRUE
"CHN_IND",0.754394422262489,16,TRUE
"CHN_ISL",0.216130125494778,4,TRUE
"CHN_KHM",0.663256515385072,13,TRUE
"CHN_KOR",0.074928626162139,16,TRUE
"CHN_LAO",0.559994096495908,16,TRUE
"CHN_LKA",0.276418047270416,16,TRUE
"CHN_MAC",-1.04243038668442,15,TRUE
"CHN_MMR",0.0707907911234621,13,TRUE
"CHN_MYS",0.465720492285114,13,TRUE
"CHN_NZL",0.0743561638810437,10,TRUE
"CHN_PAK",0.27656952328192,11,TRUE
"CHN_PER",0.684187612033318,8,TRUE
"CHN_PHL",0.506251716807521,13,TRUE
"CHN_SGP",-0.116826972486346,13,TRUE
"CHN_THA",0.387072013628281,13,TRUE
"CHN_VNM",0.340599595308087,13,TRUE
"CMR_AUT",-1.62631860227085,4,TRUE
"CMR_BEL",0.588379953339279,4,TRUE
"CMR_BGR",0.249246709801928,4,TRUE
"CMR_BRA",-2.25017771080967,26,TRUE
"CMR_CAF",1.05021230263503,18,TRUE
"CMR_COG",0.90411230555933,19,TRUE
"CMR_COL",-1.59655082983097,21,TRUE
"CMR_CYP",1.23272272872787,4,TRUE
"CMR_CZE",0.52404387438375,4,TRUE
"CMR_DEU",-0.694440315969724,4,TRUE
"CMR_DNK",-1.26473151400285,4,TRUE
"CMR_DZA",-1.12025685115083,25,TRUE
"CMR_ESP",-0.875906750297494,4,TRUE
"CMR_EST",0.893645400379485,4,TRUE
"CMR_FIN",-0.159605156514657,4,TRUE
"CMR_FRA",-0.395219225609561,4,TRUE
"CMR_GAB",1.00396059176247,18,TRUE
"CMR_GBR",-0.900308695577744,4,TRUE
"CMR_GIN",-0.862897755226624,20,TRUE
"CMR_GNQ",-1.36508562951471,18,TRUE
"CMR_GRC",-1.17472567149542,4,TRUE
"CMR_HRV",-0.516000237600943,4,TRUE
"CMR_HUN",-1.21395789786483,4,TRUE
"CMR_IND",3.31094273129386,26,TRUE
"CMR_IRL",-0.399049974641259,4,TRUE
"CMR_ITA",-0.188402713347811,4,TRUE
"CMR_KOR",-1.38578329468437,26,TRUE
"CMR_LTU",-4.72520316207955,4,TRUE
"CMR_LUX",0.546939999555686,4,TRUE
"CMR_MAR",-1.5487378177637,21,TRUE
"CMR_MLT",1.3463742810621,4,TRUE
"CMR_NGA",-0.196397744202488,23,TRUE
"CMR_NLD",0.0675996748886931,4,TRUE
"CMR_POL",-1.81795392340191,4,TRUE
"CMR_PRT",-0.342717260914178,4,TRUE
"CMR_SGP",-0.283861488251678,26,TRUE
"CMR_SVK",0.827789767024595,4,TRUE
"CMR_SVN",-0.796757093529623,4,TRUE
"CMR_SWE",-2.04352940704714,4,TRUE
"CMR_TCD",0.861423629119826,18,TRUE
"CMR_THA",1.86746748503966,26,TRUE
"CMR_TUN",-0.823582093423119,26,TRUE
"CMR_VEN",-2.17849244386796,14,TRUE
"COD_EGY",-0.183436511437545,15,TRUE
"COD_KEN",0.533092789960682,19,TRUE
"COD_SYC",-1.88943479182323,7,TRUE
"COG_CAF",-2.60859497228954,19,TRUE
"COG_CMR",2.7157861533831,19,TRUE
"COG_GAB",2.81797252567126,18,TRUE
"COL_AUT",-2.81820115892562,5,TRUE
"COL_BEL",-0.737115129445618,5,TRUE
"COL_BGD",-1.84402154082268,21,TRUE
"COL_BGR",-1.18574446656184,5,TRUE
"COL_CAN",-0.736227785398639,7,TRUE
"COL_CHE",-1.12136640960921,7,TRUE
"COL_CMR",0.789993149233811,21,TRUE
"COL_CUB",-0.432115733935235,21,TRUE
"COL_CYP",-4.16215435344612,5,TRUE
"COL_CZE",-2.58371811357312,5,TRUE
"COL_DEU",-1.07071286469376,5,TRUE
"COL_DNK",-2.58151874249301,5,TRUE
"COL_DZA",-1.81535259350806,21,TRUE
"COL_EGY",0.688294436087129,21,TRUE
"COL_ESP",-0.265814813032948,5,TRUE
"COL_EST",-1.07350264419842,5,TRUE
"COL_FIN",-1.22962250907767,5,TRUE
"COL_FRA",-0.993902807714903,5,TRUE
"COL_GBR",-1.17737817028069,5,TRUE
"COL_GHA",-0.16830843255594,21,TRUE
"COL_GIN",0.395956683897623,21,TRUE
"COL_GRC",-0.423126297595687,5,TRUE
"COL_GTM",-0.0238634065861068,9,TRUE
"COL_GUY",1.75567481980876,21,TRUE
"COL_HND",-0.465814463041258,8,TRUE
"COL_HRV",-1.28834586118971,5,TRUE
"COL_HUN",-3.2216193519025,5,TRUE
"COL_IDN",0.284782768086736,21,TRUE
"COL_IND",-0.517514744469929,21,TRUE
"COL_IRL",0.349689558094321,5,TRUE
"COL_IRN",-1.8501810015314,20,TRUE
"COL_ISL",-1.37146078298873,7,TRUE
"COL_ITA",-0.542068819506002,5,TRUE
"COL_KOR",0.302121338332376,21,TRUE
"COL_LBY",-1.17024931437796,17,TRUE
"COL_LKA",-2.0010606726572,21,TRUE
"COL_LTU",-2.04915113740451,5,TRUE
"COL_LUX",-3.13805458605651,5,TRUE
"COL_LVA",-2.07334287438517,5,TRUE
"COL_MAR",-0.720078315068295,21,TRUE
"COL_MLT",0.179564278525258,5,TRUE
"COL_MMR",-0.822417598965962,15,TRUE
"COL_MYS",0.603174330085516,21,TRUE
"COL_NGA",-0.0559800263139738,21,TRUE
"COL_NIC",-0.961986330733827,21,TRUE
"COL_NLD",-0.643282061846935,5,TRUE
"COL_NOR",-1.2041536592442,7,TRUE
"COL_PAK",1.64563677232268,21,TRUE
"COL_PAN",0.777535464574692,6,TRUE
"COL_PHL",1.1472125204384,21,TRUE
"COL_POL",-0.870294965628884,5,TRUE
"COL_PRK",-1.9086086312632,16,TRUE
"COL_PRT",-0.332679449895396,5,TRUE
"COL_SDN",-2.08352087338107,20,TRUE
"COL_SGP",1.52153033999754,21,TRUE
"COL_SLV",-0.642693182272084,8,TRUE
"COL_SVK",-0.633355016592322,5,TRUE
"COL_SVN",-0.520217698831,5,TRUE
"COL_SWE",-1.75077950138505,5,TRUE
"COL_THA",-0.358904729806943,21,TRUE
"COL_TTO",1.14260386436167,21,TRUE
"COL_TUN",0.456493652617733,21,TRUE
"COL_USA",-0.56728742164872,6,TRUE
"COL_ZWE",-1.37694702345725,16,TRUE
"COM_EGY",0.919584373732229,8,TRUE
"CRI_AUT",-0.512549852875539,5,TRUE
"CRI_BEL",0.902851930326547,5,TRUE
"CRI_BGR",-1.7297105169514,5,TRUE
"CRI_CAN",-0.142654804760728,16,TRUE
"CRI_CHE",-0.179052509782923,4,TRUE
"CRI_CHL",-0.00374794167256901,16,TRUE
"CRI_CHN",-0.970470883642728,7,TRUE
"CRI_CYP",-0.793832689779506,5,TRUE
"CRI_CZE",-0.514444461821313,5,TRUE
"CRI_DEU",0.0767133400255132,5,TRUE
"CRI_DNK",-0.859775574236269,5,TRUE
"CRI_DOM",1.14400684862541,16,TRUE
"CRI_ESP",1.08341295859594,5,TRUE
"CRI_EST",-0.110638256774346,5,TRUE
"CRI_FIN",0.650954090476214,5,TRUE
"CRI_FRA",0.435566052576524,5,TRUE
"CRI_GBR",-0.567404478185345,5,TRUE
"CRI_GRC",1.55542118578796,5,TRUE
"CRI_HRV",-0.594978098418813,5,TRUE
"CRI_HUN",-1.7094705635157,5,TRUE
"CRI_IRL",0.455052308967174,5,TRUE
"CRI_ISL",-0.0712885156208179,4,TRUE
"CRI_ITA",0.662631214300859,5,TRUE
"CRI_LTU",2.22140359515205,5,TRUE
"CRI_LUX",0.0879118500302423,5,TRUE
"CRI_LVA",0.952524462260588,5,TRUE
"CRI_MEX",0.609371907408855,23,TRUE
"CRI_MLT",0.437138163535545,5,TRUE
"CRI_NLD",-0.456061211899795,5,TRUE
"CRI_NOR",0.325111112841278,4,TRUE
"CRI_PAN",0.242069591546729,10,TRUE
"CRI_PER",0.301765406946995,5,TRUE
"CRI_POL",0.106515997405047,5,TRUE
"CRI_PRT",0.173042335404293,5,TRUE
"CRI_ROU",-1.00057094907006,5,TRUE
"CRI_SGP",-0.826851008612315,5,TRUE
"CRI_SVK",-0.594056474439723,5,TRUE
"CRI_SVN",0.947598342894495,5,TRUE
"CRI_SWE",-0.95444827863658,5,TRUE
"CRI_USA",0.159630747320501,9,TRUE
"CUB_COL",-0.13117964653218,21,TRUE
"CUB_MAR",1.50365412836247,21,TRUE
"CUB_PAN",-0.562103750995683,4,TRUE
"CUB_PRY",2.55202164338506,19,TRUE
"CUB_SLV",-0.0377383497904515,6,TRUE
"CUB_URY",-0.642690291432249,19,TRUE
"CUB_VEN",2.71802076158097,15,TRUE
"CYM_BGR",-3.80202952795062,7,TRUE
"CYM_CZE",-2.8909692984983,13,TRUE
"CYM_HUN",-4.84980472291587,13,TRUE
"CYM_POL",-3.49900445740548,13,TRUE
"CYM_SVK",-7.40557880271684,9,TRUE
"CYM_SVN",-1.83980711253172,8,TRUE
"CYP_ABW",-0.903647125579375,10,TRUE
"CYP_ALB",-1.98043057108627,12,TRUE
"CYP_AND",-2.9692730828861,13,TRUE
"CYP_ANT",0.0544659125963161,5,TRUE
"CYP_ATG",1.96674208503123,10,TRUE
"CYP_AUT",-0.221223907929002,23,TRUE
"CYP_BGR",-0.582813825850774,14,TRUE
"CYP_BHS",-0.216577292805713,10,TRUE
"CYP_BIH",-1.58619663794247,10,TRUE
"CYP_BLZ",0.851178112725304,10,TRUE
"CYP_BMU",-5.10092865084675,5,TRUE
"CYP_BRB",-0.185682238896681,10,TRUE
"CYP_CHE",0.166687569787864,14,TRUE
"CYP_CHL",1.12090610799532,14,TRUE
"CYP_CMR",-2.40808739450052,4,TRUE
"CYP_COL",-4.31521189364888,5,TRUE
"CYP_CRI",-2.43047142019243,5,TRUE
"CYP_CZE",0.257568054773384,14,TRUE
"CYP_DMA",-0.61793818089252,10,TRUE
"CYP_DOM",-2.28582848782402,10,TRUE
"CYP_DZA",-0.302513547675713,14,TRUE
"CYP_EGY",-0.666254793071231,14,TRUE
"CYP_EST",2.49635529977135,14,TRUE
"CYP_FIN",0.172145910635261,23,TRUE
"CYP_FJI",-3.29599649762144,9,TRUE
"CYP_FLK",-5.90348777096709,3,FALSE
"CYP_FRO",-2.77509458076205,6,TRUE
"CYP_GEO",-0.445754092081742,4,TRUE
"CYP_GRD",-1.07047580931572,9,TRUE
"CYP_GRL",-5.82330877849065,12,TRUE
"CYP_GTM",-0.0671817680787199,5,TRUE
"CYP_GUY",-2.38290999276689,10,TRUE
"CYP_HND",0.909949367278273,5,TRUE
"CYP_HRV",-1.85633433265452,14,TRUE
"CYP_HUN",1.38087924791015,14,TRUE
"CYP_ISL",-0.0811515440595575,14,TRUE
"CYP_ISR",-0.251939358166056,14,TRUE
"CYP_JAM",-1.80180960633645,10,TRUE
"CYP_JOR",-1.80901050852426,14,TRUE
"CYP_KNA",3.18656784093012,10,TRUE
"CYP_KOR",1.20371988616817,7,TRUE
"CYP_LBN",-2.40708392612644,14,TRUE
"CYP_LCA",-2.01892136776709,8,TRUE
"CYP_LTU",-0.658560154001583,14,TRUE
"CYP_LVA",1.96407613180346,14,TRUE
"CYP_MAR",-2.48024067566539,14,TRUE
"CYP_MDA",-0.781632226160724,4,TRUE
"CYP_MDG",-0.471905463142858,6,TRUE
"CYP_MEX",-2.79248564942024,14,TRUE
"CYP_MKD",-2.96498343462175,14,TRUE
"CYP_MLT",1.15776310116436,14,TRUE
"CYP_MSR",-5.83388718380507,3,FALSE
"CYP_MUS",0.0524168146022805,6,TRUE
"CYP_NCL",-1.73327542078478,14,TRUE
"CYP_NIC",-2.80029817786599,5,TRUE
"CYP_NOR",0.100405814776427,14,TRUE
"CYP_PAN",1.61076571392742,5,TRUE
"CYP_PER",-1.36132193222552,5,TRUE
"CYP_PNG",-1.07318878584446,7,TRUE
"CYP_POL",0.396966711395441,14,TRUE
"CYP_PSE",-1.22660156123863,14,TRUE
"CYP_PYF",0.911674467752449,14,TRUE
"CYP_ROU",1.03888228367966,14,TRUE
"CYP_SLV",-4.26052481669898,5,TRUE
"CYP_SRB",-0.405618829931984,8,TRUE
"CYP_SUR",-2.77074713551192,9,TRUE
"CYP_SVK",0.895465153346275,14,TRUE
"CYP_SVN",-0.970171732853485,14,TRUE
"CYP_SWE",0.737763086989157,23,TRUE
"CYP_SYC",1.18140887216581,6,TRUE
"CYP_SYR",-2.74239715816988,14,TRUE
"CYP_TTO",-2.36404697989422,10,TRUE
"CYP_TUN",-1.49630239483436,14,TRUE
"CYP_TUR",-0.904742192743176,14,TRUE
"CYP_UKR",-1.36972417869213,4,TRUE
"CYP_VCT",-0.223936156740957,10,TRUE
"CYP_ZAF",0.0981437478799202,14,TRUE
"CYP_ZWE",0.903338649188983,6,TRUE
"CZE_ABW",-1.04628504132411,14,TRUE
"CZE_AIA",0.234864612931623,12,TRUE
"CZE_ALB",-0.261166561764748,12,TRUE
"CZE_AND",0.484408462082855,14,TRUE
"CZE_ANT",-0.688990646033814,5,TRUE
"CZE_ATG",-0.7480044246699,10,TRUE
"CZE_BHS",-3.24705099058145,10,TRUE
"CZE_BIH",-1.15243283513583,10,TRUE
"CZE_BLZ",-0.165503871210065,10,TRUE
"CZE_BMU",-2.69050552946411,14,TRUE
"CZE_BRB",-2.44300064615574,10,TRUE
"CZE_CHL",0.886380900067377,14,TRUE
"CZE_CMR",-0.88672211343235,4,TRUE
"CZE_COL",-0.245510610303239,5,TRUE
"CZE_CRI",0.506138715228599,5,TRUE
"CZE_CYM",-1.57269231215038,13,TRUE
"CZE_CYP",1.07447902161247,14,TRUE
"CZE_DMA",-2.43433457660886,8,TRUE
"CZE_DOM",-1.64571695643654,10,TRUE
"CZE_DZA",0.186685720911216,14,TRUE
"CZE_EGY",0.186246154615858,14,TRUE
"CZE_EST",0.0103071310625298,20,TRUE
"CZE_FJI",-2.87496904170181,9,TRUE
"CZE_FRO",1.58516117344351,14,TRUE
"CZE_GEO",-0.53017892403495,4,TRUE
"CZE_GRD",-1.86006062203959,10,TRUE
"CZE_GRL",1.02736232250667,14,TRUE
"CZE_GTM",-0.790662394619997,5,TRUE
"CZE_GUY",-0.849027914590105,10,TRUE
"CZE_HND",-0.101774301832936,5,TRUE
"CZE_HRV",-0.210093501281553,15,TRUE
"CZE_IOT",-0.633920245245712,6,TRUE
"CZE_ISR",0.0381045173987139,21,TRUE
"CZE_JAM",-1.59548908785174,10,TRUE
"CZE_JOR",-0.630149608198225,14,TRUE
"CZE_KNA",-1.9741528370454,10,TRUE
"CZE_KOR",0.340153782817743,7,TRUE
"CZE_LBN",-1.42211719646537,14,TRUE
"CZE_LCA",-2.88380257339096,10,TRUE
"CZE_LTU",0.0948527321207568,21,TRUE
"CZE_LVA",0.901580118399602,21,TRUE
"CZE_MAR",0.408766538587347,14,TRUE
"CZE_MDA",-0.120646544893333,4,TRUE
"CZE_MDG",0.617433950718533,6,TRUE
"CZE_MEX",0.253922381280095,14,TRUE
"CZE_MKD",-0.284153768377136,14,TRUE
"CZE_MLT",0.0719245664072181,14,TRUE
"CZE_MSR",-2.89098660940736,3,FALSE
"CZE_MUS",0.684167641586726,6,TRUE
"CZE_MYT",-1.25206420958566,8,TRUE
"CZE_NCL",0.138162118823886,14,TRUE
"CZE_NIC",0.475105206387576,5,TRUE
"CZE_PAN",-0.118357871913774,5,TRUE
"CZE_PER",0.0800239927070178,5,TRUE
"CZE_PNG",1.69014899950255,9,TRUE
"CZE_PSE",0.0772880593972346,14,TRUE
"CZE_PYF",-0.148349640817984,14,TRUE
"CZE_SHN",-3.67658176701477,4,TRUE
"CZE_SLV",-1.3167461028115,5,TRUE
"CZE_SMR",-1.41798791992333,13,TRUE
"CZE_SRB",0.128975050045773,8,TRUE
"CZE_SUR",-1.19985600333719,10,TRUE
"CZE_SYC",-0.406927148918109,6,TRUE
"CZE_SYR",-1.93714498136208,14,TRUE
"CZE_TCA",-0.115746865777381,13,TRUE
"CZE_TTO",-1.53683268984279,10,TRUE
"CZE_TUN",-0.274186698939377,14,TRUE
"CZE_TUR",0.350436997152539,20,TRUE
"CZE_UKR",-0.550649984954133,4,TRUE
"CZE_VCT",-1.1630448202427,10,TRUE
"CZE_VGB",0.507046657270707,11,TRUE
"CZE_WLF",-2.50157174649435,3,FALSE
"CZE_ZAF",0.736251364333609,14,TRUE
"CZE_ZWE",-0.855994372046502,6,TRUE
"DEU_ALB",0.0443790802067332,12,TRUE
"DEU_ATG",-2.35881531635246,10,TRUE
"DEU_BGR",0.0882319873173746,24,TRUE
"DEU_BHS",-1.60435856642064,10,TRUE
"DEU_BIH",-0.523290943078354,10,TRUE
"DEU_BLZ",0.132836937729882,10,TRUE
"DEU_BRB",-0.383851632783443,10,TRUE
"DEU_CHL",1.0357907181163,15,TRUE
"DEU_CMR",-0.669429923453823,4,TRUE
"DEU_COL",-0.281473314521912,5,TRUE
"DEU_CRI",0.273642683748169,5,TRUE
"DEU_DMA",-0.899883773565201,10,TRUE
"DEU_DOM",0.131308475357823,10,TRUE
"DEU_FJI",-0.843394162553044,9,TRUE
"DEU_FRO",0.279379171716587,26,TRUE
"DEU_GEO",-0.26053693090816,4,TRUE
"DEU_GRD",-0.541559548042707,10,TRUE
"DEU_GTM",-0.216802448493449,5,TRUE
"DEU_GUY",-0.39705389614528,10,TRUE
"DEU_HND",-0.178271557800167,5,TRUE
"DEU_HRV",0.133560028948456,16,TRUE
"DEU_HUN",-0.349082178506805,26,TRUE
"DEU_JAM",0.17584240035605,10,TRUE
"DEU_JOR",-0.459925265330444,16,TRUE
"DEU_KNA",2.30618374025287,10,TRUE
"DEU_KOR",0.142094665135557,7,TRUE
"DEU_LCA",-1.5240072586922,10,TRUE
"DEU_MDA",0.0352108547027761,4,TRUE
"DEU_MDG",-0.273974736601201,6,TRUE
"DEU_MEX",-0.78540060672145,18,TRUE
"DEU_MKD",-0.333339268926791,17,TRUE
"DEU_MUS",-0.134051223687405,6,TRUE
"DEU_NIC",0.0480615034650805,5,TRUE
"DEU_PAN",0.497143282621961,5,TRUE
"DEU_PER",0.123198570442277,5,TRUE
"DEU_PNG",-0.478173296499656,9,TRUE
"DEU_POL",0.35484963945202,26,TRUE
"DEU_ROU",1.96478685807376,25,TRUE
"DEU_SLV",-0.448738533015278,5,TRUE
"DEU_SRB",0.216013867648294,8,TRUE
"DEU_SUR",-0.295916182264503,10,TRUE
"DEU_SYC",-0.812770933195065,6,TRUE
"DEU_TTO",-0.907577950157984,10,TRUE
"DEU_UKR",-0.0288368755592581,4,TRUE
"DEU_VCT",-1.11667844326799,10,TRUE
"DEU_VGB",1.53374532790921,11,TRUE
"DEU_ZAF",1.574294033017,18,TRUE
"DEU_ZWE",-1.2770337686071,6,TRUE
"DJI_EGY",0.0610579351430717,19,TRUE
"DJI_MDG",-1.61737754723131,15,TRUE
"DMA_AUT",-1.18995083328066,10,TRUE
"DMA_BEL",-2.43309953953479,10,TRUE
"DMA_CYP",-2.74301980708727,5,TRUE
"DMA_CZE",0.613022916939667,10,TRUE
"DMA_DEU",-1.27204152677257,10,TRUE
"DMA_DNK",-0.831542854877638,10,TRUE
"DMA_ESP",-0.269221805476364,10,TRUE
"DMA_EST",-1.59276504181966,7,TRUE
"DMA_FIN",-2.29786072799184,7,TRUE
"DMA_FRA",0.409641052098317,10,TRUE
"DMA_GBR",-2.28519500003868,10,TRUE
"DMA_GRC",-3.29926915064672,5,TRUE
"DMA_HTI",-0.340102811479427,7,TRUE
"DMA_HUN",-2.02374033097039,8,TRUE
"DMA_IRL",-2.99033240546947,10,TRUE
"DMA_ITA",-3.19990780967456,10,TRUE
"DMA_LTU",-2.40728498226067,7,TRUE
"DMA_LUX",-2.3133272787911,8,TRUE
"DMA_LVA",-0.525749778354573,5,TRUE
"DMA_NLD",0.261558720684099,10,TRUE
"DMA_POL",-1.19496935165072,10,TRUE
"DMA_ROU",-2.28044330068163,7,TRUE
"DMA_SVK",0.647162214190705,10,TRUE
"DMA_SVN",-0.0419009389507858,8,TRUE
"DMA_SWE",-0.629597818499128,10,TRUE
"DNK_ALB",-1.22392116809826,12,TRUE
"DNK_ATG",-1.54555141569052,10,TRUE
"DNK_BGR",0.186249902501974,24,TRUE
"DNK_BHS",-2.99346969973831,10,TRUE
"DNK_BIH",-0.991869542356624,10,TRUE
"DNK_BLZ",-0.582834728071477,10,TRUE
"DNK_BRB",-0.900406883943317,10,TRUE
"DNK_CHL",0.985838014081065,15,TRUE
"DNK_CMR",-0.19202370085075,4,TRUE
"DNK_COL",0.0128203031148667,5,TRUE
"DNK_CRI",0.75798309324441,5,TRUE
"DNK_DMA",-0.176736692567283,10,TRUE
"DNK_DOM",-0.630990482460978,10,TRUE
"DNK_FJI",0.158793090684696,9,TRUE
"DNK_FRO",-1.93926653837773,26,TRUE
"DNK_GEO",-0.467543805527999,4,TRUE
"DNK_GRD",-0.72462587293383,10,TRUE
"DNK_GTM",-0.155943844633017,5,TRUE
"DNK_GUY",0.194087645880374,10,TRUE
"DNK_HND",0.0780009156646435,5,TRUE
"DNK_HRV",0.148328233944769,16,TRUE
"DNK_HUN",-0.498730433324543,26,TRUE
"DNK_JAM",-0.394802845302026,10,TRUE
"DNK_JOR",-1.02606200091979,16,TRUE
"DNK_KNA",-1.66077205449523,10,TRUE
"DNK_KOR",-0.210946002917451,7,TRUE
"DNK_LCA",-2.03355709580262,10,TRUE
"DNK_MDA",0.0678494187656173,4,TRUE
"DNK_MDG",-0.910462573116962,6,TRUE
"DNK_MEX",-0.981523146712168,18,TRUE
"DNK_MKD",-1.09805166068566,17,TRUE
"DNK_MUS",-0.239062972947522,6,TRUE
"DNK_NIC",-0.833612740615385,5,TRUE
"DNK_PAN",-0.332889314438822,5,TRUE
"DNK_PER",0.139057660795028,5,TRUE
"DNK_PNG",-0.514223168025501,9,TRUE
"DNK_POL",-0.163526172193938,26,TRUE
"DNK_ROU",2.23148702162169,25,TRUE
"DNK_SLV",-0.181604685716482,5,TRUE
"DNK_SRB",1.10301101659646,8,TRUE
"DNK_SUR",0.257842809135592,10,TRUE
"DNK_SYC",0.121668532940923,6,TRUE
"DNK_TTO",-0.764135686394097,10,TRUE
"DNK_UKR",-0.081498599181576,4,TRUE
"DNK_VCT",-0.749414544309825,10,TRUE
"DNK_VGB",0.192653868009179,11,TRUE
"DNK_ZAF",0.413496230545101,18,TRUE
"DNK_ZWE",0.711941759990086,6,TRUE
"DOM_AUT",-0.291019070982611,10,TRUE
"DOM_BEL",-0.937050417206037,10,TRUE
"DOM_BGR",0.0288197335934837,10,TRUE
"DOM_CRI",0.615399513219342,16,TRUE
"DOM_CYP",-1.18002753660209,10,TRUE
"DOM_CZE",-0.871181311456588,10,TRUE
"DOM_DEU",-0.844598108984269,10,TRUE
"DOM_DNK",-0.6217197715101,10,TRUE
"DOM_ESP",-0.60015464458817,10,TRUE
"DOM_EST",0.623225357493847,10,TRUE
"DOM_FIN",-3.79368503609945,10,TRUE
"DOM_FRA",-1.11074904260149,10,TRUE
"DOM_GBR",-0.529412712285146,10,TRUE
"DOM_GRC",-1.38036220957276,10,TRUE
"DOM_GTM",1.55529962041172,17,TRUE
"DOM_HND",-0.591997888612655,17,TRUE
"DOM_HRV",-2.12977384351408,5,TRUE
"DOM_HUN",-2.61730691140121,10,TRUE
"DOM_IRL",-0.659380946391043,10,TRUE
"DOM_ITA",-1.10579917145054,10,TRUE
"DOM_LTU",-2.02236140548207,10,TRUE
"DOM_LUX",1.17114129180172,10,TRUE
"DOM_LVA",-1.82370055034073,10,TRUE
"DOM_MLT",-1.15186405931616,10,TRUE
"DOM_NIC",1.09638692938185,16,TRUE
"DOM_NLD",-0.949789157561079,10,TRUE
"DOM_POL",-0.270906870736031,10,TRUE
"DOM_PRT",-1.10911631287667,10,TRUE
"DOM_ROU",-1.36186486100684,10,TRUE
"DOM_SLV",-0.0743137241164345,17,TRUE
"DOM_SVK",-0.459443023954512,10,TRUE
"DOM_SVN",-0.126101724942863,10,TRUE
"DOM_SWE",-0.209517729417374,10,TRUE
"DOM_USA",-1.11185151631852,11,TRUE
"DZA_ARE",-0.208116307150201,9,TRUE
"DZA_AUT",-2.59911919456729,23,TRUE
"DZA_BGR",-3.42471911941896,11,TRUE
"DZA_BHR",1.92273874773618,9,TRUE
"DZA_COL",-0.680316655620866,20,TRUE
"DZA_CYP",-3.05636242479659,14,TRUE
"DZA_CZE",-2.97875771957013,14,TRUE
"DZA_EST",-1.6253095881997,12,TRUE
"DZA_FIN",-5.81154195100827,22,TRUE
"DZA_HRV",1.2607841256968,5,TRUE
"DZA_HUN",-3.44246886202976,14,TRUE
"DZA_JOR",0.578006542723845,9,TRUE
"DZA_KWT",-1.30753839164486,9,TRUE
"DZA_LBN",0.823151288680498,9,TRUE
"DZA_LTU",-3.36752103929064,12,TRUE
"DZA_MLT",-1.86630908658984,14,TRUE
"DZA_OMN",-2.27369978098892,8,TRUE
"DZA_POL",-2.75900892218343,14,TRUE
"DZA_QAT",0.593913844074234,9,TRUE
"DZA_SAU",0.184944594985881,9,TRUE
"DZA_SVK",-1.97923970007132,14,TRUE
"DZA_SVN",-3.39877191727663,14,TRUE
"DZA_SWE",-2.58507640273354,23,TRUE
"DZA_SYR",0.745080568329422,7,TRUE
"DZA_YEM",-0.259240176571673,6,TRUE
"ECU_MAR",-0.349073257454319,21,TRUE
"ECU_PAN",0.0702856386431071,6,TRUE
"EGY_ARE",1.32535544500764,20,TRUE
"EGY_AUT",1.17382592066916,23,TRUE
"EGY_BDI",2.09129477355474,19,TRUE
"EGY_BGR",1.38590747469568,11,TRUE
"EGY_BHR",1.19688471827169,20,TRUE
"EGY_CHE",0.0519914450666551,11,TRUE
"EGY_COD",1.05561068573393,19,TRUE
"EGY_COL",0.675810758294655,21,TRUE
"EGY_CYP",-0.579225618185601,14,TRUE
"EGY_CZE",0.346153053719453,14,TRUE
"EGY_DJI",1.38500664159136,19,TRUE
"EGY_ERI",6.82360037436261,19,TRUE
"EGY_EST",1.94812038056005,14,TRUE
"EGY_ETH",0.881274121282161,19,TRUE
"EGY_FIN",-0.160591762008851,23,TRUE
"EGY_HRV",0.186347006239727,5,TRUE
"EGY_HUN",-0.0190097308760788,14,TRUE
"EGY_ISL",0.566276203356851,11,TRUE
"EGY_KEN",2.47504309746267,19,TRUE
"EGY_KWT",0.439087535453259,20,TRUE
"EGY_LBN",1.08191384022853,20,TRUE
"EGY_LTU",3.11287297017072,14,TRUE
"EGY_LVA",2.59938561664856,14,TRUE
"EGY_MDG",2.15732543400411,19,TRUE
"EGY_MLT",0.32687411483105,14,TRUE
"EGY_MMR",-2.49161091954172,17,TRUE
"EGY_MUS",2.80574637948033,19,TRUE
"EGY_MWI",4.59306399383878,19,TRUE
"EGY_NOR",-0.0171298489488634,11,TRUE
"EGY_OMN",0.11026759970166,20,TRUE
"EGY_POL",1.88070972259982,14,TRUE
"EGY_QAT",0.0717198526434597,20,TRUE
"EGY_RWA",3.00723255792936,19,TRUE
"EGY_SAU",0.140253714712877,20,TRUE
"EGY_SVK",1.48304274069721,14,TRUE
"EGY_SVN",-0.143157579430895,14,TRUE
"EGY_SWE",-0.0913384311872671,23,TRUE
"EGY_SYC",3.03288764659458,17,TRUE
"EGY_UGA",1.55571699244171,19,TRUE
"EGY_VEN",-1.93531250555575,19,TRUE
"EGY_ZMB",1.05299705684928,19,TRUE
"ESP_ALB",0.183694459818907,12,TRUE
"ESP_ATG",-1.95616166757491,10,TRUE
"ESP_BGR",1.73312713051316,24,TRUE
"ESP_BHS",-2.23372858181212,10,TRUE
"ESP_BIH",-0.208756134154515,10,TRUE
"ESP_BLZ",-0.597011867643123,10,TRUE
"ESP_BRB",-0.243942644445961,10,TRUE
"ESP_CHL",0.604141063772869,15,TRUE
"ESP_CMR",0.0647822306827166,4,TRUE
"ESP_COL",-0.223333888468807,5,TRUE
"ESP_CRI",0.117260241612519,5,TRUE
"ESP_DMA",-1.28878374647589,10,TRUE
"ESP_DOM",-0.216805190561199,10,TRUE
"ESP_FJI",0.0724348784301317,9,TRUE
"ESP_FRO",-0.817658007310234,26,TRUE
"ESP_GEO",0.382186543967508,4,TRUE
"ESP_GRD",-0.622026408787442,10,TRUE
"ESP_GTM",0.13757933846161,5,TRUE
"ESP_GUY",-0.546013863315539,10,TRUE
"ESP_HND",-0.342294046964559,5,TRUE
"ESP_HRV",0.88959878696147,16,TRUE
"ESP_HUN",0.793952776118088,26,TRUE
"ESP_JAM",0.279097601883293,10,TRUE
"ESP_JOR",-0.138708273995679,16,TRUE
"ESP_KNA",-2.04479704568447,10,TRUE
"ESP_KOR",0.416585889107258,7,TRUE
"ESP_LCA",-0.768997033209097,10,TRUE
"ESP_MDA",0.359746934484468,4,TRUE
"ESP_MDG",0.0438866875823865,6,TRUE
"ESP_MEX",-0.995189343841154,18,TRUE
"ESP_MKD",0.491299421863128,17,TRUE
"ESP_MUS",0.48371759744992,6,TRUE
"ESP_NIC",-0.678485665408441,5,TRUE
"ESP_PAN",0.0934445230292336,5,TRUE
"ESP_PER",0.264400640927165,5,TRUE
"ESP_PNG",-1.23643865260377,9,TRUE
"ESP_POL",1.55068265971798,26,TRUE
"ESP_ROU",3.34097473233969,25,TRUE
"ESP_SLV",-0.103386522327213,5,TRUE
"ESP_SRB",0.574030286374088,8,TRUE
"ESP_SUR",-0.332828119699918,10,TRUE
"ESP_SYC",0.194415543297417,6,TRUE
"ESP_TTO",-1.36762540699921,10,TRUE
"ESP_UKR",0.130875515462149,4,TRUE
"ESP_VCT",-2.89416423826257,10,TRUE
"ESP_VGB",-0.975180364769936,11,TRUE
"ESP_ZAF",1.40776133036612,18,TRUE
"ESP_ZWE",-0.879358439475075,6,TRUE
"EST_ALB",2.16358035365481,12,TRUE
"EST_AND",-2.6193304220034,14,TRUE
"EST_ANT",1.11901928581347,5,TRUE
"EST_ATG",-2.6351053585603,10,TRUE
"EST_BGR",1.27679433502692,16,TRUE
"EST_BHS",-1.22790499888997,10,TRUE
"EST_BIH",0.311730927499705,10,TRUE
"EST_BLZ",-3.70802194819601,10,TRUE
"EST_BMU",-7.07410415218952,9,TRUE
"EST_BRB",-0.313497309834496,10,TRUE
"EST_CHL",1.59968885106113,14,TRUE
"EST_CMR",0.803048621319502,4,TRUE
"EST_COL",-0.543919202761136,5,TRUE
"EST_CRI",-1.3121013559828,5,TRUE
"EST_CYM",-4.3696714543982,6,TRUE
"EST_CYP",0.70841752399998,14,TRUE
"EST_CZE",0.416924408019212,20,TRUE
"EST_DMA",-1.88756727763352,10,TRUE
"EST_DOM",-0.435206920839005,10,TRUE
"EST_DZA",0.309423293282521,14,TRUE
"EST_EGY",-0.313902413973588,14,TRUE
"EST_GEO",-0.144127826959462,4,TRUE
"EST_GRD",-6.15679501751129,6,TRUE
"EST_GRL",1.37006167669658,12,TRUE
"EST_GTM",-0.658709671596882,5,TRUE
"EST_GUY",-0.0642331322368534,9,TRUE
"EST_HND",-1.26143034898705,5,TRUE
"EST_HRV",1.2696282754242,14,TRUE
"EST_HUN",0.336807381759895,17,TRUE
"EST_ISR",0.304199565047367,14,TRUE
"EST_JAM",-2.8332706194865,10,TRUE
"EST_JOR",0.323320671296356,14,TRUE
"EST_KOR",1.0606755937859,7,TRUE
"EST_LBN",1.31554104696207,14,TRUE
"EST_MAR",0.248558534835882,14,TRUE
"EST_MDA",-0.9056743156144,4,TRUE
"EST_MDG",0.338493831048127,6,TRUE
"EST_MEX",0.226210818081578,14,TRUE
"EST_MKD",-0.581576876814763,14,TRUE
"EST_MLT",-0.151864622505369,14,TRUE
"EST_MUS",0.388138081432353,6,TRUE
"EST_MYT",-2.32310606773743,3,FALSE
"EST_NCL",1.21441786359146,14,TRUE
"EST_NIC",-0.0658403849467833,5,TRUE
"EST_PAN",-2.84211454305747,5,TRUE
"EST_PER",0.159939922898705,5,TRUE
"EST_PNG",-1.22498361972775,5,TRUE
"EST_POL",0.187837242004731,14,TRUE
"EST_PYF",-0.647571667007979,14,TRUE
"EST_ROU",1.17748160260813,14,TRUE
"EST_SLV",-0.751293847368602,5,TRUE
"EST_SRB",0.713665505170767,8,TRUE
"EST_SUR",1.16496560725938,8,TRUE
"EST_SVK",0.249687972863392,20,TRUE
"EST_SVN",1.98890027849382,21,TRUE
"EST_SYC",-1.25930523419106,6,TRUE
"EST_SYR",-0.527443164271407,14,TRUE
"EST_TTO",-1.64635840820424,10,TRUE
"EST_TUN",0.926209522862531,14,TRUE
"EST_TUR",-0.38144687535087,20,TRUE
"EST_VCT",-3.56240945375268,10,TRUE
"EST_VGB",-0.877576846041803,9,TRUE
"EST_ZAF",0.809720038960848,14,TRUE
"EST_ZWE",2.89293953382532,6,TRUE
"ETH_EGY",0.471909942958373,19,TRUE
"FIN_ABW",0.461671842328472,23,TRUE
"FIN_ALB",-0.795969889856679,12,TRUE
"FIN_ANT",-0.0670941823573161,14,TRUE
"FIN_ATG",-1.72553024404466,10,TRUE
"FIN_BHS",-0.907161080005451,10,TRUE
"FIN_BIH",-0.292419530643283,10,TRUE
"FIN_BLZ",-1.83653738723539,10,TRUE
"FIN_BMU",-6.73703142093842,23,TRUE
"FIN_BRB",-2.20796326322875,10,TRUE
"FIN_CHL",0.987343144903174,15,TRUE
"FIN_CMR",-0.90420065116366,4,TRUE
"FIN_COL",-0.557150051846092,5,TRUE
"FIN_CRI",0.0578182960266162,5,TRUE
"FIN_CYP",0.189919443088911,23,TRUE
"FIN_DMA",-1.74054438262118,9,TRUE
"FIN_DOM",-0.217693602498212,10,TRUE
"FIN_DZA",-0.090367341972422,23,TRUE
"FIN_EGY",0.0703203915188296,23,TRUE
"FIN_FJI",0.0354078444734296,9,TRUE
"FIN_FLK",-1.63690962404508,15,TRUE
"FIN_FRO",-0.470999076724211,23,TRUE
"FIN_GEO",-0.50697149706082,4,TRUE
"FIN_GRD",-3.69718120492811,10,TRUE
"FIN_GRL",-0.206398840440592,23,TRUE
"FIN_GTM",-0.0175196116102547,5,TRUE
"FIN_GUY",-0.632633135964633,10,TRUE
"FIN_HND",-1.23196101653477,5,TRUE
"FIN_HRV",0.391610714765388,16,TRUE
"FIN_ISR",-0.721754780442977,25,TRUE
"FIN_JAM",-1.17406067923827,10,TRUE
"FIN_JOR",0.641761842501837,16,TRUE
"FIN_KNA",-0.119440436171674,10,TRUE
"FIN_KOR",0.871881033957951,7,TRUE
"FIN_LBN",-1.02288366258004,23,TRUE
"FIN_LCA",-3.80462950430248,10,TRUE
"FIN_MAR",0.121399527255966,23,TRUE
"FIN_MDA",-0.144363961433431,4,TRUE
"FIN_MDG",-0.783232670865047,6,TRUE
"FIN_MEX",-0.587736194862449,18,TRUE
"FIN_MKD",0.104843723092159,17,TRUE
"FIN_MLT",-1.29274901215493,23,TRUE
"FIN_MUS",-2.10677977866525,6,TRUE
"FIN_NIC",-1.35296846910103,5,TRUE
"FIN_PAN",-0.329267073258342,5,TRUE
"FIN_PER",0.237425391848205,5,TRUE
"FIN_PNG",-1.07090940764031,9,TRUE
"FIN_ROU",3.11184848387742,25,TRUE
"FIN_SLV",-0.92890925319067,5,TRUE
"FIN_SRB",0.810008613897174,8,TRUE
"FIN_SUR",0.270075619853646,10,TRUE
"FIN_SYC",-0.799911118818229,6,TRUE
"FIN_SYR",-1.03794337384074,23,TRUE
"FIN_TTO",-1.16133239935689,10,TRUE
"FIN_TUN",-0.406818775488046,23,TRUE
"FIN_TUR",0.706594502394966,26,TRUE
"FIN_UKR",-0.367653782635969,4,TRUE
"FIN_VCT",-2.52157962434597,10,TRUE
"FIN_VGB",1.60620882436992,11,TRUE
"FIN_ZWE",-0.651198055633684,6,TRUE
"FJI_AUT",-1.40892455515669,9,TRUE
"FJI_BEL",-3.78269352828738,9,TRUE
"FJI_BGR",0.938413126838321,8,TRUE
"FJI_CYP",0.532413722541527,5,TRUE
"FJI_CZE",0.53548707573626,9,TRUE
"FJI_DEU",-0.831391369203903,9,TRUE
"FJI_DNK",-2.5201409840946,9,TRUE
"FJI_ESP",0.982166068402799,9,TRUE
"FJI_EST",-4.74572444519904,7,TRUE
"FJI_FIN",-3.60335083026263,9,TRUE
"FJI_FRA",-0.421646754390391,9,TRUE
"FJI_GBR",-1.37646685814898,9,TRUE
"FJI_GRC",-4.11244321523028,3,FALSE
"FJI_HUN",-2.5260086083155,5,TRUE
"FJI_IRL",-0.344622022227962,9,TRUE
"FJI_ITA",-0.242980727962422,9,TRUE
"FJI_MLT",-0.35531809218353,5,TRUE
"FJI_NLD",0.0691621244276079,9,TRUE
"FJI_POL",0.449845988436694,9,TRUE
"FJI_PRT",-1.74477577965668,8,TRUE
"FJI_ROU",-0.249224431462242,3,FALSE
"FJI_SVK",-2.16655929393826,8,TRUE
"FJI_SVN",-0.601749893113576,9,TRUE
"FJI_SWE",-0.848545607740022,9,TRUE
"FLK_CZE",-1.35347050037868,14,TRUE
"FLK_HUN",-1.17253587757269,3,FALSE
"FLK_LTU",0.769949918228601,6,TRUE
"FLK_SVN",-0.841755915835607,14,TRUE
"FRA_ALB",-0.158217641602486,12,TRUE
"FRA_ATG",0.734426771859865,10,TRUE
"FRA_BGR",2.42584997205869,24,TRUE
"FRA_BHS",-1.25403514124097,10,TRUE
"FRA_BIH",-0.227652420671694,10,TRUE
"FRA_BLZ",-1.07459452414243,10,TRUE
"FRA_BRB",0.123428472019366,10,TRUE
"FRA_CHL",0.887733574455183,15,TRUE
"FRA_CMR",-0.82756329528479,4,TRUE
"FRA_COL",-0.314074748088001,5,TRUE
"FRA_CRI",-0.29246259637879,5,TRUE
"FRA_DMA",-0.271981351350429,10,TRUE
"FRA_DOM",0.140212546416356,10,TRUE
"FRA_FJI",0.393100751725803,9,TRUE
"FRA_GEO",-0.0763145154967166,4,TRUE
"FRA_GRD",-0.488739522319056,10,TRUE
"FRA_GTM",-0.183820113970039,5,TRUE
"FRA_GUY",-1.64287403114352,10,TRUE
"FRA_HND",-0.295457722835649,5,TRUE
"FRA_HRV",0.242565142410818,16,TRUE
"FRA_HUN",2.65433812762452,26,TRUE
"FRA_JAM",-0.357410643665529,10,TRUE
"FRA_JOR",-0.378622920562281,16,TRUE
"FRA_KNA",-0.827101339688281,10,TRUE
"FRA_KOR",0.103926281730539,7,TRUE
"FRA_LCA",-1.38114015711924,10,TRUE
"FRA_MDA",0.0666572247107082,4,TRUE
"FRA_MDG",-0.461399944825704,6,TRUE
"FRA_MEX",-1.24470063766295,18,TRUE
"FRA_MKD",-0.34374258365371,17,TRUE
"FRA_MUS",-0.120245927927175,6,TRUE
"FRA_NIC",-0.179361704410525,5,TRUE
"FRA_PAN",0.406310478814156,5,TRUE
"FRA_PER",-0.027593657990359,5,TRUE
"FRA_PNG",0.390516719222747,9,TRUE
"FRA_POL",1.79537611241209,26,TRUE
"FRA_ROU",1.88446713667877,25,TRUE
"FRA_SLV",-0.83121991069009,5,TRUE
"FRA_SRB",0.236276210764424,8,TRUE
"FRA_SUR",-0.157164128287258,10,TRUE
"FRA_SYC",0.51075886648797,6,TRUE
"FRA_TTO",-0.519065186738291,10,TRUE
"FRA_UKR",0.165353168904429,4,TRUE
"FRA_VCT",-1.70227050041476,10,TRUE
"FRA_VGB",1.1069289759371,11,TRUE
"FRA_ZAF",0.951597784348753,18,TRUE
"FRA_ZWE",-0.644940787006762,6,TRUE
"FRO_BGR",1.44314384950787,11,TRUE
"FRO_CHE",-1.39824474678702,23,TRUE
"FRO_CYP",0.415141934485606,6,TRUE
"FRO_CZE",0.680763149989155,14,TRUE
"FRO_DEU",-2.40889487445532,26,TRUE
"FRO_DNK",-1.02066379598044,26,TRUE
"FRO_FIN",-3.05416021475951,23,TRUE
"FRO_FRA",3.55561683945708,26,TRUE
"FRO_GBR",3.15737056323324,26,TRUE
"FRO_GRC",-2.96797292179986,26,TRUE
"FRO_ISL",1.60968906300952,25,TRUE
"FRO_LTU",-0.55815034876002,14,TRUE
"FRO_NOR",1.45991165094297,25,TRUE
"FRO_PRT",-2.55959057254671,23,TRUE
"FRO_ROU",-2.15717830042166,8,TRUE
"FRO_SVK",0.106958585174767,14,TRUE
"FRO_SVN",-0.252113391499409,14,TRUE
"FRO_SWE",-0.603155356635337,23,TRUE
"GAB_CAF",3.14753423472213,18,TRUE
"GAB_CMR",0.673688249715648,18,TRUE
"GAB_COG",4.34617004245947,19,TRUE
"GAB_GNQ",1.40685808484559,8,TRUE
"GBR_ALB",-0.423963411574354,12,TRUE
"GBR_ATG",-0.888780704537838,10,TRUE
"GBR_BGR",2.51540255736937,24,TRUE
"GBR_BHS",-0.847781010186807,10,TRUE
"GBR_BIH",-0.177617829288814,10,TRUE
"GBR_BLZ",-0.81112043396411,10,TRUE
"GBR_BRB",-0.489020962757535,10,TRUE
"GBR_CHL",0.819003452100585,15,TRUE
"GBR_CMR",-0.518799046015434,4,TRUE
"GBR_COL",-0.272145320444749,5,TRUE
"GBR_CRI",0.125892769106462,5,TRUE
"GBR_DMA",-0.592347842914632,10,TRUE
"GBR_DOM",0.256361415546606,10,TRUE
"GBR_FJI",-0.149764992781943,9,TRUE
"GBR_FRO",-0.114262078880377,26,TRUE
"GBR_GEO",-0.595839439479908,4,TRUE
"GBR_GRD",-0.512705589504889,10,TRUE
"GBR_GTM",-0.498884382842669,5,TRUE
"GBR_GUY",-0.759066280428158,10,TRUE
"GBR_HND",-0.242970361830278,5,TRUE
"GBR_HRV",0.0761851923360342,16,TRUE
"GBR_HUN",3.04442555153473,26,TRUE
"GBR_JAM",-0.777268062449745,10,TRUE
"GBR_JOR",-0.925932112240693,16,TRUE
"GBR_KNA",-1.07616043291086,10,TRUE
"GBR_KOR",0.147248537448007,7,TRUE
"GBR_LCA",-1.68413267426298,10,TRUE
"GBR_MDA",0.046467119274727,4,TRUE
"GBR_MDG",-0.212607318435072,6,TRUE
"GBR_MEX",-1.1685146114646,18,TRUE
"GBR_MKD",0.670985484894456,17,TRUE
"GBR_MUS",-0.15894233115044,6,TRUE
"GBR_NIC",-0.471767936195423,5,TRUE
"GBR_PAN",0.635260068515703,5,TRUE
"GBR_PER",0.0997959773724348,5,TRUE
"GBR_PNG",-0.455281722248118,9,TRUE
"GBR_POL",3.10037694547133,26,TRUE
"GBR_ROU",1.61454948599887,25,TRUE
"GBR_SLV",-0.135642888014105,5,TRUE
"GBR_SRB",0.247317330554619,8,TRUE
"GBR_SUR",-0.977823394617579,10,TRUE
"GBR_SYC",-0.0140191390019716,6,TRUE
"GBR_TTO",-0.66852757754997,10,TRUE
"GBR_UKR",0.0951820688683149,4,TRUE
"GBR_VCT",-0.1243977993571,10,TRUE
"GBR_VGB",1.27250987911879,11,TRUE
"GBR_ZAF",1.45363492728704,18,TRUE
"GBR_ZWE",-0.0950877682630892,6,TRUE
"GEO_AUT",0.117448083084691,4,TRUE
"GEO_BEL",-0.681455037522211,4,TRUE
"GEO_BGR",0.960326361542418,4,TRUE
"GEO_CYP",-2.40839319851078,4,TRUE
"GEO_CZE",0.261153621143161,4,TRUE
"GEO_DEU",-0.0536777111170619,4,TRUE
"GEO_DNK",0.350144554121758,4,TRUE
"GEO_ESP",-0.405159836209309,4,TRUE
"GEO_EST",1.00758189807396,4,TRUE
"GEO_FIN",-0.360343962895178,4,TRUE
"GEO_FRA",-0.167046100000992,4,TRUE
"GEO_GBR",-1.23046210546015,4,TRUE
"GEO_GRC",-1.89033206478675,4,TRUE
"GEO_HRV",-1.40096161225877,4,TRUE
"GEO_HUN",0.630021169389219,4,TRUE
"GEO_IRL",-0.723428964702958,4,TRUE
"GEO_ITA",0.284352454168274,4,TRUE
"GEO_LTU",1.4443233767769,4,TRUE
"GEO_LUX",2.07782159655318,4,TRUE
"GEO_LVA",0.50677547076308,4,TRUE
"GEO_MDA",-0.422653711337313,15,TRUE
"GEO_MLT",-2.76444223478084,4,TRUE
"GEO_NLD",1.27057145163007,4,TRUE
"GEO_POL",0.763879012384619,4,TRUE
"GEO_PRT",-3.78357804232947,4,TRUE
"GEO_ROU",0.0653890742774257,4,TRUE
"GEO_SVK",-0.327955129073178,4,TRUE
"GEO_SVN",-2.16054898616297,4,TRUE
"GEO_SWE",-0.708798108063388,4,TRUE
"GEO_TKM",-0.259545615961141,18,TRUE
"GEO_TUR",-0.825738530011295,10,TRUE
"GHA_COL",-0.916731516161229,21,TRUE
"GHA_PHL",-1.54544659893438,24,TRUE
"GIN_COL",-2.61148480497691,15,TRUE
"GIN_MAR",-0.345633266978377,21,TRUE
"GNQ_CMR",-2.51372179348204,17,TRUE
"GRC_ALB",-1.04536440598101,12,TRUE
"GRC_AND",-0.644267250487269,26,TRUE
"GRC_ATG",-0.199215173248349,10,TRUE
"GRC_BGR",0.669949814645817,24,TRUE
"GRC_BHS",-1.16390763768983,10,TRUE
"GRC_BIH",0.607860736457949,10,TRUE
"GRC_BLZ",-0.0713074063544222,10,TRUE
"GRC_BRB",0.149168697045234,10,TRUE
"GRC_CHL",1.51482510824612,15,TRUE
"GRC_CMR",-1.81697417610288,4,TRUE
"GRC_COL",-0.73340965160247,5,TRUE
"GRC_CRI",0.319228016804265,5,TRUE
"GRC_DMA",-1.44182135453003,7,TRUE
"GRC_DOM",-0.0220661928949455,10,TRUE
"GRC_FJI",-2.27472360817766,9,TRUE
"GRC_FRO",-1.73257932605905,23,TRUE
"GRC_GEO",0.0582426616044598,4,TRUE
"GRC_GRD",-1.39608839389249,10,TRUE
"GRC_GTM",0.756696346473501,5,TRUE
"GRC_GUY",-2.36286452885926,10,TRUE
"GRC_HND",-0.839682029875934,5,TRUE
"GRC_HRV",0.265217605010142,16,TRUE
"GRC_HUN",-1.15959555071948,26,TRUE
"GRC_JAM",0.093208527509474,10,TRUE
"GRC_JOR",-1.96862606582115,16,TRUE
"GRC_KNA",0.108432618502234,10,TRUE
"GRC_KOR",0.316187784657014,7,TRUE
"GRC_LCA",-1.80667822549418,10,TRUE
"GRC_MDA",-0.696535069309354,4,TRUE
"GRC_MDG",-0.992334999124762,6,TRUE
"GRC_MEX",-1.11394174789698,18,TRUE
"GRC_MKD",-0.701300865202847,17,TRUE
"GRC_MUS",0.314907488481554,6,TRUE
"GRC_NIC",-0.0845163232487422,5,TRUE
"GRC_PAN",0.496343952731761,5,TRUE
"GRC_PER",1.09991576166161,5,TRUE
"GRC_PNG",-1.77478719108853,8,TRUE
"GRC_POL",-0.287661346210213,26,TRUE
"GRC_ROU",1.34956147677322,25,TRUE
"GRC_SLV",0.553539539906078,5,TRUE
"GRC_SRB",1.29230125874756,8,TRUE
"GRC_SUR",-0.676957291309129,10,TRUE
"GRC_SYC",1.17377205028173,6,TRUE
"GRC_TTO",0.421919220679898,10,TRUE
"GRC_UKR",0.86128490643463,4,TRUE
"GRC_VCT",-3.2797446438549,10,TRUE
"GRC_VGB",2.10310168698007,10,TRUE
"GRC_ZAF",-0.659794213608379,18,TRUE
"GRC_ZWE",-0.355577326355001,6,TRUE
"GRD_AUT",-2.43013551574546,10,TRUE
"GRD_BEL",-0.512385591495222,10,TRUE
"GRD_CZE",-3.35588593936228,9,TRUE
"GRD_DEU",-0.404919249220825,10,TRUE
"GRD_DNK",-1.81708821372859,7,TRUE
"GRD_ESP",-2.84355758506791,10,TRUE
"GRD_EST",-2.56038366601828,5,TRUE
"GRD_FIN",-1.96251840447717,10,TRUE
"GRD_FRA",0.03163106826171,10,TRUE
"GRD_GBR",-1.43684669861141,10,TRUE
"GRD_IRL",-0.793179030018768,10,TRUE
"GRD_ITA",-1.80966052881557,10,TRUE
"GRD_NLD",-0.0283279174097858,10,TRUE
"GRD_POL",0.966162832516828,10,TRUE
"GRD_SVK",0.732956656010041,10,TRUE
"GRD_SVN",-4.36676737776742,10,TRUE
"GRD_SWE",-3.82322919718646,8,TRUE
"GRL_BGR",-0.59599142014783,3,FALSE
"GRL_CZE",0.191369248055115,14,TRUE
"GRL_EST",0.857381919132786,14,TRUE
"GRL_FIN",-2.11613094076033,22,TRUE
"GRL_LTU",-0.350348287665481,9,TRUE
"GRL_POL",1.7493669911765,14,TRUE
"GRL_SVN",-2.11815665772912,14,TRUE
"GTM_AUT",-1.89754618220664,5,TRUE
"GTM_BEL",0.283608846505541,5,TRUE
"GTM_BGR",-1.16856856809488,5,TRUE
"GTM_CHL",1.46456017949494,8,TRUE
"GTM_COL",-0.341614862108661,9,TRUE
"GTM_CYP",-4.69190118737561,5,TRUE
"GTM_CZE",0.184884244737801,5,TRUE
"GTM_DEU",-0.741346286131721,5,TRUE
"GTM_DNK",-1.67649209957918,5,TRUE
"GTM_DOM",1.04619237385533,17,TRUE
"GTM_ESP",0.266026892241161,5,TRUE
"GTM_EST",-0.518645296539108,5,TRUE
"GTM_FIN",-1.34277999538367,5,TRUE
"GTM_FRA",-0.659007351305107,5,TRUE
"GTM_GBR",0.129014485823523,5,TRUE
"GTM_GRC",2.30845716646094,5,TRUE
"GTM_HRV",-1.75098512554984,5,TRUE
"GTM_HUN",-2.51908456045923,5,TRUE
"GTM_IRL",0.451732432338819,5,TRUE
"GTM_ITA",0.286079745547295,5,TRUE
"GTM_LTU",-3.9992222809819,5,TRUE
"GTM_LUX",-1.53354429821201,5,TRUE
"GTM_LVA",-3.98913711865181,5,TRUE
"GTM_MEX",-0.614139145765906,17,TRUE
"GTM_MLT",-2.45177979488893,3,FALSE
"GTM_NLD",0.289660000418028,5,TRUE
"GTM_PAN",0.118866891302655,9,TRUE
"GTM_POL",-0.409569784618086,5,TRUE
"GTM_PRT",-0.718046255534626,5,TRUE
"GTM_ROU",-0.580926662948457,5,TRUE
"GTM_SVK",-0.605442346061586,5,TRUE
"GTM_SVN",-1.08027812998562,5,TRUE
"GTM_SWE",-1.62894959132149,5,TRUE
"GTM_TWN",0.690547976758285,12,TRUE
"GTM_USA",-0.0934233549203324,12,TRUE
"GUY_AUT",-0.250873548895239,10,TRUE
"GUY_BEL",-0.385148249335134,10,TRUE
"GUY_BGR",-3.17445466229122,6,TRUE
"GUY_COL",0.12018488966404,21,TRUE
"GUY_CYP",-2.17003494508595,7,TRUE
"GUY_CZE",-3.15644070884046,10,TRUE
"GUY_DEU",-1.07284424767057,10,TRUE
"GUY_DNK",-1.27738778110939,10,TRUE
"GUY_ESP",-0.368928701092541,10,TRUE
"GUY_EST",-0.781075084544543,10,TRUE
"GUY_FIN",-3.15582828062634,10,TRUE
"GUY_FRA",-0.722079892660012,10,TRUE
"GUY_GBR",-1.3576105769613,10,TRUE
"GUY_GRC",0.407002525266582,6,TRUE
"GUY_HRV",0.799258184999208,5,TRUE
"GUY_HTI",-1.16770833120346,16,TRUE
"GUY_HUN",-7.32829193484035,3,FALSE
"GUY_IRL",-1.04666451476632,10,TRUE
"GUY_ITA",0.530842803781576,10,TRUE
"GUY_LTU",-2.76889279160839,4,TRUE
"GUY_LUX",-1.01120683527593,7,TRUE
"GUY_MAR",-4.92750376016712,13,TRUE
"GUY_NLD",-0.437170915350282,10,TRUE
"GUY_POL",-1.25392619611338,10,TRUE
"GUY_PRT",-0.379759053872352,10,TRUE
"GUY_SUR",3.9145023747365,23,TRUE
"GUY_SVK",-2.44910882953987,10,TRUE
"GUY_SVN",1.18528711176498,10,TRUE
"GUY_SWE",-0.198646635114759,10,TRUE
"GUY_VEN",1.75008536786949,19,TRUE
"HKG_CHE",0.456998639120362,6,TRUE
"HKG_CHL",-0.433921845225337,4,TRUE
"HKG_CHN",-0.996091680541583,15,TRUE
"HKG_ISL",-0.136670196570822,6,TRUE
"HKG_NOR",-1.22844041211755,6,TRUE
"HKG_NZL",-0.136642206233602,7,TRUE
"HND_AUT",-0.920398898242132,5,TRUE
"HND_BEL",0.0299613893063261,5,TRUE
"HND_BGR",0.813353930712146,5,TRUE
"HND_CAN",0.904898010064712,4,TRUE
"HND_CHL",2.72407711849419,10,TRUE
"HND_COL",0.53900943036698,8,TRUE
"HND_CYP",-0.461679894105081,5,TRUE
"HND_CZE",-0.995179023870645,5,TRUE
"HND_DEU",0.672469003576321,5,TRUE
"HND_DNK",-0.656569526540906,5,TRUE
"HND_DOM",2.29242243152248,17,TRUE
"HND_ESP",0.0382927139541597,5,TRUE
"HND_EST",0.368552375966875,5,TRUE
"HND_FIN",0.560106792113726,5,TRUE
"HND_FRA",0.878262483436691,5,TRUE
"HND_GBR",0.55269234716466,5,TRUE
"HND_GRC",0.265124588986833,5,TRUE
"HND_HRV",-1.65256691972123,5,TRUE
"HND_HUN",-1.58077271798136,5,TRUE
"HND_IRL",-0.769793428644238,5,TRUE
"HND_ITA",0.494813687531608,5,TRUE
"HND_LTU",-1.81792399759658,5,TRUE
"HND_LUX",-2.02891227088624,5,TRUE
"HND_LVA",-0.977573023179738,5,TRUE
"HND_MEX",1.42068852273926,17,TRUE
"HND_MLT",-3.48126548928018,5,TRUE
"HND_NLD",1.19496231710813,5,TRUE
"HND_PAN",0.427641405712668,9,TRUE
"HND_POL",-2.07020294774075,5,TRUE
"HND_PRT",-0.3478242176601,5,TRUE
"HND_ROU",-0.217496104089787,5,TRUE
"HND_SVK",-0.199697325659157,5,TRUE
"HND_SVN",0.410569678664411,5,TRUE
"HND_SWE",0.499652611662755,5,TRUE
"HND_TWN",2.77703473594948,10,TRUE
"HND_USA",0.0910160326937034,12,TRUE
"HRV_ABW",0.115645058050437,3,FALSE
"HRV_ALB",0.116818972417112,15,TRUE
"HRV_AND",1.19897763580575,5,TRUE
"HRV_ATG",-4.64859528465195,5,TRUE
"HRV_AUT",1.16625409559042,16,TRUE
"HRV_BGR",1.35159346340968,15,TRUE
"HRV_BHS",-4.0371728344384,5,TRUE
"HRV_BIH",-1.33352275305341,17,TRUE
"HRV_BLZ",-3.97552130837283,5,TRUE
"HRV_BMU",-6.06945126169885,5,TRUE
"HRV_BRB",0.27789779322708,5,TRUE
"HRV_CHE",0.942433766560952,16,TRUE
"HRV_CHL",0.448082031519758,5,TRUE
"HRV_CMR",-0.053816094980497,4,TRUE
"HRV_COL",0.149788593878943,5,TRUE
"HRV_CRI",-1.1939540720185,5,TRUE
"HRV_CYM",-3.04999082779291,5,TRUE
"HRV_CYP",-0.555944343340772,14,TRUE
"HRV_CZE",0.912901083539392,15,TRUE
"HRV_DEU",0.488204780637958,16,TRUE
"HRV_DNK",0.683333146685126,16,TRUE
"HRV_DOM",-0.949330783227712,5,TRUE
"HRV_DZA",0.284129260492381,5,TRUE
"HRV_EGY",-0.0240631291542412,5,TRUE
"HRV_ESP",1.00052872191132,16,TRUE
"HRV_EST",1.66141150206332,14,TRUE
"HRV_FIN",1.83550973576743,16,TRUE
"HRV_FJI",-1.72370954622545,3,FALSE
"HRV_FRA",0.572015340826443,16,TRUE
"HRV_FRO",-1.44563825642775,3,FALSE
"HRV_GBR",1.09759826092444,16,TRUE
"HRV_GEO",-0.510709423229249,4,TRUE
"HRV_GRC",0.158967072333731,16,TRUE
"HRV_GRL",-4.5926209399583,5,TRUE
"HRV_GTM",-0.25544349764662,5,TRUE
"HRV_GUY",-0.580461778160838,4,TRUE
"HRV_HND",-1.86658343677714,4,TRUE
"HRV_HUN",1.38071018724832,15,TRUE
"HRV_IRL",-0.29932171830969,16,TRUE
"HRV_ISL",1.38465274776034,16,TRUE
"HRV_ISR",0.968717325850284,5,TRUE
"HRV_ITA",0.32779761463015,16,TRUE
"HRV_JAM",-1.25381522692756,5,TRUE
"HRV_JOR",0.78904491903867,5,TRUE
"HRV_KOR",1.12199708608196,5,TRUE
"HRV_LBN",0.342670265970845,5,TRUE
"HRV_LTU",0.802252066138058,14,TRUE
"HRV_LVA",1.17012129256969,14,TRUE
"HRV_MAR",-0.0165159420559466,5,TRUE
"HRV_MDA",-1.29012264054623,14,TRUE
"HRV_MDG",-0.996949900663143,5,TRUE
"HRV_MEX",0.14627272261036,5,TRUE
"HRV_MKD",-0.626245936221313,21,TRUE
"HRV_MLT",0.171679361359783,14,TRUE
"HRV_MUS",-1.38269248624889,5,TRUE
"HRV_NCL",-2.31331621349654,5,TRUE
"HRV_NIC",-3.19915116036944,5,TRUE
"HRV_NLD",0.892753262769512,16,TRUE
"HRV_NOR",0.701248142244541,16,TRUE
"HRV_PAN",-3.57573807641574,5,TRUE
"HRV_PER",-0.392999136343543,5,TRUE
"HRV_POL",0.544113149499187,15,TRUE
"HRV_PRT",1.67315008986376,16,TRUE
"HRV_PSE",0.952041767667208,5,TRUE
"HRV_PYF",1.72715780358596,5,TRUE
"HRV_ROU",2.23729866276929,15,TRUE
"HRV_SLV",2.07410178684745,5,TRUE
"HRV_SMR",-1.29101711083126,5,TRUE
"HRV_SUR",-2.03046087119382,3,FALSE
"HRV_SVK",1.18476561228372,15,TRUE
"HRV_SVN",-0.498695830586875,20,TRUE
"HRV_SWE",0.716408446197287,16,TRUE
"HRV_SYC",1.55646212830292,5,TRUE
"HRV_SYR",-2.54267837832984,5,TRUE
"HRV_TTO",-0.832760512946654,5,TRUE
"HRV_TUN",-0.261015269068288,5,TRUE
"HRV_TUR",0.74450757994204,15,TRUE
"HRV_UKR",-0.425442622643959,4,TRUE
"HRV_VCT",-4.81204508978266,5,TRUE
"HRV_VGB",0.707715494100035,5,TRUE
"HRV_ZAF",0.37707369327935,5,TRUE
"HRV_ZWE",-0.263877865445092,4,TRUE
"HTI_ATG",-1.65538503579085,12,TRUE
"HTI_BHS",0.272886486212424,15,TRUE
"HTI_BLZ",-1.46753423743792,5,TRUE
"HTI_BRB",-1.12913122204916,16,TRUE
"HTI_DMA",-0.665854046735147,4,TRUE
"HTI_GRD",-0.352632934650941,16,TRUE
"HTI_GUY",0.752632650745688,14,TRUE
"HTI_JAM",-0.123816818230457,16,TRUE
"HTI_KNA",-2.85595362928641,12,TRUE
"HTI_LCA",-1.07379915360491,16,TRUE
"HTI_TTO",-1.63940953851176,12,TRUE
"HTI_VCT",1.00826430492329,16,TRUE
"HUN_ALB",-0.441947382508617,12,TRUE
"HUN_AND",-1.08236611782851,14,TRUE
"HUN_ANT",-0.291631183696659,5,TRUE
"HUN_ATG",-0.617467364834577,10,TRUE
"HUN_AUT",1.54118863645323,25,TRUE
"HUN_BGR",1.15196869505884,19,TRUE
"HUN_BHS",-2.92119629334619,10,TRUE
"HUN_BIH",-1.26689770427838,10,TRUE
"HUN_BLZ",-0.0787379456003385,10,TRUE
"HUN_BMU",-3.04909955523014,14,TRUE
"HUN_BRB",1.05104357091526,10,TRUE
"HUN_CHE",-0.546429109254935,25,TRUE
"HUN_CHL",1.029884980648,14,TRUE
"HUN_CMR",0.632895653145707,4,TRUE
"HUN_COL",0.780133755044798,5,TRUE
"HUN_CRI",2.4655513943294,5,TRUE
"HUN_CYM",-3.3133422045011,14,TRUE
"HUN_CYP",0.514857225122763,14,TRUE
"HUN_DEU",0.0903428422159245,26,TRUE
"HUN_DMA",-0.733887815803188,10,TRUE
"HUN_DNK",0.0566022836123189,26,TRUE
"HUN_DOM",0.4635504377007,10,TRUE
"HUN_DZA",-0.0848003261233338,14,TRUE
"HUN_EGY",0.140750187669072,14,TRUE
"HUN_ESP",1.13435715285944,26,TRUE
"HUN_EST",0.255987859452237,17,TRUE
"HUN_FJI",-0.583026311354283,9,TRUE
"HUN_FRA",0.971335615738952,26,TRUE
"HUN_FRO",-0.536580060743977,13,TRUE
"HUN_GBR",2.58031603223394,26,TRUE
"HUN_GEO",-0.254555152391739,4,TRUE
"HUN_GRC",-0.902235076886691,26,TRUE
"HUN_GRD",-0.840187689681394,9,TRUE
"HUN_GRL",0.00259908440583947,12,TRUE
"HUN_GTM",0.360940150225796,5,TRUE
"HUN_GUY",-0.538047144405598,10,TRUE
"HUN_HND",1.42980830118684,5,TRUE
"HUN_HRV",0.66167396480876,15,TRUE
"HUN_IRL",2.72401053445722,26,TRUE
"HUN_ISL",0.197674435544595,25,TRUE
"HUN_ISR",0.0470381400541453,20,TRUE
"HUN_ITA",0.0337331237082798,26,TRUE
"HUN_JAM",0.845930826145142,10,TRUE
"HUN_JOR",-0.173015893832792,14,TRUE
"HUN_KNA",-0.42391736954186,10,TRUE
"HUN_KOR",0.560292037107198,7,TRUE
"HUN_LBN",-0.653060358940645,14,TRUE
"HUN_LCA",-1.91518115714366,9,TRUE
"HUN_LTU",-0.402228388695546,18,TRUE
"HUN_LVA",0.544504359430243,18,TRUE
"HUN_MAR",0.454225435377105,14,TRUE
"HUN_MDA",0.0208016535929922,4,TRUE
"HUN_MDG",-0.171145830471725,6,TRUE
"HUN_MEX",0.452131595042573,14,TRUE
"HUN_MKD",-0.402438617978526,14,TRUE
"HUN_MLT",0.61982342215351,14,TRUE
"HUN_MSR",-0.33978768707053,4,TRUE
"HUN_MUS",-1.43708212055248,6,TRUE
"HUN_MYT",-0.901117748360948,6,TRUE
"HUN_NCL",0.137404018527898,14,TRUE
"HUN_NIC",1.03966027559763,5,TRUE
"HUN_NLD",1.58694416837046,26,TRUE
"HUN_NOR",1.99789977621799,25,TRUE
"HUN_PAN",2.05811295873604,5,TRUE
"HUN_PER",0.9315476740725,5,TRUE
"HUN_PNG",-2.57114594223515,8,TRUE
"HUN_PRT",1.71000723225062,26,TRUE
"HUN_PYF",-0.496742563430903,14,TRUE
"HUN_ROU",1.11040266850887,21,TRUE
"HUN_SLV",1.37327032898675,5,TRUE
"HUN_SMR",0.0994944419500677,14,TRUE
"HUN_SRB",0.527844844130183,8,TRUE
"HUN_SUR",0.229175152004194,10,TRUE
"HUN_SWE",1.97409358392566,25,TRUE
"HUN_SYC",-1.51567247693465,6,TRUE
"HUN_SYR",-1.39262242724262,14,TRUE
"HUN_TTO",1.18380560538513,10,TRUE
"HUN_TUN",-0.0670230931496118,14,TRUE
"HUN_TUR",0.198083259778499,20,TRUE
"HUN_UKR",-0.137299830075736,4,TRUE
"HUN_VCT",-0.476961409518092,10,TRUE
"HUN_ZAF",0.564421569424228,14,TRUE
"HUN_ZWE",-0.368325256008665,6,TRUE
"IDN_AUS",-0.180097614006684,6,TRUE
"IDN_BRN",4.79839137232243,26,TRUE
"IDN_CHN",-0.0997890750457757,13,TRUE
"IDN_CMR",1.29220967065077,26,TRUE
"IDN_COL",0.712096640774531,21,TRUE
"IDN_IRN",0.612222827861459,26,TRUE
"IDN_JPN",-0.00324931086978406,10,TRUE
"IDN_KHM",-0.490076287204741,19,TRUE
"IDN_LAO",1.75230709811371,21,TRUE
"IDN_MAR",-0.120396664149885,21,TRUE
"IDN_MMR",1.19256138588476,21,TRUE
"IDN_NZL",0.102735509627158,6,TRUE
"IDN_PHL",0.261010418306809,26,TRUE
"IDN_VEN",0.391373631658532,19,TRUE
"IND_AFG",-0.152989015414425,15,TRUE
"IND_BRN",0.86576612426103,8,TRUE
"IND_BTN",0.993642683789076,23,TRUE
"IND_CHN",0.162878756061319,16,TRUE
"IND_CMR",1.40772099878494,26,TRUE
"IND_COL",1.37942762144139,21,TRUE
"IND_IRN",1.15890864846682,26,TRUE
"IND_JPN",-0.222985837717964,7,TRUE
"IND_KHM",0.012753720415665,8,TRUE
"IND_MAR",0.728568466647549,21,TRUE
"IND_MDV",0.648741039150014,23,TRUE
"IND_MMR",1.23515903456905,21,TRUE
"IND_NPL",1.48748966807267,23,TRUE
"IND_PHL",0.160104474364895,26,TRUE
"IND_PRY",0.543367522413419,9,TRUE
"IND_URY",0.317187979584248,9,TRUE
"IND_VEN",0.698323116054626,19,TRUE
"IOT_CZE",4.19172207877539,14,TRUE
"IOT_EST",-1.87715890189561,7,TRUE
"IOT_FIN",-0.393061220911719,10,TRUE
"IOT_SVK",1.13607582165258,12,TRUE
"IOT_SVN",0.510289125885376,13,TRUE
"IRL_ALB",-0.134738251318498,12,TRUE
"IRL_ATG",-2.68603194085057,10,TRUE
"IRL_BHS",-0.929222497349266,10,TRUE
"IRL_BIH",-0.488297667698715,10,TRUE
"IRL_BLZ",-1.46892999104345,10,TRUE
"IRL_BRB",-0.682676088026187,10,TRUE
"IRL_CHL",0.29863612274916,15,TRUE
"IRL_CMR",-1.03170854245963,4,TRUE
"IRL_COL",-0.345129966866642,5,TRUE
"IRL_CRI",-1.5731184113956,5,TRUE
"IRL_DMA",-1.26621288603483,10,TRUE
"IRL_DOM",-0.633157409113044,10,TRUE
"IRL_FJI",-0.145229920041794,9,TRUE
"IRL_GEO",-0.25977786839369,4,TRUE
"IRL_GRD",-1.34456746828031,10,TRUE
"IRL_GTM",-0.290543029537868,5,TRUE
"IRL_GUY",-0.707944266183817,10,TRUE
"IRL_HND",-0.396734725870925,5,TRUE
"IRL_HRV",0.00707129841103166,16,TRUE
"IRL_JAM",-1.41179648345108,10,TRUE
"IRL_JOR",-0.500749774701275,16,TRUE
"IRL_KNA",-0.423289731661452,10,TRUE
"IRL_KOR",-0.737602022043729,7,TRUE
"IRL_LCA",-1.90696448677972,10,TRUE
"IRL_MDA",-0.500547888153296,4,TRUE
"IRL_MDG",-1.11364703082768,6,TRUE
"IRL_MEX",-1.68865676746293,18,TRUE
"IRL_MKD",-0.0924399980505212,17,TRUE
"IRL_MUS",-0.425750004794351,6,TRUE
"IRL_NIC",-1.21337573011317,5,TRUE
"IRL_PAN",-0.477483356203272,5,TRUE
"IRL_PER",-0.264245746967666,5,TRUE
"IRL_PNG",-3.10825703706298,9,TRUE
"IRL_POL",3.02867895479085,26,TRUE
"IRL_ROU",1.41348718810073,25,TRUE
"IRL_SLV",0.00656292495307369,5,TRUE
"IRL_SRB",0.254013282026369,8,TRUE
"IRL_SUR",-1.01850331523846,10,TRUE
"IRL_SYC",-0.610187309871432,6,TRUE
"IRL_TTO",-1.21730829399444,10,TRUE
"IRL_UKR",-0.405866273168503,4,TRUE
"IRL_VCT",-0.625567585897753,10,TRUE
"IRL_VGB",1.14522159734859,10,TRUE
"IRL_ZAF",1.82596665188945,18,TRUE
"IRL_ZWE",-0.400901175608259,6,TRUE
"IRN_BRA",-4.52584293629853,26,TRUE
"IRN_COL",-1.1739839599223,21,TRUE
"IRN_IDN",-1.94662913893509,26,TRUE
"IRN_IND",0.0913818066481512,26,TRUE
"IRN_LKA",-1.5887413937404,26,TRUE
"IRN_MAR",-2.08775009266379,21,TRUE
"IRN_MYS",-0.20221565963125,26,TRUE
"IRN_SGP",-1.3773861378284,26,TRUE
"IRN_THA",-0.894268450614196,26,TRUE
"IRN_TTO",-1.21619757963503,24,TRUE
"IRN_TUN",-0.566374215152295,26,TRUE
"IRN_VEN",1.27449454617652,18,TRUE
"IRQ_COL",-6.66174553874748,18,TRUE
"IRQ_SAU",-5.14819311168206,16,TRUE
"IRQ_VEN",-2.70894133238585,12,TRUE
"ISL_ALB",-2.5705838863081,7,TRUE
"ISL_ARE",-1.22400596823164,4,TRUE
"ISL_BGR",0.848911115648052,25,TRUE
"ISL_BHR",-2.35088553250061,4,TRUE
"ISL_BIH",-0.146351853114475,3,FALSE
"ISL_BWA",-4.59216657184452,8,TRUE
"ISL_CAN",0.560429905513774,9,TRUE
"ISL_CHL",1.16949471841605,14,TRUE
"ISL_CHN",-0.381264647141158,4,TRUE
"ISL_COL",-1.1268690627714,7,TRUE
"ISL_CRI",1.50551678102601,4,TRUE
"ISL_CYP",0.243867498182945,14,TRUE
"ISL_EGY",0.940010477312796,11,TRUE
"ISL_EST",1.59969956917358,22,TRUE
"ISL_FRO",-2.09098744392028,25,TRUE
"ISL_HKG",-0.486538860300358,6,TRUE
"ISL_HRV",0.93531643615349,16,TRUE
"ISL_HUN",-0.391973646550376,25,TRUE
"ISL_ISR",0.0183619647923685,25,TRUE
"ISL_JOR",-0.299751977910654,16,TRUE
"ISL_KOR",-0.0139275124173608,12,TRUE
"ISL_KWT",-0.139486025081477,4,TRUE
"ISL_LBN",-0.216618281752093,11,TRUE
"ISL_LTU",2.06307474589558,22,TRUE
"ISL_MAR",1.31702528716683,19,TRUE
"ISL_MEX",0.0539806780095017,17,TRUE
"ISL_MKD",-0.835385329482389,16,TRUE
"ISL_MLT",3.38364106520522,14,TRUE
"ISL_MNE",0.0617596813149335,6,TRUE
"ISL_NAM",-3.86318853809807,10,TRUE
"ISL_OMN",-1.04174698864658,4,TRUE
"ISL_PAN",-1.29725861614697,4,TRUE
"ISL_PER",0.104444080118129,7,TRUE
"ISL_POL",-0.409582571000386,25,TRUE
"ISL_QAT",-1.16093841555059,4,TRUE
"ISL_SAU",-1.22499153068039,4,TRUE
"ISL_SGP",0.859001701516336,15,TRUE
"ISL_SRB",-0.817628790653552,8,TRUE
"ISL_TUN",0.111082951387169,13,TRUE
"ISL_TUR",0.00489412717419931,26,TRUE
"ISL_UKR",0.19074135745058,6,TRUE
"ISL_ZAF",-1.17423819217922,10,TRUE
"ISR_ARG",-0.363284253051259,9,TRUE
"ISR_AUT",0.51593418892311,25,TRUE
"ISR_BGR",0.944878464985007,16,TRUE
"ISR_CAN",0.677316881300244,21,TRUE
"ISR_CHE",-0.676852776731399,25,TRUE
"ISR_CYP",1.86713486286779,14,TRUE
"ISR_CZE",-0.0259311472426386,21,TRUE
"ISR_EST",0.984607647404647,14,TRUE
"ISR_FIN",-0.276919098795549,25,TRUE
"ISR_HRV",0.593979729877425,5,TRUE
"ISR_HUN",-0.0262940741322589,20,TRUE
"ISR_ISL",-0.00830681401563485,25,TRUE
"ISR_LTU",0.201180616384422,14,TRUE
"ISR_LVA",-0.685141949514363,14,TRUE
"ISR_MLT",1.07326419640334,14,TRUE
"ISR_NOR",-0.463791941366207,25,TRUE
"ISR_POL",0.250530516822345,20,TRUE
"ISR_SVN",0.209177768371819,20,TRUE
"ISR_SWE",0.0811459830079294,25,TRUE
"ITA_ALB",0.0705565603550794,12,TRUE
"ITA_ATG",-0.426163561074068,10,TRUE
"ITA_BGR",3.4878567027516,24,TRUE
"ITA_BHS",-2.2265145504373,10,TRUE
"ITA_BIH",-0.317436382261938,10,TRUE
"ITA_BLZ",0.538145922410145,10,TRUE
"ITA_BRB",-0.127152106579935,10,TRUE
"ITA_CHL",0.592836183838814,15,TRUE
"ITA_CMR",-0.415014792135247,4,TRUE
"ITA_COL",-0.365866986627,5,TRUE
"ITA_CRI",0.285714229783822,5,TRUE
"ITA_DMA",0.144584940899033,10,TRUE
"ITA_DOM",0.288334097601152,10,TRUE
"ITA_FJI",-0.106001250482808,9,TRUE
"ITA_FRO",1.18824010211733,26,TRUE
"ITA_GEO",-0.0976850481998039,4,TRUE
"ITA_GRD",-0.823761903868785,10,TRUE
"ITA_GTM",-0.025775708923384,5,TRUE
"ITA_GUY",-1.40301873361714,10,TRUE
"ITA_HND",0.0246243961954463,5,TRUE
"ITA_HRV",0.376652577817518,16,TRUE
"ITA_HUN",2.35534882248074,26,TRUE
"ITA_JAM",-0.0482272865824518,10,TRUE
"ITA_JOR",0.149903527433692,16,TRUE
"ITA_KNA",-0.50661599988444,10,TRUE
"ITA_KOR",0.0991243543239434,7,TRUE
"ITA_LCA",-2.08379962177516,10,TRUE
"ITA_MDA",0.0428099846646721,4,TRUE
"ITA_MDG",-0.0818952382183758,6,TRUE
"ITA_MEX",-0.72984727721554,18,TRUE
"ITA_MKD",0.131336936824597,17,TRUE
"ITA_MUS",0.0520815791991015,6,TRUE
"ITA_NIC",0.0231803797149752,5,TRUE
"ITA_PAN",-0.316255303155047,5,TRUE
"ITA_PER",0.291319254487662,5,TRUE
"ITA_PNG",1.16276248317872,9,TRUE
"ITA_POL",2.83495616088571,26,TRUE
"ITA_ROU",2.97265374330865,25,TRUE
"ITA_SLV",-0.0174995443707362,5,TRUE
"ITA_SRB",0.315601588554927,8,TRUE
"ITA_SUR",0.30843877308255,10,TRUE
"ITA_SYC",-0.494691034388373,6,TRUE
"ITA_TTO",-0.431417406534339,10,TRUE
"ITA_UKR",0.00399819459576012,4,TRUE
"ITA_VCT",-1.30142612682123,10,TRUE
"ITA_VGB",1.60739904414608,11,TRUE
"ITA_ZAF",2.05328826271794,18,TRUE
"ITA_ZWE",-0.628694737907885,6,TRUE
"JAM_AUT",0.319102511697937,10,TRUE
"JAM_BEL",1.1498115352214,10,TRUE
"JAM_BGR",-0.247835197478405,9,TRUE
"JAM_CYP",-1.99114391558865,10,TRUE
"JAM_CZE",1.2027371542731,10,TRUE
"JAM_DEU",0.275073468653168,10,TRUE
"JAM_DNK",-0.638735280751016,10,TRUE
"JAM_ESP",-2.33122283528965,10,TRUE
"JAM_EST",2.33337706562111,10,TRUE
"JAM_FIN",-1.02739254203409,10,TRUE
"JAM_FRA",-0.314102870543075,10,TRUE
"JAM_GBR",-0.792441597539507,10,TRUE
"JAM_GRC",0.57628126494506,10,TRUE
"JAM_HRV",-4.91238764007604,4,TRUE
"JAM_HTI",1.45567110382471,16,TRUE
"JAM_HUN",-4.13808872367525,9,TRUE
"JAM_IRL",-1.68322890886663,10,TRUE
"JAM_ITA",-0.244780565203484,10,TRUE
"JAM_LTU",-2.67514944775956,5,TRUE
"JAM_LUX",-0.369411098263739,10,TRUE
"JAM_LVA",3.7259262819739,6,TRUE
"JAM_MLT",-2.11237841379642,8,TRUE
"JAM_NLD",-0.810868131807858,10,TRUE
"JAM_POL",-0.416200209562109,10,TRUE
"JAM_PRT",-0.491815873231503,8,TRUE
"JAM_ROU",-2.83270162253327,6,TRUE
"JAM_SUR",1.88038605192826,23,TRUE
"JAM_SVK",0.498560219177913,10,TRUE
"JAM_SVN",3.88335071661112,10,TRUE
"JAM_SWE",-2.56641935001892,10,TRUE
"JOR_ARE",0.15683864455486,20,TRUE
"JOR_AUT",1.19419041212603,16,TRUE
"JOR_BGR",0.19088883233125,11,TRUE
"JOR_BHR",-0.5478200986357,20,TRUE
"JOR_CAN",2.20571283963246,6,TRUE
"JOR_CHE",2.07717493484123,16,TRUE
"JOR_CYP",-0.0143596180761202,14,TRUE
"JOR_CZE",-0.482130552078818,14,TRUE
"JOR_DEU",-0.153843205640025,16,TRUE
"JOR_DNK",-0.165952038503921,16,TRUE
"JOR_DZA",0.309730222067086,9,TRUE
"JOR_ESP",0.463289339289533,16,TRUE
"JOR_EST",1.16169845667626,14,TRUE
"JOR_FIN",-1.09465839649075,16,TRUE
"JOR_FRA",0.100333648455417,16,TRUE
"JOR_GBR",-0.234253996776775,16,TRUE
"JOR_GRC",-1.46176327726802,16,TRUE
"JOR_HRV",1.60911774835941,5,TRUE
"JOR_HUN",1.37053719050869,14,TRUE
"JOR_IRL",-0.852301786180846,16,TRUE
"JOR_ISL",1.83481615463385,16,TRUE
"JOR_ITA",0.254847886929795,16,TRUE
"JOR_KWT",1.80539678066203,20,TRUE
"JOR_LBN",0.910635457608907,20,TRUE
"JOR_LTU",-1.76018202833728,14,TRUE
"JOR_MAR",1.03512281524345,20,TRUE
"JOR_MLT",0.600704787853843,14,TRUE
"JOR_NLD",-0.507551122668229,16,TRUE
"JOR_NOR",0.466649402804467,16,TRUE
"JOR_OMN",1.19446482901523,20,TRUE
"JOR_POL",-0.807458462908155,14,TRUE
"JOR_PRT",0.0634843819007183,16,TRUE
"JOR_QAT",-0.413328713571463,20,TRUE
"JOR_ROU",-0.675542245910719,11,TRUE
"JOR_SAU",0.875097577539518,20,TRUE
"JOR_SDN",1.16626064114326,20,TRUE
"JOR_SGP",-0.0732597168439907,13,TRUE
"JOR_SVK",-0.051968741228487,14,TRUE
"JOR_SVN",-0.859049950203153,14,TRUE
"JOR_SWE",0.502947331225867,16,TRUE
"JOR_TUN",0.43423018616467,20,TRUE
"JOR_TUR",0.457005399028369,7,TRUE
"JOR_USA",3.42814971796919,17,TRUE
"JPN_AUS",0.13021559096762,3,FALSE
"JPN_BRN",0.639030537427929,10,TRUE
"JPN_CHE",-0.246910765086884,9,TRUE
"JPN_CHL",1.66615390758441,11,TRUE
"JPN_IDN",0.52682637952709,10,TRUE
"JPN_IND",0.345786378443211,7,TRUE
"JPN_KHM",0.55115315485487,10,TRUE
"JPN_LAO",0.574661712793714,10,TRUE
"JPN_MEX",-0.107320566270192,13,TRUE
"JPN_MMR",0.991429902426126,10,TRUE
"JPN_MYS",0.00367250305825184,12,TRUE
"JPN_PER",0.223882452188621,6,TRUE
"JPN_PHL",0.0387878378124562,10,TRUE
"JPN_SGP",-0.188924915509338,16,TRUE
"JPN_THA",0.466689992278596,11,TRUE
"JPN_VNM",0.485647674992801,10,TRUE
"KAZ_ARM",-0.720665454381083,17,TRUE
"KEN_BDI",2.12540638457061,24,TRUE
"KEN_COD",3.15283599184294,19,TRUE
"KEN_COM",1.40237263694791,23,TRUE
"KEN_DJI",0.510072910527107,19,TRUE
"KEN_EGY",-0.153708775753403,19,TRUE
"KEN_LBY",2.4294304726962,10,TRUE
"KEN_MDG",-0.394440735358448,24,TRUE
"KEN_MUS",1.2641814813992,24,TRUE
"KEN_MWI",2.57051470158778,24,TRUE
"KEN_RWA",1.76255409190644,22,TRUE
"KEN_SDN",-0.661352869733888,23,TRUE
"KEN_SWZ",-1.70857313078124,21,TRUE
"KEN_SYC",-0.485957269133097,17,TRUE
"KEN_TZA",1.67705395459086,23,TRUE
"KEN_UGA",1.47094817696956,24,TRUE
"KEN_ZMB",2.70896515937719,23,TRUE
"KEN_ZWE",2.31703260392411,24,TRUE
"KHM_AUS",1.24746226546157,7,TRUE
"KHM_CHN",-0.87488601795726,13,TRUE
"KHM_IDN",-2.18188210825055,19,TRUE
"KHM_IND",0.340742000319338,8,TRUE
"KHM_JPN",0.991138605596021,10,TRUE
"KHM_KOR",1.8017704727921,8,TRUE
"KHM_MYS",-2.26536803465661,19,TRUE
"KHM_NZL",1.38202789803549,7,TRUE
"KHM_SGP",-1.83596373087055,19,TRUE
"KHM_THA",-3.38694756851751,19,TRUE
"KNA_AUT",-2.3764601353207,9,TRUE
"KNA_BEL",4.66340808142064,10,TRUE
"KNA_CZE",1.17248636156642,10,TRUE
"KNA_DEU",1.95047874663361,10,TRUE
"KNA_DNK",1.82142141057516,10,TRUE
"KNA_ESP",-0.724186805161364,10,TRUE
"KNA_FIN",-6.96231446981736,9,TRUE
"KNA_FRA",1.15087407813367,10,TRUE
"KNA_GBR",-2.96663015305981,10,TRUE
"KNA_GRC",-4.26967666264227,4,TRUE
"KNA_HRV",-4.68611764991035,5,TRUE
"KNA_IRL",-0.345629088158044,10,TRUE
"KNA_ITA",-1.70096983684185,8,TRUE
"KNA_NLD",-0.0112052268321776,10,TRUE
"KNA_POL",3.53061534381278,10,TRUE
"KNA_SVK",0.393622041668845,10,TRUE
"KNA_SVN",0.372305301742005,10,TRUE
"KNA_SWE",0.0402156490223349,10,TRUE
"KOR_AUS",0.408677395734217,4,TRUE
"KOR_AUT",-0.09605493006198,7,TRUE
"KOR_BEL",-0.0808243625833572,7,TRUE
"KOR_BGR",-0.413006751292452,7,TRUE
"KOR_BRN",1.1287690542423,8,TRUE
"KOR_CAN",0.0669813009816439,3,FALSE
"KOR_CHE",-0.985949161289426,12,TRUE
"KOR_CHN",0.121029774431523,16,TRUE
"KOR_CMR",-1.19985025461266,26,TRUE
"KOR_COL",0.222887170270488,21,TRUE
"KOR_CYP",-1.54000080510252,7,TRUE
"KOR_CZE",1.06770977289184,7,TRUE
"KOR_DEU",-0.0821096732165909,7,TRUE
"KOR_DNK",0.191375992041558,7,TRUE
"KOR_ESP",-0.322782372913996,7,TRUE
"KOR_EST",-0.228228298708412,7,TRUE
"KOR_FIN",-0.0464795156928399,7,TRUE
"KOR_FRA",-0.139535462317951,7,TRUE
"KOR_GBR",-0.428794844035882,7,TRUE
"KOR_GRC",-0.25864565245125,7,TRUE
"KOR_HRV",0.978651738678177,5,TRUE
"KOR_HUN",0.346387999392717,7,TRUE
"KOR_IRL",-0.58461260374587,7,TRUE
"KOR_ISL",-0.591098230875865,12,TRUE
"KOR_ITA",-0.177856488452028,7,TRUE
"KOR_KHM",0.430525757569878,8,TRUE
"KOR_LTU",0.232067614639565,7,TRUE
"KOR_LUX",-0.385624974381595,7,TRUE
"KOR_LVA",-0.272723107937854,7,TRUE
"KOR_MAR",0.66925335045437,21,TRUE
"KOR_MLT",0.269860547583869,7,TRUE
"KOR_MMR",0.819881882590441,21,TRUE
"KOR_NLD",-0.0173688265197011,7,TRUE
"KOR_NOR",0.430328551507482,12,TRUE
"KOR_NZL",0.27559649827006,3,FALSE
"KOR_POL",-0.166665276954896,7,TRUE
"KOR_PRT",-0.164033638458556,7,TRUE
"KOR_SVK",0.871277796227483,7,TRUE
"KOR_SVN",0.420346586374664,7,TRUE
"KOR_SWE",-0.203119079456887,7,TRUE
"KOR_USA",0.0761369355137716,6,TRUE
"KOR_VEN",-0.857450018375645,19,TRUE
"KWT_CHE",-0.315493688029309,4,TRUE
"KWT_DZA",0.73234034978115,9,TRUE
"KWT_EGY",3.70891671131334,20,TRUE
"KWT_ISL",-5.88457297940111,3,FALSE
"KWT_JOR",3.11989529443648,20,TRUE
"KWT_LBN",4.06202387627859,20,TRUE
"KWT_MAR",-1.60633804358517,20,TRUE
"KWT_NOR",-0.560896186241187,4,TRUE
"KWT_SGP",-0.473587002948511,5,TRUE
"KWT_SYR",3.68591295843074,19,TRUE
"KWT_TUN",-0.0252918939902072,20,TRUE
"LAO_AUS",0.909432263795156,7,TRUE
"LAO_CHN",1.84504970217502,16,TRUE
"LAO_IDN",2.55683518939871,21,TRUE
"LAO_JPN",1.20640270915419,10,TRUE
"LAO_MYS",0.48591254256504,21,TRUE
"LAO_NZL",2.77877079406999,7,TRUE
"LAO_PHL",-1.69565370953533,16,TRUE
"LAO_SGP",-1.47166784515894,21,TRUE
"LBN_ARE",-0.450705733942974,20,TRUE
"LBN_AUT",0.147308395674559,23,TRUE
"LBN_BGR",1.64227693968078,11,TRUE
"LBN_CHE",-1.36118802209326,11,TRUE
"LBN_CYP",-0.722315555933841,14,TRUE
"LBN_CZE",-1.26194783811837,14,TRUE
"LBN_DZA",-0.322896506140425,9,TRUE
"LBN_EGY",0.576320790751088,20,TRUE
"LBN_FIN",1.19890259781768,23,TRUE
"LBN_HRV",-0.684894969182454,5,TRUE
"LBN_HUN",-0.800408675033035,14,TRUE
"LBN_ISL",-0.42783952193773,11,TRUE
"LBN_JOR",0.0206286970130485,20,TRUE
"LBN_KWT",0.389031157794076,20,TRUE
"LBN_LBY",-1.18002612663734,20,TRUE
"LBN_LTU",-1.55457938888134,14,TRUE
"LBN_LVA",-0.255035111714797,14,TRUE
"LBN_MAR",-0.218955197286677,20,TRUE
"LBN_MLT",-2.5625693567412,14,TRUE
"LBN_NOR",-1.95999430638388,11,TRUE
"LBN_OMN",0.719857372843986,20,TRUE
"LBN_POL",1.1488763869559,14,TRUE
"LBN_ROU",-1.97333700017573,11,TRUE
"LBN_SAU",-0.359245387543078,20,TRUE
"LBN_SVK",-1.10573682291191,14,TRUE
"LBN_SVN",2.24315807159015,14,TRUE
"LBN_SWE",0.329631285968176,23,TRUE
"LBN_SYR",4.51666353421558,20,TRUE
"LBN_TUN",-0.183338724023293,20,TRUE
"LBY_ARE",1.82414711314454,13,TRUE
"LBY_COL",-3.7498897159668,15,TRUE
"LBY_COM",-0.253610749223535,4,TRUE
"LBY_ETH",-3.14485727085286,10,TRUE
"LBY_KEN",-1.0233339361218,5,TRUE
"LBY_KWT",-3.15287903010354,11,TRUE
"LBY_MAR",-0.848239432420722,21,TRUE
"LBY_MWI",-0.181841477531698,4,TRUE
"LBY_QAT",-1.62487958326854,12,TRUE
"LBY_SAU",-0.417022453681665,16,TRUE
"LBY_UGA",-0.151336266868127,12,TRUE
"LCA_AUT",-3.76094717907415,10,TRUE
"LCA_BEL",0.618666993551921,10,TRUE
"LCA_CZE",-1.15829320310826,9,TRUE
"LCA_DEU",-1.16066080805554,10,TRUE
"LCA_DNK",0.135724526331237,10,TRUE
"LCA_ESP",-2.05927318729973,10,TRUE
"LCA_EST",-2.01018947498143,3,FALSE
"LCA_FIN",-2.1256508975136,8,TRUE
"LCA_FRA",-1.60652458275556,10,TRUE
"LCA_GBR",-1.76950326923666,10,TRUE
"LCA_GRC",-5.40263096678225,10,TRUE
"LCA_HTI",0.236720643579534,8,TRUE
"LCA_HUN",-2.52681416895352,5,TRUE
"LCA_IRL",-1.78853560461008,10,TRUE
"LCA_ITA",-2.79033566648036,10,TRUE
"LCA_NLD",0.707827272566793,10,TRUE
"LCA_POL",-4.10973596691472,10,TRUE
"LCA_PRT",-6.39791659215187,3,FALSE
"LCA_ROU",-1.7857376930413,3,FALSE
"LCA_SVK",-2.05501415377554,8,TRUE
"LCA_SVN",-3.14788041387592,8,TRUE
"LCA_SWE",-1.47019084047709,10,TRUE
"LKA_AFG",-2.54191637883013,7,TRUE
"LKA_CHN",0.603444236759632,16,TRUE
"LKA_CMR",1.08141589312896,25,TRUE
"LKA_COL",0.391221484020322,21,TRUE
"LKA_IRN",-1.26097210074308,26,TRUE
"LKA_MAR",-0.476819554018307,21,TRUE
"LKA_MDV",0.907013016351444,23,TRUE
"LKA_MMR",2.95741526143995,20,TRUE
"LKA_NPL",0.449214542440088,23,TRUE
"LKA_VEN",0.800697148142138,19,TRUE
"LSO_BWA",-1.87065728513791,18,TRUE
"LSO_CHE",-3.50558617468949,7,TRUE
"LTU_ABW",-2.9461439082583,6,TRUE
"LTU_ALB",0.836977252253134,12,TRUE
"LTU_AND",1.31818858784897,14,TRUE
"LTU_ANT",1.92826120958363,4,TRUE
"LTU_ATG",-4.4827091854281,10,TRUE
"LTU_BGR",0.4455322150792,16,TRUE
"LTU_BHS",-2.10298286435238,10,TRUE
"LTU_BIH",0.348590858517532,10,TRUE
"LTU_BLZ",-1.87490119292044,10,TRUE
"LTU_BMU",-1.78692519385353,11,TRUE
"LTU_BRB",-0.619813639893635,10,TRUE
"LTU_CHL",1.23123189873024,14,TRUE
"LTU_CMR",-0.581087710860647,4,TRUE
"LTU_COL",-2.03514318951826,5,TRUE
"LTU_CRI",1.1894589921616,5,TRUE
"LTU_CYM",-0.0950882804648829,7,TRUE
"LTU_CYP",0.74297876308985,14,TRUE
"LTU_CZE",0.59275886193283,21,TRUE
"LTU_DMA",1.93419414048792,10,TRUE
"LTU_DOM",1.56180364583582,10,TRUE
"LTU_DZA",1.05999774448221,14,TRUE
"LTU_EGY",1.22364915880974,14,TRUE
"LTU_FRO",1.73931018234619,14,TRUE
"LTU_GEO",-0.140810544683015,4,TRUE
"LTU_GRD",0.54429415091578,6,TRUE
"LTU_GRL",2.19413963681144,14,TRUE
"LTU_GTM",0.832436086381979,5,TRUE
"LTU_HND",-1.22593584388192,5,TRUE
"LTU_HRV",1.55616253345655,14,TRUE
"LTU_HUN",0.335563632106891,18,TRUE
"LTU_ISL",3.52725869852816,22,TRUE
"LTU_ISR",0.76222455186348,14,TRUE
"LTU_JAM",-1.79926732714871,10,TRUE
"LTU_JOR",1.23078501746289,14,TRUE
"LTU_KNA",1.75739150141931,9,TRUE
"LTU_KOR",0.793276686999231,7,TRUE
"LTU_LBN",0.666685040495068,14,TRUE
"LTU_MAR",1.7153200477776,14,TRUE
"LTU_MDA",-0.710345791356603,4,TRUE
"LTU_MDG",2.11140767076562,6,TRUE
"LTU_MEX",-0.572604565118821,14,TRUE
"LTU_MKD",-0.182832118215928,14,TRUE
"LTU_MLT",1.46017189589129,14,TRUE
"LTU_MUS",1.69689296318322,6,TRUE
"LTU_NCL",-0.94964987102657,14,TRUE
"LTU_NIC",0.0931843920086718,5,TRUE
"LTU_PAN",-0.126805040964921,5,TRUE
"LTU_PER",-0.64748626400801,5,TRUE
"LTU_PNG",-1.87530034396335,9,TRUE
"LTU_POL",0.588246101721671,20,TRUE
"LTU_PYF",1.11304726576273,14,TRUE
"LTU_ROU",1.28816489906616,14,TRUE
"LTU_SLV",-2.10522827904744,5,TRUE
"LTU_SRB",1.19361854349525,8,TRUE
"LTU_SUR",0.482762170355733,8,TRUE
"LTU_SVN",1.63054276289023,21,TRUE
"LTU_SYC",-1.22004127271676,6,TRUE
"LTU_SYR",0.982548142930527,14,TRUE
"LTU_TTO",0.47725985010023,10,TRUE
"LTU_TUN",0.338988431298598,14,TRUE
"LTU_TUR",0.312356404621931,20,TRUE
"LTU_UKR",0.0925759186321369,4,TRUE
"LTU_VCT",-3.83340002287607,10,TRUE
"LTU_VGB",-2.95021722295204,10,TRUE
"LTU_ZAF",1.69765360292624,14,TRUE
"LTU_ZWE",2.39631874580253,6,TRUE
"LUX_ALB",-1.7470326580317,12,TRUE
"LUX_ATG",-0.0578018669842422,9,TRUE
"LUX_BHS",-2.87376354351318,10,TRUE
"LUX_BIH",-0.930942560968698,10,TRUE
"LUX_BLZ",-1.35351999000603,5,TRUE
"LUX_BRB",-1.74572277141985,10,TRUE
"LUX_CHL",1.63255551162337,15,TRUE
"LUX_CMR",-1.42082236969344,4,TRUE
"LUX_COL",-0.322717807859934,5,TRUE
"LUX_CRI",0.79487326884677,5,TRUE
"LUX_DOM",-1.19765098501555,10,TRUE
"LUX_FJI",-0.928860434079131,9,TRUE
"LUX_GEO",-1.49146485643157,4,TRUE
"LUX_GRD",-2.6524466293748,8,TRUE
"LUX_GTM",1.70796373173652,5,TRUE
"LUX_GUY",-2.01664362827891,10,TRUE
"LUX_HND",-0.815803149977411,5,TRUE
"LUX_JAM",-3.22141906060511,10,TRUE
"LUX_KOR",-0.542625772483903,7,TRUE
"LUX_LCA",-3.61904887993326,5,TRUE
"LUX_MDA",0.116275144468115,4,TRUE
"LUX_MDG",-0.615064870342814,6,TRUE
"LUX_MUS",0.242079214771741,6,TRUE
"LUX_NIC",-1.21499189082565,5,TRUE
"LUX_PAN",-0.735912632465662,5,TRUE
"LUX_PER",-0.27253176914081,5,TRUE
"LUX_PNG",-2.72723123282513,6,TRUE
"LUX_SLV",-2.16916047118804,5,TRUE
"LUX_SRB",0.428556779606383,8,TRUE
"LUX_SUR",-1.84389256157897,10,TRUE
"LUX_SYC",-1.64088581797536,6,TRUE
"LUX_TTO",-0.288783466524692,9,TRUE
"LUX_UKR",0.163170128068866,4,TRUE
"LUX_VCT",-2.28110811807778,10,TRUE
"LUX_VGB",-3.18473575176726,7,TRUE
"LUX_ZWE",-3.09114734668067,6,TRUE
"LVA_ALB",0.96920380944555,12,TRUE
"LVA_AND",3.91158373496664,14,TRUE
"LVA_ANT",2.8100372768049,5,TRUE
"LVA_ATG",-1.21142021502803,10,TRUE
"LVA_BGR",1.59153502972048,15,TRUE
"LVA_BHS",-2.21043518441163,10,TRUE
"LVA_BIH",1.32690654306991,10,TRUE
"LVA_BLZ",-0.112910197279276,10,TRUE
"LVA_BMU",-1.35494041377808,13,TRUE
"LVA_BRB",-0.486378996756795,10,TRUE
"LVA_CHL",-0.52365154557198,14,TRUE
"LVA_CMR",-0.585668971924677,4,TRUE
"LVA_COL",-1.88180866600213,5,TRUE
"LVA_CRI",-1.10962063508095,5,TRUE
"LVA_CYM",-0.432227408848722,13,TRUE
"LVA_CYP",2.11385345661121,14,TRUE
"LVA_CZE",0.51517554857354,21,TRUE
"LVA_DMA",-2.92995708061962,10,TRUE
"LVA_DOM",0.165146483151893,10,TRUE
"LVA_DZA",0.625550632102987,14,TRUE
"LVA_EGY",0.186024408219106,14,TRUE
"LVA_FJI",-4.21371606853309,5,TRUE
"LVA_FRO",1.27471198953422,14,TRUE
"LVA_GEO",0.00817643086769992,4,TRUE
"LVA_GRD",-0.572968323689021,5,TRUE
"LVA_GRL",1.22838644036029,12,TRUE
"LVA_GTM",-0.0865710656431314,5,TRUE
"LVA_HND",0.653085662594084,5,TRUE
"LVA_HRV",0.856801720099067,14,TRUE
"LVA_HUN",0.493396752125655,18,TRUE
"LVA_ISL",2.48152600962294,22,TRUE
"LVA_ISR",2.17043851214444,14,TRUE
"LVA_JAM",0.366223585122605,10,TRUE
"LVA_JOR",1.02894710729912,14,TRUE
"LVA_KNA",-2.03917342291268,10,TRUE
"LVA_KOR",0.812991351242507,7,TRUE
"LVA_LBN",-0.14825579291088,14,TRUE
"LVA_MAR",2.67954918955946,14,TRUE
"LVA_MDA",-0.167977317934847,4,TRUE
"LVA_MDG",0.982048661359305,6,TRUE
"LVA_MEX",0.808866823600426,14,TRUE
"LVA_MKD",1.06276468135252,14,TRUE
"LVA_MLT",2.4755923941966,14,TRUE
"LVA_MUS",-0.359154453581034,6,TRUE
"LVA_NCL",-0.452097690992384,14,TRUE
"LVA_NIC",-2.52382463083672,5,TRUE
"LVA_PAN",-0.992300931274179,5,TRUE
"LVA_PER",-2.15206047276368,5,TRUE
"LVA_POL",0.945915858471111,19,TRUE
"LVA_PYF",3.0007109784242,14,TRUE
"LVA_ROU",2.62202325747924,14,TRUE
"LVA_SLV",-1.43353444476143,5,TRUE
"LVA_SRB",1.62247296141006,8,TRUE
"LVA_SYC",0.0230360649364438,6,TRUE
"LVA_SYR",2.10918924200591,12,TRUE
"LVA_TTO",-1.52849395476001,10,TRUE
"LVA_TUN",3.24321884525013,14,TRUE
"LVA_TUR",1.01037929471992,18,TRUE
"LVA_UKR",-0.516819313017165,4,TRUE
"LVA_VCT",-2.99630409416669,10,TRUE
"LVA_VGB",0.138594726600974,11,TRUE
"LVA_ZAF",-0.149316209466886,14,TRUE
"LVA_ZWE",1.51563477095521,6,TRUE
"MAC_CHN",-0.572049708044023,15,TRUE
"MAR_ARE",1.41109956272163,20,TRUE
"MAR_ARG",1.74288497800842,21,TRUE
"MAR_AUT",0.69954255933072,23,TRUE
"MAR_BEN",1.33407162792207,21,TRUE
"MAR_BGD",-0.0831747535865826,20,TRUE
"MAR_BGR",0.00934176216085806,11,TRUE
"MAR_BHR",1.34149087884855,20,TRUE
"MAR_BOL",0.169927794824415,20,TRUE
"MAR_BRA",0.961877547505322,21,TRUE
"MAR_CHE",-0.223778552461798,19,TRUE
"MAR_CHL",0.708185571348063,21,TRUE
"MAR_CMR",0.77912837041807,21,TRUE
"MAR_COL",2.0763588575234,21,TRUE
"MAR_CYP",-1.13601795153045,14,TRUE
"MAR_CZE",0.332960017784799,14,TRUE
"MAR_ECU",0.143643989338241,21,TRUE
"MAR_EST",0.56808932043687,14,TRUE
"MAR_FIN",-1.00140544724042,23,TRUE
"MAR_GIN",0.436596388152526,21,TRUE
"MAR_HRV",-0.495310822848784,5,TRUE
"MAR_HUN",-0.241127141910116,14,TRUE
"MAR_IDN",-0.963513183952796,21,TRUE
"MAR_IND",-1.03079154201979,21,TRUE
"MAR_IRN",-2.74204185478676,21,TRUE
"MAR_IRQ",-0.502893570403046,21,TRUE
"MAR_ISL",0.300253465218036,19,TRUE
"MAR_JOR",-0.0195191194071631,20,TRUE
"MAR_KOR",0.946859510487679,21,TRUE
"MAR_KWT",0.456217366213822,20,TRUE
"MAR_LBN",1.24897253234667,20,TRUE
"MAR_LBY",-0.870961399651359,21,TRUE
"MAR_LKA",-0.090311745192145,21,TRUE
"MAR_LTU",0.683246355640713,14,TRUE
"MAR_LVA",1.90034300671922,14,TRUE
"MAR_MEX",-1.0121380433702,21,TRUE
"MAR_MLT",1.08692175861095,14,TRUE
"MAR_MMR",-2.33616145311087,8,TRUE
"MAR_MYS",0.786562215339177,21,TRUE
"MAR_NGA",0.32407102487365,21,TRUE
"MAR_NOR",-0.631351801986489,19,TRUE
"MAR_OMN",2.21426154238557,20,TRUE
"MAR_PAK",1.82346082703809,21,TRUE
"MAR_PER",0.784111780319058,21,TRUE
"MAR_PHL",1.78148887150289,21,TRUE
"MAR_POL",0.276271411353276,14,TRUE
"MAR_QAT",1.80065251549345,20,TRUE
"MAR_ROU",0.338303947990375,21,TRUE
"MAR_SAU",-0.689458102502229,20,TRUE
"MAR_SDN",-2.26207217438248,21,TRUE
"MAR_SGP",1.60319919227727,21,TRUE
"MAR_SVK",0.84021929377788,14,TRUE
"MAR_SVN",0.9692141152307,14,TRUE
"MAR_SWE",-0.904980290710766,23,TRUE
"MAR_SYR",0.883916369068314,20,TRUE
"MAR_THA",2.12105033160962,21,TRUE
"MAR_TTO",-1.60199655256628,21,TRUE
"MAR_TUN",-0.0592487894827312,21,TRUE
"MAR_TUR",0.576803932006467,12,TRUE
"MAR_USA",0.519728469076433,12,TRUE
"MAR_VEN",0.18758861327924,19,TRUE
"MAR_YEM",1.29274353721125,20,TRUE
"MAR_ZWE",1.35375542416783,21,TRUE
"MDA_ALB",-1.42452444287145,14,TRUE
"MDA_AUT",0.5468955921438,4,TRUE
"MDA_BEL",0.198497028378533,4,TRUE
"MDA_BIH",0.784132343202825,14,TRUE
"MDA_BLR",-0.441255366299968,6,TRUE
"MDA_CYP",0.606358922993254,4,TRUE
"MDA_CZE",0.696306376855955,4,TRUE
"MDA_DEU",0.391601554154518,4,TRUE
"MDA_DNK",0.375681997027775,4,TRUE
"MDA_ESP",0.712331830951645,4,TRUE
"MDA_EST",-0.298912244823036,4,TRUE
"MDA_FIN",-0.0784567324552061,4,TRUE
"MDA_FRA",0.414507712748708,4,TRUE
"MDA_GBR",0.454287342600234,4,TRUE
"MDA_GEO",0.507561128532547,15,TRUE
"MDA_GRC",0.815779102208124,4,TRUE
"MDA_HRV",1.14263680572799,14,TRUE
"MDA_HUN",-0.757888558564443,4,TRUE
"MDA_IRL",0.541600330657666,4,TRUE
"MDA_ITA",0.401128011681596,4,TRUE
"MDA_LTU",-0.588896005102645,4,TRUE
"MDA_LUX",0.125621121231854,4,TRUE
"MDA_LVA",-0.127471265392843,4,TRUE
"MDA_MKD",0.473693010616467,14,TRUE
"MDA_MLT",0.501157942977729,4,TRUE
"MDA_NLD",0.570194117279701,4,TRUE
"MDA_POL",0.167467792268119,4,TRUE
"MDA_PRT",-0.313665612988223,4,TRUE
"MDA_SVK",-0.161926412158089,4,TRUE
"MDA_SVN",-0.845902171687036,4,TRUE
"MDA_SWE",-1.1762382998541,4,TRUE
"MDA_UKR",-1.23487477958128,15,TRUE
"MDG_AUT",-0.987097153978568,6,TRUE
"MDG_BDI",1.30225046954282,13,TRUE
"MDG_BEL",0.136252829825099,6,TRUE
"MDG_BGR",-3.29778252963624,6,TRUE
"MDG_COM",-1.19983871306059,24,TRUE
"MDG_CYP",-1.26435510311292,6,TRUE
"MDG_CZE",-0.536070605148588,6,TRUE
"MDG_DEU",-0.0549042833370896,6,TRUE
"MDG_DJI",-1.55725537818195,24,TRUE
"MDG_DNK",-1.68195064761202,6,TRUE
"MDG_EGY",1.23698338155506,19,TRUE
"MDG_ESP",-0.241503166422648,6,TRUE
"MDG_EST",0.578729415077266,6,TRUE
"MDG_FIN",0.971172203452992,6,TRUE
"MDG_FRA",-0.755014355226833,6,TRUE
"MDG_GBR",-0.95176284687423,6,TRUE
"MDG_GRC",-1.75367021107361,6,TRUE
"MDG_HRV",-2.9521316055703,5,TRUE
"MDG_HUN",-2.75809147309744,6,TRUE
"MDG_IRL",-0.888211290060469,6,TRUE
"MDG_ITA",-1.24077200683659,6,TRUE
"MDG_KEN",-0.651992605394026,24,TRUE
"MDG_LBY",-3.72984293606126,7,TRUE
"MDG_LTU",-0.0750286326799833,6,TRUE
"MDG_LUX",-0.668359552833033,6,TRUE
"MDG_LVA",-1.4585119401852,6,TRUE
"MDG_MLT",-3.27228924193758,5,TRUE
"MDG_MUS",-0.421233783000529,24,TRUE
"MDG_NLD",-0.252016438000126,6,TRUE
"MDG_POL",-1.3797820986974,6,TRUE
"MDG_PRT",-0.387048393377206,6,TRUE
"MDG_ROU",0.84958134603234,6,TRUE
"MDG_SVK",-0.47215028413109,6,TRUE
"MDG_SVN",0.688751373333048,6,TRUE
"MDG_SWE",1.10735051863878,6,TRUE
"MDG_SYC",0.704587248868343,17,TRUE
"MDV_IND",0.563670337090442,23,TRUE
"MDV_LKA",0.246812213358893,23,TRUE
"MDV_PAK",1.32085959059788,20,TRUE
"MEX_AUT",0.205518548266476,18,TRUE
"MEX_BGR",-0.429042370676771,11,TRUE
"MEX_CAN",0.661134627057325,24,TRUE
"MEX_CHE",-0.495320348358482,17,TRUE
"MEX_CRI",0.114330162382618,23,TRUE
"MEX_CYP",-0.868685490300388,14,TRUE
"MEX_CZE",0.764983831676372,14,TRUE
"MEX_DEU",0.526206768691542,18,TRUE
"MEX_DNK",1.0007870771324,18,TRUE
"MEX_ESP",-0.342154186791688,18,TRUE
"MEX_EST",0.818838150033429,14,TRUE
"MEX_FIN",0.692679434629363,18,TRUE
"MEX_FRA",-0.471883915791707,18,TRUE
"MEX_GBR",-0.0121360162122998,18,TRUE
"MEX_GRC",-0.986307828336407,18,TRUE
"MEX_GTM",-0.431550037477496,17,TRUE
"MEX_HND",-0.141889343104855,17,TRUE
"MEX_HRV",-0.770370438226622,5,TRUE
"MEX_HUN",-0.268484794801259,14,TRUE
"MEX_IRL",-0.586413475833786,18,TRUE
"MEX_ISL",-0.115330260768265,17,TRUE
"MEX_ITA",0.185334890083198,18,TRUE
"MEX_JPN",-0.234267646875752,13,TRUE
"MEX_LTU",0.694097222854769,14,TRUE
"MEX_LVA",0.712896055561355,14,TRUE
"MEX_MAR",-0.49145813918269,21,TRUE
"MEX_MLT",-0.432496218638121,14,TRUE
"MEX_MMR",-1.63193640174675,20,TRUE
"MEX_NLD",-0.0101593449572255,18,TRUE
"MEX_NOR",-0.376538718076447,17,TRUE
"MEX_PAN",0.0539721097688515,6,TRUE
"MEX_POL",0.390126677587837,14,TRUE
"MEX_PRT",-0.825245840010782,18,TRUE
"MEX_SLV",-0.356782110780185,17,TRUE
"MEX_SVK",0.299823908032114,14,TRUE
"MEX_SVN",0.343732474947594,14,TRUE
"MEX_SWE",-0.13989879718225,18,TRUE
"MEX_USA",0.585646982352358,24,TRUE
"MKD_ALB",0.668339884080489,16,TRUE
"MKD_AUT",1.51383335071392,17,TRUE
"MKD_BGR",0.525409039464317,18,TRUE
"MKD_BIH",0.711859345289172,16,TRUE
"MKD_CHE",-0.0166139187295253,16,TRUE
"MKD_CYP",-1.68546936085781,14,TRUE
"MKD_CZE",1.94333931947567,14,TRUE
"MKD_DEU",1.22599952247805,17,TRUE
"MKD_DNK",-0.12544852779604,17,TRUE
"MKD_ESP",1.69228078959175,17,TRUE
"MKD_EST",1.48785274134082,14,TRUE
"MKD_FIN",0.964790617408607,17,TRUE
"MKD_FRA",0.233975374083782,17,TRUE
"MKD_GBR",0.796408290489796,17,TRUE
"MKD_GRC",1.56064981922265,17,TRUE
"MKD_HRV",1.18813662998521,21,TRUE
"MKD_HUN",0.780301468967389,14,TRUE
"MKD_IRL",-0.330850402615992,17,TRUE
"MKD_ISL",1.99464349675459,16,TRUE
"MKD_ITA",0.583854426937237,17,TRUE
"MKD_LTU",2.08291614803967,14,TRUE
"MKD_LVA",3.20447634160427,14,TRUE
"MKD_MDA",0.0707188972736722,14,TRUE
"MKD_MLT",0.6122779957223,14,TRUE
"MKD_NLD",0.138025359467801,17,TRUE
"MKD_NOR",2.17238219811795,16,TRUE
"MKD_POL",1.30349526492096,14,TRUE
"MKD_PRT",3.30155000804249,17,TRUE
"MKD_ROU",1.87661451916268,14,TRUE
"MKD_SVK",2.24986670902079,14,TRUE
"MKD_SVN",-0.158163836305853,22,TRUE
"MKD_SWE",0.991742947141847,17,TRUE
"MKD_TUR",0.170954556047043,18,TRUE
"MKD_UKR",-0.386238560470357,17,TRUE
"MLT_ALB",0.761749851615478,12,TRUE
"MLT_AND",0.113078749638343,13,TRUE
"MLT_ATG",1.29042784394627,8,TRUE
"MLT_AUT",2.80588304257102,23,TRUE
"MLT_BGR",4.30674727909539,14,TRUE
"MLT_BHS",-3.56549360992754,10,TRUE
"MLT_BIH",0.394270904895351,10,TRUE
"MLT_BMU",-6.30889083119346,8,TRUE
"MLT_BRB",-1.37039497444283,10,TRUE
"MLT_CHE",0.364391448168898,14,TRUE
"MLT_CHL",1.18138977454294,14,TRUE
"MLT_CMR",0.488058370975872,4,TRUE
"MLT_COL",-1.43835537471758,5,TRUE
"MLT_CRI",-1.03162337303803,5,TRUE
"MLT_CYP",1.62974772127502,14,TRUE
"MLT_CZE",1.13731292172111,14,TRUE
"MLT_DOM",0.162091686915854,10,TRUE
"MLT_DZA",1.26442102013736,14,TRUE
"MLT_EGY",2.79473211658483,14,TRUE
"MLT_EST",1.99554131096846,14,TRUE
"MLT_FIN",0.121120385722104,23,TRUE
"MLT_FJI",0.854586285124814,9,TRUE
"MLT_FRO",0.406917428067235,6,TRUE
"MLT_GEO",0.0752234767977645,4,TRUE
"MLT_GRD",-2.61318188477916,4,TRUE
"MLT_GRL",-2.51133371821973,10,TRUE
"MLT_GTM",-1.30580682696069,5,TRUE
"MLT_GUY",0.708113259754584,10,TRUE
"MLT_HND",1.6596061658246,5,TRUE
"MLT_HRV",0.907171634536342,14,TRUE
"MLT_HUN",0.817907757597755,14,TRUE
"MLT_ISL",2.18240777304262,14,TRUE
"MLT_ISR",0.445053483131835,14,TRUE
"MLT_JAM",0.37623913630921,10,TRUE
"MLT_JOR",0.562915543393896,14,TRUE
"MLT_KOR",0.514132683978794,7,TRUE
"MLT_LBN",0.213424114417474,14,TRUE
"MLT_LCA",-3.52417272056214,3,FALSE
"MLT_LTU",2.58680430772061,14,TRUE
"MLT_LVA",2.48463191503471,14,TRUE
"MLT_MAR",0.873515103917,14,TRUE
"MLT_MDA",-1.18539368132041,4,TRUE
"MLT_MDG",0.207773819428084,6,TRUE
"MLT_MEX",-0.768033973670283,14,TRUE
"MLT_MKD",-0.867854197738556,14,TRUE
"MLT_MUS",3.0456612564177,6,TRUE
"MLT_NCL",-0.571498596951197,13,TRUE
"MLT_NIC",0.119467064474447,5,TRUE
"MLT_NOR",-0.561658301611249,14,TRUE
"MLT_PAN",0.445316435000854,5,TRUE
"MLT_PER",0.913106193698323,5,TRUE
"MLT_PNG",-1.76814106932264,3,FALSE
"MLT_POL",1.28583950355834,14,TRUE
"MLT_PYF",1.9321507483463,14,TRUE
"MLT_ROU",2.91384840250533,14,TRUE
"MLT_SLV",-0.198697250942307,5,TRUE
"MLT_SRB",1.29439755685421,8,TRUE
"MLT_SUR",-0.761331949831419,8,TRUE
"MLT_SVK",1.23416394965309,14,TRUE
"MLT_SVN",0.905107454281414,14,TRUE
"MLT_SWE",1.04293748772532,23,TRUE
"MLT_SYC",1.49897023932341,6,TRUE
"MLT_SYR",4.21159666847738,12,TRUE
"MLT_TTO",-0.103209916234569,10,TRUE
"MLT_TUN",2.15047813321261,14,TRUE
"MLT_TUR",0.423797212719029,14,TRUE
"MLT_UKR",-0.2215487401449,4,TRUE
"MLT_VCT",-1.26767068086787,7,TRUE
"MLT_ZAF",0.433779427439701,14,TRUE
"MLT_ZWE",1.06928919924084,6,TRUE
"MMR_AUS",-0.402685561016005,8,TRUE
"MMR_BGD",0.853542596670347,20,TRUE
"MMR_BRN",1.64615969742542,18,TRUE
"MMR_CHL",1.30574368666616,21,TRUE
"MMR_CHN",0.687639380629594,13,TRUE
"MMR_COL",1.59785546881933,21,TRUE
"MMR_EGY",-2.12222147393055,19,TRUE
"MMR_GIN",-3.44629521415129,12,TRUE
"MMR_IDN",-0.86040739817458,21,TRUE
"MMR_IND",-0.151242394363156,21,TRUE
"MMR_JPN",1.35063179961215,10,TRUE
"MMR_KOR",1.17161668060015,21,TRUE
"MMR_LKA",-1.06454214883016,21,TRUE
"MMR_MEX",1.97452156991879,21,TRUE
"MMR_MYS",0.474209405639775,21,TRUE
"MMR_NZL",-0.0692326814907189,8,TRUE
"MMR_PAK",-1.09248023203413,21,TRUE
"MMR_PER",-4.55701212649313,20,TRUE
"MMR_PHL",1.43814098505513,21,TRUE
"MMR_SGP",-1.55329985080311,21,TRUE
"MMR_THA",1.03888357851292,21,TRUE
"MMR_TUN",-1.72409590764012,19,TRUE
"MNE_CHE",1.02479713830338,6,TRUE
"MNE_ISL",-0.72642740901371,6,TRUE
"MNE_NOR",-0.966470536641705,6,TRUE
"MNE_TUR",2.48108746889852,8,TRUE
"MNE_UKR",1.02618090380117,5,TRUE
"MOZ_MAR",-3.90263481576211,19,TRUE
"MOZ_PHL",-4.30096755974748,25,TRUE
"MOZ_ZAF",-1.4013715193161,18,TRUE
"MSR_CZE",-0.58723723118305,14,TRUE
"MSR_HUN",-2.06521917473909,3,FALSE
"MSR_ROU",-2.13792792755072,3,FALSE
"MSR_SVN",-4.77788740577376,13,TRUE
"MUS_AUT",-0.161940003251852,6,TRUE
"MUS_BEL",-0.931890617397224,6,TRUE
"MUS_BGR",0.893313395801561,6,TRUE
"MUS_COM",1.13647925970397,24,TRUE
"MUS_CYP",-1.51610612118067,6,TRUE
"MUS_CZE",0.362127455730541,6,TRUE
"MUS_DEU",-0.831261990185604,6,TRUE
"MUS_DNK",0.183805936928187,6,TRUE
"MUS_EGY",1.07501968679449,19,TRUE
"MUS_ESP",0.352438143263519,6,TRUE
"MUS_EST",0.0993176883490977,6,TRUE
"MUS_FIN",1.55886665054633,6,TRUE
"MUS_FRA",-0.427818742333796,6,TRUE
"MUS_GBR",-1.27654242192714,6,TRUE
"MUS_GRC",2.21495230581857,6,TRUE
"MUS_HRV",-0.516311128215454,5,TRUE
"MUS_HUN",0.560124029770338,6,TRUE
"MUS_IRL",-0.230979330997099,6,TRUE
"MUS_ITA",0.314986274786597,6,TRUE
"MUS_KEN",1.80703927691713,24,TRUE
"MUS_LTU",-0.987999098695838,6,TRUE
"MUS_LUX",-1.91509690324301,6,TRUE
"MUS_LVA",0.392374990293525,6,TRUE
"MUS_MDG",1.98750855972006,24,TRUE
"MUS_MLT",-0.494307080039983,6,TRUE
"MUS_NLD",0.257354650147254,6,TRUE
"MUS_PAK",0.432184040312536,11,TRUE
"MUS_POL",-0.678612536123344,6,TRUE
"MUS_PRT",-0.945949247873362,6,TRUE
"MUS_ROU",0.247337912617252,6,TRUE
"MUS_SVK",0.548441853365579,6,TRUE
"MUS_SVN",0.368651688015082,6,TRUE
"MUS_SWE",0.352800128510422,6,TRUE
"MUS_SYC",1.78084387360469,18,TRUE
"MUS_TUR",-0.788543347587864,5,TRUE
"MUS_ZAF",1.88348100716282,18,TRUE
"MUS_ZWE",2.91974850007277,24,TRUE
"MWI_BDI",-2.37742936204294,21,TRUE
"MWI_BWA",-2.05832311464628,18,TRUE
"MWI_COD",-0.291036364820725,22,TRUE
"MWI_EGY",1.42470355029689,18,TRUE
"MWI_KEN",2.00366927412854,24,TRUE
"MWI_MUS",0.375565212593879,24,TRUE
"MWI_RWA",-0.776899379116423,21,TRUE
"MWI_SYC",-0.9353855396181,15,TRUE
"MWI_TZA",1.37134580788333,24,TRUE
"MWI_ZAF",-2.20095048199211,18,TRUE
"MWI_ZMB",1.67164026579712,24,TRUE
"MWI_ZWE",2.40510240995418,24,TRUE
"MYS_AUS",0.368650173684605,8,TRUE
"MYS_BRN",0.410403504405748,26,TRUE
"MYS_CHN",0.440145327610768,13,TRUE
"MYS_COL",0.789924143538206,21,TRUE
"MYS_IRN",0.559434075998998,26,TRUE
"MYS_JPN",0.345083944349554,12,TRUE
"MYS_KHM",-0.530240418058047,19,TRUE
"MYS_LAO",1.74448516093711,21,TRUE
"MYS_MAR",0.322027278558416,21,TRUE
"MYS_MMR",0.0830995654760012,21,TRUE
"MYS_NZL",0.440613153929434,8,TRUE
"MYS_PHL",-0.599557548328495,26,TRUE
"MYS_TUR",0.32095194759892,3,FALSE
"MYS_VEN",0.0110128770318342,19,TRUE
"NAM_BWA",-0.60481092515014,18,TRUE
"NAM_CHE",-0.0776827762256877,10,TRUE
"NAM_ISL",-3.11932483790202,10,TRUE
"NAM_NOR",0.925608872826613,10,TRUE
"NCL_CZE",-0.272212223505366,14,TRUE
"NCL_HRV",0.984133701546686,3,FALSE
"NCL_POL",-1.70486695783967,14,TRUE
"NCL_SVK",0.485248979324894,13,TRUE
"NCL_SVN",-2.64526417257917,14,TRUE
"NGA_CMR",4.31687552220077,25,TRUE
"NGA_COL",-0.0115155810393874,20,TRUE
"NGA_MAR",-1.06071006188548,21,TRUE
"NGA_VEN",-2.2862773916802,16,TRUE
"NIC_AUT",-2.14931748323149,5,TRUE
"NIC_BEL",0.178435569554353,5,TRUE
"NIC_BGR",0.748287927985811,5,TRUE
"NIC_COL",0.0284649517033968,21,TRUE
"NIC_CYP",0.377276797587477,5,TRUE
"NIC_CZE",-0.721525194730182,5,TRUE
"NIC_DEU",-0.38102077929165,5,TRUE
"NIC_DNK",-0.912682324679559,5,TRUE
"NIC_DOM",0.714783197454042,16,TRUE
"NIC_ESP",-0.228931692512472,5,TRUE
"NIC_EST",-0.529067235091764,5,TRUE
"NIC_FIN",-0.625024705612882,5,TRUE
"NIC_FRA",0.150959947318759,5,TRUE
"NIC_GBR",0.717434318130317,5,TRUE
"NIC_GRC",-0.950835911797371,5,TRUE
"NIC_HRV",-2.86734131351525,5,TRUE
"NIC_HUN",-2.61231943777257,5,TRUE
"NIC_IRL",-0.824372409737995,5,TRUE
"NIC_ITA",0.46181375128503,5,TRUE
"NIC_LTU",0.517390154229323,5,TRUE
"NIC_LUX",-0.355183478349019,5,TRUE
"NIC_LVA",-2.79158738989663,5,TRUE
"NIC_MAR",-1.17414429291585,20,TRUE
"NIC_MLT",-3.36282994157383,5,TRUE
"NIC_NLD",0.183483445856316,5,TRUE
"NIC_PAN",1.01511534435305,9,TRUE
"NIC_POL",1.72757847943263,5,TRUE
"NIC_PRT",-0.23457203287483,5,TRUE
"NIC_SVK",0.581958461715657,5,TRUE
"NIC_SVN",-1.0269491601528,5,TRUE
"NIC_SWE",0.296785472059111,5,TRUE
"NIC_TWN",1.90648414953387,10,TRUE
"NIC_USA",0.77251437229008,12,TRUE
"NIC_VEN",2.07862990314758,19,TRUE
"NLD_ALB",-0.231243911100423,12,TRUE
"NLD_ATG",-0.200691135657214,10,TRUE
"NLD_BGR",1.10412354943897,24,TRUE
"NLD_BHS",-0.912609810942789,10,TRUE
"NLD_BIH",-0.698243750434323,10,TRUE
"NLD_BLZ",-0.568920890238583,10,TRUE
"NLD_BRB",0.0369910609269868,10,TRUE
"NLD_CHL",0.958627921282723,15,TRUE
"NLD_CMR",-0.449857426422458,4,TRUE
"NLD_COL",-0.939796747986107,5,TRUE
"NLD_CRI",-0.583901998947963,5,TRUE
"NLD_DMA",-0.191717806886234,10,TRUE
"NLD_DOM",0.00581144710695991,10,TRUE
"NLD_FJI",-0.638058362882735,9,TRUE
"NLD_FRO",-1.00014629235788,26,TRUE
"NLD_GEO",-0.0108491710190028,4,TRUE
"NLD_GRD",0.0920894283500657,10,TRUE
"NLD_GTM",-0.189566198004027,5,TRUE
"NLD_GUY",-0.486338839882612,10,TRUE
"NLD_HND",-1.07305768760419,5,TRUE
"NLD_HRV",0.565054355201296,16,TRUE
"NLD_HUN",1.3560591471379,26,TRUE
"NLD_JAM",-0.362097553634785,10,TRUE
"NLD_JOR",-0.939775339207958,16,TRUE
"NLD_KNA",-0.602630754792095,10,TRUE
"NLD_KOR",0.0965491474504438,7,TRUE
"NLD_LCA",-1.09002352898965,10,TRUE
"NLD_MDA",-0.0706882937372028,4,TRUE
"NLD_MDG",-0.595306571799112,6,TRUE
"NLD_MEX",-0.46957829935005,18,TRUE
"NLD_MKD",-0.818410771523981,17,TRUE
"NLD_MUS",-0.295649840091582,6,TRUE
"NLD_NIC",-0.540356412846305,5,TRUE
"NLD_PAN",0.6696154106617,5,TRUE
"NLD_PER",0.378215411177532,5,TRUE
"NLD_PNG",-0.3895534000656,9,TRUE
"NLD_POL",1.50455056505129,26,TRUE
"NLD_ROU",1.41733181630105,25,TRUE
"NLD_SLV",-0.589427439033986,5,TRUE
"NLD_SRB",0.22967778812656,8,TRUE
"NLD_SUR",-0.256703676770122,10,TRUE
"NLD_SYC",0.40316820012916,6,TRUE
"NLD_TTO",-0.45563235579783,10,TRUE
"NLD_UKR",-0.401036098849326,4,TRUE
"NLD_VCT",-0.941915213823604,10,TRUE
"NLD_VGB",0.397304145182182,11,TRUE
"NLD_ZAF",0.23377768808045,18,TRUE
"NLD_ZWE",-0.767711669088166,6,TRUE
"NOR_ALB",0.125506008310319,8,TRUE
"NOR_ARE",0.244024643967482,4,TRUE
"NOR_BHR",0.289341225263522,4,TRUE
"NOR_BIH",1.00071830202972,3,FALSE
"NOR_BWA",-3.46507091938556,10,TRUE
"NOR_CAN",-0.610243769676139,9,TRUE
"NOR_CHL",0.719154323229859,14,TRUE
"NOR_COL",-0.24117575718541,7,TRUE
"NOR_CRI",-0.258355847375407,4,TRUE
"NOR_CYP",0.901368249810965,14,TRUE
"NOR_EGY",1.11206075554204,11,TRUE
"NOR_FRO",0.0796108083846246,25,TRUE
"NOR_HKG",-1.3647033837174,6,TRUE
"NOR_HRV",0.0667977341932071,16,TRUE
"NOR_HUN",4.23289802871907,25,TRUE
"NOR_ISR",4.20549731196201,25,TRUE
"NOR_JOR",-0.398458720225824,16,TRUE
"NOR_KOR",0.966866591193666,12,TRUE
"NOR_KWT",0.538824906811456,4,TRUE
"NOR_LBN",-0.0745909961774937,11,TRUE
"NOR_LSO",1.64980323817094,10,TRUE
"NOR_MAR",0.206617326885858,19,TRUE
"NOR_MEX",-0.99423719950558,17,TRUE
"NOR_MKD",-0.17137832989923,16,TRUE
"NOR_MLT",-0.641601399012152,14,TRUE
"NOR_MNE",0.525267366102775,6,TRUE
"NOR_NAM",0.360860157730778,10,TRUE
"NOR_OMN",1.06763700890394,4,TRUE
"NOR_PAN",-1.20220487111105,4,TRUE
"NOR_PER",0.100847186534743,7,TRUE
"NOR_POL",6.46911521762575,25,TRUE
"NOR_QAT",-0.270626684732144,4,TRUE
"NOR_ROU",2.5397696976663,25,TRUE
"NOR_SAU",0.131268889118128,4,TRUE
"NOR_SGP",0.235094936077113,15,TRUE
"NOR_SRB",0.793351228137602,8,TRUE
"NOR_SWZ",0.618247999445144,9,TRUE
"NOR_TUN",-1.42288296631187,13,TRUE
"NOR_TUR",0.00176365962083603,26,TRUE
"NOR_UKR",0.629992770456385,6,TRUE
"NOR_ZAF",0.342355583048362,10,TRUE
"NPL_BGD",5.96665291457207,23,TRUE
"NPL_IND",2.04433216413553,23,TRUE
"NPL_LKA",-3.68090102078727,23,TRUE
"NPL_PAK",-0.790454296035912,23,TRUE
"NZL_BRN",0.814828292346843,12,TRUE
"NZL_CHL",0.638766879475206,12,TRUE
"NZL_CHN",0.592735134364743,10,TRUE
"NZL_HKG",-0.118104432583591,7,TRUE
"NZL_IDN",0.190948330230986,6,TRUE
"NZL_KHM",0.116640951761164,7,TRUE
"NZL_KOR",-0.230533829560301,3,FALSE
"NZL_LAO",-0.303529138402974,7,TRUE
"NZL_MMR",0.672694709034903,8,TRUE
"NZL_MYS",0.252473343986214,8,TRUE
"NZL_PHL",0.281335323388325,8,TRUE
"NZL_SGP",0.336703886175746,17,TRUE
"NZL_THA",0.335957240935601,13,TRUE
"NZL_TWN",0.0996595800920588,5,TRUE
"NZL_VNM",-0.0545289524276079,8,TRUE
"OMN_CHE",-1.02967673768126,4,TRUE
"OMN_DZA",2.02782803083529,8,TRUE
"OMN_EGY",2.34239097184736,20,TRUE
"OMN_IRQ",1.49605395900447,19,TRUE
"OMN_ISL",-1.17580690008024,4,TRUE
"OMN_JOR",0.901366492316048,20,TRUE
"OMN_LBN",0.996896190303958,20,TRUE
"OMN_LBY",0.45989158697212,19,TRUE
"OMN_MAR",3.12161485264297,20,TRUE
"OMN_NOR",0.115732359165584,4,TRUE
"OMN_SDN",0.43983281001283,19,TRUE
"OMN_SGP",-1.18922301714577,5,TRUE
"OMN_SYR",0.403521335738246,19,TRUE
"OMN_TUN",1.00002386065175,20,TRUE
"OMN_USA",0.341268630643675,9,TRUE
"OMN_YEM",-1.54747396876432,20,TRUE
"PAK_BTN",-2.99397148196215,16,TRUE
"PAK_CHN",-0.36063835773307,11,TRUE
"PAK_CMR",-1.00208031494487,26,TRUE
"PAK_COL",1.20004206877316,21,TRUE
"PAK_MAR",0.591601601716326,21,TRUE
"PAK_MDV",3.28438041967624,23,TRUE
"PAK_MMR",1.98358060078216,21,TRUE
"PAK_MUS",-0.728988233145671,11,TRUE
"PAK_NPL",1.32975725539159,23,TRUE
"PAK_VEN",1.05458966993088,19,TRUE
"PAN_ARG",-1.60363348964455,6,TRUE
"PAN_AUT",-1.90408287998373,5,TRUE
"PAN_BEL",-0.792246316938865,5,TRUE
"PAN_BGR",-2.20633245415111,5,TRUE
"PAN_BOL",-1.2851384655187,6,TRUE
"PAN_BRA",-2.17255925571806,6,TRUE
"PAN_CAN",-1.87756362568254,5,TRUE
"PAN_CHE",-0.670294922693007,4,TRUE
"PAN_CHL",2.72801864882678,10,TRUE
"PAN_COL",-1.27864845422845,6,TRUE
"PAN_CRI",0.424337821051742,10,TRUE
"PAN_CUB",0.938170361060603,4,TRUE
"PAN_CYP",4.89145024855796,5,TRUE
"PAN_CZE",-2.72042359607943,5,TRUE
"PAN_DEU",-1.65128333651639,5,TRUE
"PAN_DNK",0.00871550402189039,5,TRUE
"PAN_ECU",0.390932296640785,6,TRUE
"PAN_ESP",-0.688834085154561,5,TRUE
"PAN_EST",-2.83263236731338,5,TRUE
"PAN_FIN",-1.38615094223251,5,TRUE
"PAN_FRA",-0.966471803241474,5,TRUE
"PAN_GBR",0.253171776340473,5,TRUE
"PAN_GRC",-1.97767186785376,5,TRUE
"PAN_GTM",0.212668786991977,9,TRUE
"PAN_HND",-1.85262577627791,9,TRUE
"PAN_HRV",-3.76362134712677,5,TRUE
"PAN_HUN",-1.610712699738,5,TRUE
"PAN_IRL",-0.319015619034944,5,TRUE
"PAN_ISL",-3.16704347202853,4,TRUE
"PAN_ITA",-1.0801043785664,5,TRUE
"PAN_LTU",-5.80199165745352,5,TRUE
"PAN_LUX",0.630932425797777,5,TRUE
"PAN_LVA",-2.89115343550418,5,TRUE
"PAN_MEX",-2.3190209812913,6,TRUE
"PAN_MLT",-2.69755157365732,5,TRUE
"PAN_NIC",-1.70165327811177,9,TRUE
"PAN_NLD",1.81943193961457,5,TRUE
"PAN_NOR",-0.613536203247132,4,TRUE
"PAN_PER",-0.928586852898365,6,TRUE
"PAN_POL",-2.06199694541386,5,TRUE
"PAN_PRT",-0.409798967861534,5,TRUE
"PAN_PRY",1.59762968119734,6,TRUE
"PAN_ROU",-3.98543606047413,5,TRUE
"PAN_SGP",-2.71190409105953,12,TRUE
"PAN_SLV",-0.876993966365636,15,TRUE
"PAN_SVK",-0.901385031113513,5,TRUE
"PAN_SVN",-1.61463254871367,5,TRUE
"PAN_SWE",-2.15605633936909,5,TRUE
"PAN_TWN",1.20171633720161,14,TRUE
"PAN_URY",-0.679957739473899,6,TRUE
"PAN_USA",0.853835975466063,6,TRUE
"PAN_VEN",-0.779161397364554,6,TRUE
"PCN_CZE",0.626239528980405,11,TRUE
"PCN_SVK",1.7657730081726,14,TRUE
"PCN_SWE",-1.08691002648115,8,TRUE
"PER_AUT",0.653511741191392,5,TRUE
"PER_BEL",-0.241584473126399,5,TRUE
"PER_BGR",-1.76820528738145,5,TRUE
"PER_CAN",0.499512197381967,9,TRUE
"PER_CHE",1.40439933896516,7,TRUE
"PER_CHN",0.0632041955430183,8,TRUE
"PER_CRI",0.0447299277356539,5,TRUE
"PER_CYP",-0.892301494261805,5,TRUE
"PER_CZE",-1.56790228318899,5,TRUE
"PER_DEU",-0.396046410392532,5,TRUE
"PER_DNK",-0.0745669889502006,5,TRUE
"PER_ESP",0.275028992333823,5,TRUE
"PER_EST",-0.436605252828172,5,TRUE
"PER_FIN",-0.676543014972585,5,TRUE
"PER_FRA",-0.0795646448014962,5,TRUE
"PER_GBR",-0.945956692906548,5,TRUE
"PER_GRC",-1.48228183549105,5,TRUE
"PER_HRV",-2.97579582505417,5,TRUE
"PER_HUN",-2.75523415092186,5,TRUE
"PER_IRL",-0.00836510109059461,5,TRUE
"PER_ISL",2.27343918757826,7,TRUE
"PER_ITA",-0.469413626175112,5,TRUE
"PER_JPN",-0.0193543519778592,6,TRUE
"PER_LTU",-0.14764047527373,5,TRUE
"PER_LUX",-0.402209618626223,5,TRUE
"PER_LVA",0.12259154481059,5,TRUE
"PER_MAR",-0.0399992567960603,21,TRUE
"PER_MLT",0.951338529915509,5,TRUE
"PER_NLD",0.529276474526871,5,TRUE
"PER_NOR",0.0561432077151863,7,TRUE
"PER_PAN",0.568994092560433,6,TRUE
"PER_POL",-1.06871344859188,5,TRUE
"PER_PRT",-0.287266582424983,5,TRUE
"PER_SVK",-1.71199650844772,5,TRUE
"PER_SVN",-0.949443290135233,5,TRUE
"PER_SWE",-0.591477937788029,5,TRUE
"PER_USA",-0.0260935230379277,9,TRUE
"PHL_ARG",2.73742665289639,26,TRUE
"PHL_AUS",-0.0447596807558376,8,TRUE
"PHL_BRN",2.11182217227364,26,TRUE
"PHL_CHN",0.816792243242865,13,TRUE
"PHL_COL",0.25772163043514,21,TRUE
"PHL_IDN",-0.347397586802827,26,TRUE
"PHL_IND",0.882228994652462,26,TRUE
"PHL_JPN",0.306671079722796,10,TRUE
"PHL_MAR",1.90242481904618,21,TRUE
"PHL_MOZ",-2.21339236377297,25,TRUE
"PHL_MYS",0.0530966940432029,26,TRUE
"PHL_NZL",0.211244687021016,8,TRUE
"PHL_SGP",0.306704953537151,26,TRUE
"PHL_THA",-0.0280135012282357,26,TRUE
"PHL_VEN",0.13469101325732,19,TRUE
"PNG_AUT",-1.09702716731441,9,TRUE
"PNG_BEL",-0.0491350145588433,9,TRUE
"PNG_BGR",-2.62322693189748,6,TRUE
"PNG_CZE",-2.52930811405104,9,TRUE
"PNG_DEU",-0.85588976710344,9,TRUE
"PNG_DNK",-1.45246400187942,9,TRUE
"PNG_ESP",1.02542766708044,9,TRUE
"PNG_EST",-2.87943349277279,8,TRUE
"PNG_FIN",-4.2284362254809,9,TRUE
"PNG_FRA",-0.083462186882353,9,TRUE
"PNG_GBR",-0.766431578657709,9,TRUE
"PNG_GRC",-4.55363615217491,7,TRUE
"PNG_HRV",1.26613445836813,5,TRUE
"PNG_HUN",-8.0328770349062,8,TRUE
"PNG_IRL",-2.86696944039851,9,TRUE
"PNG_ITA",-0.0372375359010265,9,TRUE
"PNG_LUX",5.16127029134116,6,TRUE
"PNG_MLT",-0.795190389257647,7,TRUE
"PNG_NLD",0.670001752433164,9,TRUE
"PNG_POL",-3.96410626422618,9,TRUE
"PNG_PRT",-0.610403878088038,9,TRUE
"PNG_ROU",-1.67948536187474,3,FALSE
"PNG_SVK",-5.3233838487399,9,TRUE
"PNG_SVN",-3.07919765989574,9,TRUE
"PNG_SWE",-2.62488396510293,9,TRUE
"POL_ALB",1.44201601045548,12,TRUE
"POL_AND",0.879377169850744,14,TRUE
"POL_ANT",-1.24996418116466,5,TRUE
"POL_ATG",0.513433924456961,10,TRUE
"POL_AUT",2.7923747762597,25,TRUE
"POL_BGR",1.17608577171381,19,TRUE
"POL_BHS",0.404762809657733,10,TRUE
"POL_BIH",-0.414306600710434,10,TRUE
"POL_BLZ",-0.925569760319562,10,TRUE
"POL_BMU",-6.32629652033187,14,TRUE
"POL_BRB",-0.147276599096148,10,TRUE
"POL_CHE",0.750700423745747,25,TRUE
"POL_CHL",0.284946153644968,14,TRUE
"POL_CMR",-0.000174598493812406,4,TRUE
"POL_COL",0.0543653629616465,5,TRUE
"POL_CRI",-0.392360556551408,5,TRUE
"POL_CYM",0.0575588165686489,14,TRUE
"POL_CYP",0.0758436997479393,14,TRUE
"POL_DEU",0.627118649897962,26,TRUE
"POL_DMA",-1.25834615784978,10,TRUE
"POL_DNK",0.435778108829572,26,TRUE
"POL_DOM",-0.571081788889797,10,TRUE
"POL_DZA",-0.0733488544300107,14,TRUE
"POL_EGY",-0.229721601689692,14,TRUE
"POL_ESP",1.20008508006671,26,TRUE
"POL_EST",0.671202659799522,14,TRUE
"POL_FJI",-0.543784540068377,9,TRUE
"POL_FRA",1.90202017443031,26,TRUE
"POL_GBR",2.92662961055658,26,TRUE
"POL_GEO",0.0901459090679713,4,TRUE
"POL_GRC",-0.689616683729423,26,TRUE
"POL_GRD",-1.95674637619657,10,TRUE
"POL_GRL",-0.153153144083364,14,TRUE
"POL_GTM",-0.400910405850483,5,TRUE
"POL_GUY",0.797187742669458,10,TRUE
"POL_HND",-0.253267474820788,5,TRUE
"POL_HRV",0.727504547206765,15,TRUE
"POL_IOT",-2.42253497651318,5,TRUE
"POL_IRL",2.34897273600322,26,TRUE
"POL_ISL",-0.629203314324215,25,TRUE
"POL_ISR",0.998704710345802,20,TRUE
"POL_ITA",0.647076325581223,26,TRUE
"POL_JAM",-0.922474211109732,10,TRUE
"POL_JOR",0.02202933694068,14,TRUE
"POL_KNA",2.98707657962044,10,TRUE
"POL_KOR",0.372638859266191,7,TRUE
"POL_LBN",0.218660487436676,14,TRUE
"POL_LCA",-0.920313145552316,10,TRUE
"POL_LTU",0.846443284092641,20,TRUE
"POL_LVA",1.36492819283694,19,TRUE
"POL_MAR",-0.553352538037481,14,TRUE
"POL_MDA",-0.201096975795915,4,TRUE
"POL_MDG",0.274110851041962,6,TRUE
"POL_MEX",-0.623815131859679,14,TRUE
"POL_MKD",0.114782353937394,14,TRUE
"POL_MLT",0.0965932593962852,14,TRUE
"POL_MSR",-3.82624146263517,4,TRUE
"POL_MUS",1.110142085736,6,TRUE
"POL_MYT",-0.0825921240197852,8,TRUE
"POL_NCL",-0.133176601948703,14,TRUE
"POL_NIC",0.136508094478331,5,TRUE
"POL_NLD",1.53820754051738,26,TRUE
"POL_NOR",4.91681162880162,25,TRUE
"POL_PAN",-0.5329274634495,5,TRUE
"POL_PER",0.488198590808631,5,TRUE
"POL_PNG",0.209510508470043,9,TRUE
"POL_PRT",1.79642959426486,26,TRUE
"POL_PSE",-2.86646911350857,14,TRUE
"POL_PYF",0.512778917518057,14,TRUE
"POL_ROU",0.99640310943381,21,TRUE
"POL_SHN",-6.10913439437946,7,TRUE
"POL_SLV",0.70453656387527,5,TRUE
"POL_SMR",0.408224016560949,14,TRUE
"POL_SRB",0.660811248326771,8,TRUE
"POL_SUR",0.0249223409050326,10,TRUE
"POL_SVN",1.5890555844087,22,TRUE
"POL_SWE",3.30425424153844,25,TRUE
"POL_SYC",0.147998368422091,6,TRUE
"POL_SYR",-0.919945729820795,14,TRUE
"POL_TTO",-1.43540946898453,10,TRUE
"POL_TUN",-0.730514414491415,14,TRUE
"POL_TUR",0.868545315558862,18,TRUE
"POL_UKR",-0.306235031536078,4,TRUE
"POL_VCT",-1.0257787305938,10,TRUE
"POL_VGB",1.74313881031912,11,TRUE
"POL_WLF",-2.16948954821722,8,TRUE
"POL_ZAF",1.214219359954,14,TRUE
"POL_ZWE",1.16605646273483,6,TRUE
"PRK_CMR",0.562270475359556,21,TRUE
"PRK_COL",-0.781327396692492,21,TRUE
"PRK_VEN",1.38889139851912,12,TRUE
"PRT_ALB",0.538669710813639,12,TRUE
"PRT_ATG",-2.57460512017693,10,TRUE
"PRT_BGR",0.722465517765902,24,TRUE
"PRT_BHS",-0.23158919613265,10,TRUE
"PRT_BIH",0.17187032454138,10,TRUE
"PRT_BLZ",-1.54507554716146,10,TRUE
"PRT_BRB",0.175114000019022,10,TRUE
"PRT_CHL",0.395137475399632,15,TRUE
"PRT_CMR",0.632274018893247,4,TRUE
"PRT_COL",0.466902609301772,5,TRUE
"PRT_CRI",0.290576388968127,5,TRUE
"PRT_DMA",-2.58777438208475,10,TRUE
"PRT_DOM",0.00469646569175541,10,TRUE
"PRT_FJI",-1.29299287617662,9,TRUE
"PRT_FRO",-0.37750688348895,26,TRUE
"PRT_GEO",-0.101038240372896,4,TRUE
"PRT_GRD",-1.75522677068745,10,TRUE
"PRT_GTM",0.940639327480576,5,TRUE
"PRT_GUY",-0.610459204772012,10,TRUE
"PRT_HND",0.4398095180291,5,TRUE
"PRT_HRV",1.5156580926048,16,TRUE
"PRT_HUN",0.604649758067775,26,TRUE
"PRT_JAM",-0.36573934198707,10,TRUE
"PRT_JOR",-0.463496558353109,16,TRUE
"PRT_KNA",-1.32783556728019,9,TRUE
"PRT_KOR",0.439062579723224,7,TRUE
"PRT_LCA",-1.33543578688683,10,TRUE
"PRT_MDA",0.216452434936538,4,TRUE
"PRT_MDG",0.923489597984741,6,TRUE
"PRT_MEX",0.215413644722149,18,TRUE
"PRT_MKD",2.11386213358933,17,TRUE
"PRT_MUS",0.510481654139107,6,TRUE
"PRT_NIC",0.519577609927329,5,TRUE
"PRT_PAN",0.579120992452861,5,TRUE
"PRT_PER",0.721993185172053,5,TRUE
"PRT_PNG",-2.58736381643688,9,TRUE
"PRT_POL",2.10760730386993,26,TRUE
"PRT_ROU",3.1612336861723,25,TRUE
"PRT_SLV",0.118453869179914,5,TRUE
"PRT_SRB",0.657488927325265,8,TRUE
"PRT_SUR",0.392980951426589,10,TRUE
"PRT_SYC",0.810745814237805,6,TRUE
"PRT_TTO",-0.272666079405195,10,TRUE
"PRT_UKR",0.00243648705668809,4,TRUE
"PRT_VCT",-1.44270035114919,10,TRUE
"PRT_VGB",0.920767923439677,11,TRUE
"PRT_ZAF",0.493534805549865,18,TRUE
"PRT_ZWE",-1.95607833675944,6,TRUE
"PRY_IND",-0.0464781481720287,9,TRUE
"PRY_PAN",-0.947651835136568,6,TRUE
"PSE_DZA",-0.424040939313229,9,TRUE
"PSE_POL",-5.18493278180773,13,TRUE
"PSE_TUR",1.23310043645034,13,TRUE
"PYF_CZE",0.39314763687571,14,TRUE
"PYF_HUN",-3.02842891792701,7,TRUE
"PYF_POL",-0.0472409637143942,14,TRUE
"PYF_ROU",-2.18680365719475,5,TRUE
"PYF_SVK",-1.06341515305267,12,TRUE
"PYF_SVN",-3.27898321813929,11,TRUE
"QAT_CHE",0.00589570399341355,4,TRUE
"QAT_DZA",-0.00232488424661849,9,TRUE
"QAT_EGY",1.69796872655669,20,TRUE
"QAT_ISL",-4.63593074446488,4,TRUE
"QAT_JOR",-0.295429259104208,20,TRUE
"QAT_NOR",1.32099413768561,4,TRUE
"QAT_SGP",-0.539128684449409,5,TRUE
"QAT_TUN",4.2280681593092,20,TRUE
"ROU_ABW",-7.32222018942559,9,TRUE
"ROU_ALB",-1.00161348362269,14,TRUE
"ROU_AND",0.0191051337977937,11,TRUE
"ROU_ATG",-1.10797970128524,10,TRUE
"ROU_AUT",0.964423169600086,25,TRUE
"ROU_BGR",1.09747191808153,19,TRUE
"ROU_BHS",-4.26842593773095,10,TRUE
"ROU_BLZ",-3.40377824896285,10,TRUE
"ROU_BMU",-4.9587613890926,11,TRUE
"ROU_BRB",-1.06777633380659,10,TRUE
"ROU_CHE",1.76315844983282,25,TRUE
"ROU_CRI",-0.615080237394756,5,TRUE
"ROU_CYM",-3.00784139836294,5,TRUE
"ROU_CYP",0.57823567919782,14,TRUE
"ROU_DEU",1.25380761238659,25,TRUE
"ROU_DMA",-5.3855687364721,7,TRUE
"ROU_DNK",1.99944738049788,25,TRUE
"ROU_DOM",0.06622766781961,10,TRUE
"ROU_ESP",1.55671533151351,25,TRUE
"ROU_EST",1.63063859527623,14,TRUE
"ROU_FIN",1.09268633721113,25,TRUE
"ROU_FJI",-0.759403360851265,9,TRUE
"ROU_FRA",1.01443800476043,25,TRUE
"ROU_FRO",0.308024037713645,11,TRUE
"ROU_GBR",0.949898930857832,25,TRUE
"ROU_GEO",-0.584563207235107,4,TRUE
"ROU_GRC",0.877210868752434,25,TRUE
"ROU_GRD",-5.22991294381957,7,TRUE
"ROU_GRL",-1.04367055654501,11,TRUE
"ROU_GTM",-2.5172396299157,5,TRUE
"ROU_HND",-1.98992376870053,5,TRUE
"ROU_HRV",1.07696459491094,15,TRUE
"ROU_HUN",0.577475469327206,21,TRUE
"ROU_IRL",1.44855246306944,25,TRUE
"ROU_ISL",2.20368335455222,25,TRUE
"ROU_ITA",0.920352189984571,25,TRUE
"ROU_JAM",-2.41993502039914,10,TRUE
"ROU_JOR",-0.114296936210256,11,TRUE
"ROU_KNA",-2.68253872287272,7,TRUE
"ROU_LBN",-0.510845834012098,11,TRUE
"ROU_LCA",-4.73345318845959,6,TRUE
"ROU_LTU",1.35596457197705,14,TRUE
"ROU_LVA",1.45667862345576,14,TRUE
"ROU_MAR",0.229959682828071,21,TRUE
"ROU_MDG",-0.471212223577109,6,TRUE
"ROU_MKD",0.416644307631051,14,TRUE
"ROU_MLT",-0.700539763704317,14,TRUE
"ROU_MSR",1.65261778565398,4,TRUE
"ROU_MUS",0.296769012922728,6,TRUE
"ROU_MYT",2.98125392814758,5,TRUE
"ROU_NCL",0.427188634548345,11,TRUE
"ROU_NLD",0.643162879564844,25,TRUE
"ROU_NOR",1.87925475775281,25,TRUE
"ROU_PAN",-2.34703516027766,5,TRUE
"ROU_PNG",-1.31644019469139,9,TRUE
"ROU_POL",-0.0264511642031392,21,TRUE
"ROU_PRT",2.37611148518353,25,TRUE
"ROU_PYF",-1.44023207587271,11,TRUE
"ROU_SLV",-0.492568702123426,5,TRUE
"ROU_SUR",-1.48383931011275,10,TRUE
"ROU_SVN",0.676954666178252,21,TRUE
"ROU_SWE",0.846837591760855,25,TRUE
"ROU_SYC",-0.295898959507343,6,TRUE
"ROU_SYR",-1.26486945964667,11,TRUE
"ROU_TCA",-2.48329444023036,7,TRUE
"ROU_UKR",-0.808407579484354,4,TRUE
"ROU_VCT",-4.609673461867,10,TRUE
"ROU_VGB",-2.71717973695574,10,TRUE
"ROU_ZAF",1.39704872767843,11,TRUE
"RWA_KEN",1.57972495594562,22,TRUE
"SAU_CHE",-0.0879634758731611,4,TRUE
"SAU_DZA",1.41752549803601,9,TRUE
"SAU_EGY",1.70040353619112,20,TRUE
"SAU_IRQ",3.51503557816113,20,TRUE
"SAU_ISL",2.18174977801141,4,TRUE
"SAU_JOR",1.69018298515934,20,TRUE
"SAU_LBN",0.745500643416112,20,TRUE
"SAU_LBY",2.73934770719259,20,TRUE
"SAU_MAR",0.0936557928572563,20,TRUE
"SAU_NOR",-0.330688565729355,4,TRUE
"SAU_SDN",0.856858426371396,20,TRUE
"SAU_SGP",-0.334187275196998,5,TRUE
"SAU_SYR",0.11189445114241,20,TRUE
"SAU_TUN",0.575577938846616,20,TRUE
"SAU_YEM",0.558071244401716,20,TRUE
"SDN_ARE",1.63326949152039,20,TRUE
"SDN_COL",-2.05795684098213,21,TRUE
"SDN_JOR",-0.715139851610055,20,TRUE
"SDN_MAR",-0.344243703605695,21,TRUE
"SDN_MUS",-6.09383959215695,17,TRUE
"SDN_OMN",-1.31867826525074,19,TRUE
"SDN_QAT",0.00389938124792678,20,TRUE
"SDN_SAU",0.938609143877422,20,TRUE
"SDN_VEN",1.1474942323115,15,TRUE
"SGP_ARE",-0.862920057862594,5,TRUE
"SGP_AUS",1.35074827958452,15,TRUE
"SGP_BHR",0.154449724489803,5,TRUE
"SGP_BRN",-0.554040240307936,26,TRUE
"SGP_CHE",0.579323562191575,15,TRUE
"SGP_CHN",0.0712640884208739,13,TRUE
"SGP_CMR",-0.437949333981498,26,TRUE
"SGP_COL",0.338038535203448,21,TRUE
"SGP_CRI",0.578290800580869,5,TRUE
"SGP_IRN",0.649931724593681,26,TRUE
"SGP_ISL",0.453391764942091,15,TRUE
"SGP_JOR",-0.207045303403621,13,TRUE
"SGP_JPN",0.777713948029955,16,TRUE
"SGP_KHM",-1.82225558649767,19,TRUE
"SGP_KWT",-0.517153923109587,5,TRUE
"SGP_LAO",0.193841365126849,21,TRUE
"SGP_MAR",0.174877814730897,21,TRUE
"SGP_MMR",0.803721454572016,21,TRUE
"SGP_NOR",-0.454201252415819,15,TRUE
"SGP_NZL",1.37501180575299,17,TRUE
"SGP_OMN",-0.359961378443767,5,TRUE
"SGP_PAN",2.56658454923652,12,TRUE
"SGP_PHL",0.219125470861168,26,TRUE
"SGP_QAT",-0.427214918712575,5,TRUE
"SGP_SAU",-0.0309327669815612,5,TRUE
"SGP_TWN",-0.0660678000745762,4,TRUE
"SGP_VEN",-0.421111710097846,19,TRUE
"SHN_CZE",-1.44186718837004,12,TRUE
"SHN_EST",-5.60310710565473,6,TRUE
"SHN_POL",-3.41137872751442,14,TRUE
"SHN_ROU",-1.17248168040403,3,FALSE
"SHN_SVK",-2.09571099509471,12,TRUE
"SHN_SVN",1.27057811706314,14,TRUE
"SLV_AUT",-1.70412545289899,5,TRUE
"SLV_BEL",-0.562889603124467,5,TRUE
"SLV_BGR",-4.4725229591267,4,TRUE
"SLV_CHL",1.1157528305345,16,TRUE
"SLV_COL",0.457300379628624,8,TRUE
"SLV_CUB",0.796922003510443,6,TRUE
"SLV_CYP",-2.03120412300375,3,FALSE
"SLV_CZE",-2.62489525065668,5,TRUE
"SLV_DEU",-1.58938606997354,5,TRUE
"SLV_DNK",-2.04658959233983,5,TRUE
"SLV_DOM",1.49914056648847,17,TRUE
"SLV_ESP",-0.0955848558542252,5,TRUE
"SLV_EST",0.0543712703632468,5,TRUE
"SLV_FIN",-0.755039337748345,5,TRUE
"SLV_FRA",-0.890641339200047,5,TRUE
"SLV_GBR",-0.6761737589341,5,TRUE
"SLV_GRC",0.630505861429606,5,TRUE
"SLV_HRV",-3.72822051922954,5,TRUE
"SLV_HUN",-2.91853172310338,5,TRUE
"SLV_IRL",0.0748368496122075,5,TRUE
"SLV_ITA",0.532504814576667,5,TRUE
"SLV_LTU",-1.78894914608279,5,TRUE
"SLV_LUX",0.217096621889734,5,TRUE
"SLV_LVA",-2.67134308535952,5,TRUE
"SLV_MEX",-0.487794939668044,17,TRUE
"SLV_MLT",-1.2325347882269,4,TRUE
"SLV_NLD",-0.566336144493581,5,TRUE
"SLV_PAN",1.25020844639171,15,TRUE
"SLV_POL",-0.834777222095718,5,TRUE
"SLV_PRT",-0.22443878620918,5,TRUE
"SLV_ROU",-0.950820387816336,5,TRUE
"SLV_SVK",-1.06925927748017,5,TRUE
"SLV_SVN",-0.789492512097536,5,TRUE
"SLV_SWE",-1.34408403867886,5,TRUE
"SLV_TWN",1.65138140679839,10,TRUE
"SLV_USA",0.139911652463742,12,TRUE
"SMR_BGR",0.555401662373871,11,TRUE
"SMR_CZE",-0.592210433126354,13,TRUE
"SMR_EST",1.89937740059467,14,TRUE
"SMR_HRV",-0.529681776158279,5,TRUE
"SMR_HUN",2.5480046674099,14,TRUE
"SMR_POL",0.915341727384057,14,TRUE
"SMR_SVK",0.595182709722548,14,TRUE
"SMR_SVN",2.32666426252352,14,TRUE
"SPM_CZE",-0.408966014981823,12,TRUE
"SRB_AUT",-0.18984926178641,8,TRUE
"SRB_BEL",0.218002813420544,8,TRUE
"SRB_CHE",-0.935050986370107,8,TRUE
"SRB_CYP",-0.269882973305269,8,TRUE
"SRB_CZE",-0.0621185819311961,8,TRUE
"SRB_DEU",-0.10368495651772,8,TRUE
"SRB_DNK",0.778889303843095,8,TRUE
"SRB_ESP",0.297185240776829,8,TRUE
"SRB_EST",0.651218171386369,8,TRUE
"SRB_FIN",0.446781828705513,8,TRUE
"SRB_FRA",-0.186676236097214,8,TRUE
"SRB_GBR",-0.484553619299312,8,TRUE
"SRB_GRC",-0.461503073578772,8,TRUE
"SRB_HUN",0.457131232575412,8,TRUE
"SRB_IRL",-0.00938217678131298,8,TRUE
"SRB_ISL",0.641461635002627,8,TRUE
"SRB_ITA",-0.0848300367508926,8,TRUE
"SRB_LTU",-0.102698807047295,8,TRUE
"SRB_LUX",0.0914794849010893,8,TRUE
"SRB_LVA",-0.677020543998542,8,TRUE
"SRB_MLT",0.439212460920644,8,TRUE
"SRB_NLD",-0.0833304547513374,8,TRUE
"SRB_NOR",0.518817092623474,8,TRUE
"SRB_POL",-0.215021127422221,8,TRUE
"SRB_PRT",-1.12706685584058,8,TRUE
"SRB_SVK",0.254232744194591,8,TRUE
"SRB_SVN",-0.291096572249804,8,TRUE
"SRB_SWE",-0.165441527975477,8,TRUE
"SUR_AUT",-1.53603519493332,10,TRUE
"SUR_BEL",0.706084306275636,10,TRUE
"SUR_BGR",-1.87312335230598,10,TRUE
"SUR_CYP",-0.824258645944226,9,TRUE
"SUR_CZE",-0.427364365905662,10,TRUE
"SUR_DEU",-2.13915186305036,10,TRUE
"SUR_DNK",0.520472706670831,10,TRUE
"SUR_ESP",-1.73815940953463,10,TRUE
"SUR_EST",-4.80161072167965,9,TRUE
"SUR_FIN",-0.385590082267477,10,TRUE
"SUR_FRA",-0.747232825999388,10,TRUE
"SUR_GBR",-4.22451776136549,10,TRUE
"SUR_GRC",-4.04732277217339,8,TRUE
"SUR_HRV",-3.44597305125582,3,FALSE
"SUR_HUN",-5.10057308191888,6,TRUE
"SUR_IRL",-3.29502346073377,10,TRUE
"SUR_ITA",-1.72502455381114,10,TRUE
"SUR_JAM",4.9188765924889,22,TRUE
"SUR_LTU",-2.32770565418802,3,FALSE
"SUR_LUX",-7.58892805599163,10,TRUE
"SUR_MLT",0.534579745348664,7,TRUE
"SUR_NLD",-1.38666738524179,10,TRUE
"SUR_POL",-3.38053548876288,10,TRUE
"SUR_PRT",-0.106050330217728,10,TRUE
"SUR_SVK",-0.291456087832275,10,TRUE
"SUR_SVN",1.74748631778323,10,TRUE
"SUR_SWE",-1.26145911040147,10,TRUE
"SUR_TTO",0.041500695963637,23,TRUE
"SVK_ABW",-0.753129428165253,14,TRUE
"SVK_AIA",-1.66114737917268,3,FALSE
"SVK_ALB",0.943379789304888,12,TRUE
"SVK_AND",-0.507780081019001,14,TRUE
"SVK_ANT",0.751345120619245,5,TRUE
"SVK_ATG",-2.05622449655196,9,TRUE
"SVK_BHS",-4.38361148720813,8,TRUE
"SVK_BIH",-0.869500871860902,10,TRUE
"SVK_BLZ",-4.42330328410209,9,TRUE
"SVK_BMU",-6.64417383307262,14,TRUE
"SVK_BRB",-0.349846287570716,10,TRUE
"SVK_CHL",1.63782466046617,14,TRUE
"SVK_CMR",-1.33032539852447,4,TRUE
"SVK_COL",0.103093369314062,5,TRUE
"SVK_CRI",-0.632376862714739,5,TRUE
"SVK_CYM",1.97372738147178,11,TRUE
"SVK_CYP",1.05810619013395,14,TRUE
"SVK_DMA",-4.7962316300461,4,TRUE
"SVK_DOM",-1.60849724666902,10,TRUE
"SVK_DZA",0.0455631031114644,14,TRUE
"SVK_EGY",-0.178783813087584,14,TRUE
"SVK_EST",0.186317544243401,20,TRUE
"SVK_FJI",-2.61956700431997,9,TRUE
"SVK_FRO",-0.208142549338456,14,TRUE
"SVK_GEO",-0.296670149314646,4,TRUE
"SVK_GRD",-0.476738354663049,5,TRUE
"SVK_GRL",-0.324800128029925,12,TRUE
"SVK_GTM",0.0562793497403519,5,TRUE
"SVK_GUY",-1.51067201448873,10,TRUE
"SVK_HND",-1.23489047840078,5,TRUE
"SVK_HRV",-0.0794966440892476,15,TRUE
"SVK_JAM",-0.830808606532609,10,TRUE
"SVK_JOR",-0.999514958463929,14,TRUE
"SVK_KOR",0.783373636909319,7,TRUE
"SVK_LBN",-1.02984911574223,14,TRUE
"SVK_LCA",-6.08751072681457,9,TRUE
"SVK_MAR",1.16300572843053,14,TRUE
"SVK_MDA",-0.476204129153783,4,TRUE
"SVK_MDG",0.257712847351124,6,TRUE
"SVK_MEX",-0.246880283040636,14,TRUE
"SVK_MKD",-0.305786195891032,14,TRUE
"SVK_MLT",0.581528262034995,14,TRUE
"SVK_MUS",1.30544043978711,6,TRUE
"SVK_MYT",-0.586565062875477,6,TRUE
"SVK_NCL",0.752029263570976,14,TRUE
"SVK_NIC",-0.403820018720346,5,TRUE
"SVK_PAN",0.490969512348243,5,TRUE
"SVK_PER",0.416097853381674,5,TRUE
"SVK_PNG",-2.63297929914296,6,TRUE
"SVK_PYF",1.68231052047671,14,TRUE
"SVK_SLV",0.0698364291869829,5,TRUE
"SVK_SMR",-0.517695644031703,14,TRUE
"SVK_SRB",-0.285649011541939,8,TRUE
"SVK_SUR",-1.94930052781721,10,TRUE
"SVK_SYC",-0.128053676652534,6,TRUE
"SVK_SYR",-1.80008791344814,14,TRUE
"SVK_TCA",-2.04484595722845,11,TRUE
"SVK_TTO",-1.12322090228033,10,TRUE
"SVK_TUN",0.585515215378729,14,TRUE
"SVK_TUR",0.709648466667004,20,TRUE
"SVK_UKR",-0.614965369909247,4,TRUE
"SVK_VCT",-2.90194003833034,10,TRUE
"SVK_VGB",-1.35732504745229,10,TRUE
"SVK_ZAF",0.455005758957119,14,TRUE
"SVK_ZWE",-1.98851326523487,6,TRUE
"SVN_ALB",-0.477761604709074,12,TRUE
"SVN_AND",0.171702178627242,14,TRUE
"SVN_ANT",0.855518744560064,5,TRUE
"SVN_ATF",-1.75747310610748,10,TRUE
"SVN_ATG",-2.93178246785296,10,TRUE
"SVN_BGR",1.47600824071253,21,TRUE
"SVN_BHS",0.453344050257321,10,TRUE
"SVN_BLZ",-1.58881927055504,10,TRUE
"SVN_BMU",0.714314342588205,14,TRUE
"SVN_BRB",1.16045798651764,10,TRUE
"SVN_CHL",1.27609191496797,14,TRUE
"SVN_CMR",-0.874754399275817,4,TRUE
"SVN_COL",-0.337572870945638,5,TRUE
"SVN_CRI",-0.502948777047938,5,TRUE
"SVN_CYM",-5.40512351717926,6,TRUE
"SVN_CYP",1.2349153962215,14,TRUE
"SVN_DMA",-1.09030045122768,7,TRUE
"SVN_DOM",-0.0301233133951643,10,TRUE
"SVN_DZA",1.71189382568773,14,TRUE
"SVN_EGY",-0.769385883275999,14,TRUE
"SVN_FJI",-2.53496357576323,9,TRUE
"SVN_FRO",0.329916497345751,14,TRUE
"SVN_GEO",0.0704518736200959,4,TRUE
"SVN_GRD",-5.11961898462433,3,FALSE
"SVN_GRL",-0.713039227961212,12,TRUE
"SVN_GTM",-0.488876566821527,5,TRUE
"SVN_GUY",-1.54180490201818,10,TRUE
"SVN_HND",1.6269649300024,5,TRUE
"SVN_HRV",-0.252513018486584,20,TRUE
"SVN_ISR",1.12209557968881,20,TRUE
"SVN_JAM",-0.0312430503125421,10,TRUE
"SVN_JOR",-0.498776865329204,14,TRUE
"SVN_KOR",0.887290592823776,7,TRUE
"SVN_LBN",0.248705034767602,14,TRUE
"SVN_LCA",-0.276454739163545,8,TRUE
"SVN_LTU",0.878579030829318,21,TRUE
"SVN_MAR",1.24928279111699,14,TRUE
"SVN_MDA",-0.328433413830178,4,TRUE
"SVN_MDG",-0.0877504387423975,6,TRUE
"SVN_MEX",0.491523876007581,14,TRUE
"SVN_MKD",-0.581341452235087,22,TRUE
"SVN_MLT",0.990436227707761,14,TRUE
"SVN_MUS",1.25891539737272,6,TRUE
"SVN_MYT",0.942681580623132,8,TRUE
"SVN_NCL",0.935097870399855,14,TRUE
"SVN_NIC",-0.272446552966097,5,TRUE
"SVN_PAN",1.86803098223739,5,TRUE
"SVN_PER",0.700806779182197,5,TRUE
"SVN_PNG",-3.27210667751608,7,TRUE
"SVN_POL",0.627617951817345,22,TRUE
"SVN_PYF",0.32601486047462,14,TRUE
"SVN_ROU",1.91975351037289,21,TRUE
"SVN_SLV",0.90577936113026,5,TRUE
"SVN_SMR",0.864649882916936,14,TRUE
"SVN_SRB",0.109544233412698,8,TRUE
"SVN_SUR",0.230835361931856,10,TRUE
"SVN_SYC",-0.0866682814237336,6,TRUE
"SVN_SYR",-0.797723469695707,14,TRUE
"SVN_TTO",1.3430240785105,10,TRUE
"SVN_TUN",0.508120405816721,14,TRUE
"SVN_TUR",-0.183131250595744,18,TRUE
"SVN_UKR",-0.641038989084449,4,TRUE
"SVN_VCT",-2.04836480141637,10,TRUE
"SVN_VGB",-0.388445815619242,10,TRUE
"SVN_WLF",-0.409629863092123,3,FALSE
"SVN_ZAF",0.284009639625577,14,TRUE
"SVN_ZWE",-1.39297836650404,6,TRUE
"SWE_ALB",-0.196076322324957,12,TRUE
"SWE_ATG",0.0720794766674761,10,TRUE
"SWE_BGR",7.18933650440359,25,TRUE
"SWE_BHS",-0.301911545443043,10,TRUE
"SWE_BIH",-0.531855840098114,10,TRUE
"SWE_BLZ",-0.221641903229409,10,TRUE
"SWE_BRB",0.357762410545435,10,TRUE
"SWE_CHL",0.981853987796399,15,TRUE
"SWE_CMR",-0.643634837024474,4,TRUE
"SWE_COL",-0.716210326201033,5,TRUE
"SWE_CRI",0.374843511279824,5,TRUE
"SWE_CYP",-0.0176299070016227,23,TRUE
"SWE_DMA",0.706062677210915,10,TRUE
"SWE_DOM",0.643580654581119,10,TRUE
"SWE_DZA",0.660024073080903,23,TRUE
"SWE_EGY",0.761054178313621,23,TRUE
"SWE_FJI",-0.743807311475964,9,TRUE
"SWE_FLK",-3.24611623596873,21,TRUE
"SWE_FRO",0.399117369965037,23,TRUE
"SWE_GEO",-0.661480458070536,4,TRUE
"SWE_GRD",-0.0897096134443011,10,TRUE
"SWE_GTM",-0.676859178262341,5,TRUE
"SWE_GUY",0.24502512067466,10,TRUE
"SWE_HND",-0.763029825626099,5,TRUE
"SWE_HRV",0.0476202328634731,16,TRUE
"SWE_HUN",4.40631043960821,25,TRUE
"SWE_ISR",4.65030893133917,25,TRUE
"SWE_JAM",-0.664847891158053,10,TRUE
"SWE_JOR",-0.259419618364377,16,TRUE
"SWE_KNA",0.327744383056179,10,TRUE
"SWE_KOR",0.40231125523532,7,TRUE
"SWE_LBN",0.717257335666775,23,TRUE
"SWE_LCA",-1.55251150265727,10,TRUE
"SWE_MAR",0.10169290697869,23,TRUE
"SWE_MDA",-0.0074846244840685,4,TRUE
"SWE_MDG",-0.264530824829354,6,TRUE
"SWE_MEX",-0.961163044856608,18,TRUE
"SWE_MKD",-0.188643558990373,17,TRUE
"SWE_MLT",0.742643828468014,23,TRUE
"SWE_MUS",0.24564395116908,6,TRUE
"SWE_NIC",-0.805907158206015,5,TRUE
"SWE_PAN",-0.0175400241462573,5,TRUE
"SWE_PCN",-4.2020487564311,10,TRUE
"SWE_PER",0.239293913810291,5,TRUE
"SWE_PNG",-0.158863471122515,9,TRUE
"SWE_POL",5.47114387428318,25,TRUE
"SWE_ROU",2.28909522691135,25,TRUE
"SWE_SLV",-0.397293569109402,5,TRUE
"SWE_SRB",0.075133685947225,8,TRUE
"SWE_SUR",-0.312477328338425,10,TRUE
"SWE_SYC",0.294165118985131,6,TRUE
"SWE_SYR",-0.109785414325294,23,TRUE
"SWE_TTO",0.120491236968137,10,TRUE
"SWE_TUN",-0.317189138725496,23,TRUE
"SWE_TUR",0.336921504636125,26,TRUE
"SWE_UKR",0.00372498113393749,4,TRUE
"SWE_VCT",-0.721320246715487,10,TRUE
"SWE_VGB",1.42811179652836,11,TRUE
"SWE_ZAF",3.60424593976263,18,TRUE
"SWE_ZWE",0.397434316984706,6,TRUE
"SWZ_BWA",-0.778711564435208,18,TRUE
"SWZ_CHE",0.264775095603018,10,TRUE
"SWZ_MWI",4.76328850226647,18,TRUE
"SWZ_NOR",1.24518451769098,10,TRUE
"SWZ_ZAF",-1.22678472838777,18,TRUE
"SWZ_ZWE",5.08488911121293,22,TRUE
"SYC_AUT",-1.77093509413858,6,TRUE
"SYC_BEL",-0.068859479472106,6,TRUE
"SYC_BGR",-1.61002454430022,5,TRUE
"SYC_CYP",1.2726338379682,6,TRUE
"SYC_CZE",0.74996350849466,6,TRUE
"SYC_DEU",-1.75741868694351,6,TRUE
"SYC_DNK",1.49394124355749,6,TRUE
"SYC_ESP",0.259922115098286,6,TRUE
"SYC_EST",-2.17055771331079,6,TRUE
"SYC_ETH",-7.13645236974904,14,TRUE
"SYC_FIN",1.0575730918709,6,TRUE
"SYC_FRA",0.675436438921908,6,TRUE
"SYC_GBR",0.156532447620259,6,TRUE
"SYC_GRC",-3.64050690671853,6,TRUE
"SYC_HUN",-0.689477165739096,6,TRUE
"SYC_IRL",-0.800659394693196,6,TRUE
"SYC_ITA",0.385414702102551,6,TRUE
"SYC_KEN",-0.950506251229359,17,TRUE
"SYC_LTU",-3.13351943672141,5,TRUE
"SYC_LUX",2.69723046789431,5,TRUE
"SYC_LVA",2.89898952210909,6,TRUE
"SYC_MDG",1.59077741523806,17,TRUE
"SYC_MLT",-0.253295303760622,6,TRUE
"SYC_MUS",2.73747938436241,18,TRUE
"SYC_NLD",-0.268444265557774,6,TRUE
"SYC_POL",-0.033761378586868,6,TRUE
"SYC_PRT",-0.315444579276961,6,TRUE
"SYC_SDN",-0.33778594809582,15,TRUE
"SYC_SVK",-1.43978936087657,6,TRUE
"SYC_SVN",-4.16698170840008,6,TRUE
"SYC_SWE",-2.43739853331089,6,TRUE
"SYC_UGA",1.46364296009292,16,TRUE
"SYC_ZWE",1.46018196969014,17,TRUE
"SYR_ARE",-0.19636557255273,18,TRUE
"SYR_AUT",1.63552115947737,23,TRUE
"SYR_BGR",0.0555055877518295,11,TRUE
"SYR_CYP",-1.93714313449708,14,TRUE
"SYR_CZE",-3.67520327298866,14,TRUE
"SYR_DZA",0.125316079261261,7,TRUE
"SYR_EST",-0.525288551211571,14,TRUE
"SYR_FIN",0.244612619765763,23,TRUE
"SYR_HUN",-0.129781787123877,14,TRUE
"SYR_KWT",-0.413925365161311,19,TRUE
"SYR_LBN",-0.718510823702112,20,TRUE
"SYR_LTU",-0.910303355601785,11,TRUE
"SYR_LVA",-0.0777815194432631,9,TRUE
"SYR_MAR",-0.951688647938832,20,TRUE
"SYR_MLT",-0.930881661611181,14,TRUE
"SYR_OMN",0.279933145625788,19,TRUE
"SYR_POL",2.18799579325349,14,TRUE
"SYR_QAT",-1.85715733240022,19,TRUE
"SYR_ROU",-1.50826385710868,11,TRUE
"SYR_SAU",0.784454416966035,20,TRUE
"SYR_SDN",1.18152257227119,19,TRUE
"SYR_SVK",-1.25659050108493,14,TRUE
"SYR_SVN",-2.31132108949111,14,TRUE
"SYR_SWE",-0.363873811076228,23,TRUE
"SYR_TUN",-1.71706497898245,20,TRUE
"SYR_TUR",-0.441217749676914,11,TRUE
"TCA_CZE",-0.0515893355344521,14,TRUE
"TCA_EST",-2.77354570560803,6,TRUE
"TCA_SVK",3.69808431279515,14,TRUE
"TCA_SVN",-1.80663576362296,14,TRUE
"TCD_CAF",-3.57424992629687,17,TRUE
"TCD_CMR",-2.76056043174798,18,TRUE
"THA_AUS",0.957282879695798,13,TRUE
"THA_BRN",-0.130514553654319,26,TRUE
"THA_CHN",0.233875875281664,13,TRUE
"THA_CMR",-0.275508884053503,26,TRUE
"THA_COL",1.497749276316,21,TRUE
"THA_IRN",-0.828559036423431,26,TRUE
"THA_JPN",0.318926055704327,11,TRUE
"THA_KHM",-0.573473255607076,19,TRUE
"THA_MAR",0.670153122827888,21,TRUE
"THA_MMR",0.973326816915782,21,TRUE
"THA_NZL",1.12166194681705,13,TRUE
"THA_PHL",0.460403269394099,26,TRUE
"THA_VEN",0.942824188701342,19,TRUE
"TJK_ARM",-1.9813202302296,3,FALSE
"TJK_UKR",-0.457217441527295,16,TRUE
"TKM_GEO",-0.91421390683392,18,TRUE
"TTO_AUT",-1.98093986473423,10,TRUE
"TTO_BEL",1.595022403036,10,TRUE
"TTO_BGR",-3.09531633662435,6,TRUE
"TTO_COL",0.247353170825858,21,TRUE
"TTO_CYP",-3.9571133082965,9,TRUE
"TTO_CZE",-3.44968294240168,10,TRUE
"TTO_DEU",0.432508408357356,10,TRUE
"TTO_DNK",-3.32710768288419,10,TRUE
"TTO_ESP",0.931268411652521,10,TRUE
"TTO_EST",1.96979820556579,10,TRUE
"TTO_FIN",-1.71340529720037,10,TRUE
"TTO_FRA",-0.113110269857843,10,TRUE
"TTO_GBR",-0.288776122832212,10,TRUE
"TTO_GRC",1.31311945080102,10,TRUE
"TTO_HRV",-1.027788693811,5,TRUE
"TTO_HTI",-0.862540092937214,12,TRUE
"TTO_HUN",-6.17706426291153,9,TRUE
"TTO_IRL",0.114064977438543,10,TRUE
"TTO_ITA",0.474870939417579,10,TRUE
"TTO_LUX",-0.915093597911547,10,TRUE
"TTO_LVA",-2.01819374913494,3,FALSE
"TTO_MAR",-2.16392693470371,17,TRUE
"TTO_MLT",1.67305464078129,8,TRUE
"TTO_NLD",1.22190828866737,10,TRUE
"TTO_POL",-0.371177312571939,10,TRUE
"TTO_PRT",1.16215139696834,10,TRUE
"TTO_SUR",2.04823638696955,23,TRUE
"TTO_SVK",0.792888002743832,10,TRUE
"TTO_SVN",-1.22948173213508,10,TRUE
"TTO_SWE",-2.23104257421658,10,TRUE
"TTO_VEN",-2.05833874313035,17,TRUE
"TUN_ARE",-0.583049989935497,20,TRUE
"TUN_AUT",1.41598742535289,23,TRUE
"TUN_BGR",-1.35775581592958,11,TRUE
"TUN_BHR",-2.04680538605723,20,TRUE
"TUN_CHE",-0.967945724549996,13,TRUE
"TUN_CMR",3.38860875559183,26,TRUE
"TUN_COL",0.353663465744704,21,TRUE
"TUN_CYP",-0.953290814019903,14,TRUE
"TUN_CZE",-0.0711974764814003,14,TRUE
"TUN_EST",0.497207156576523,14,TRUE
"TUN_FIN",-0.967802235295717,23,TRUE
"TUN_HRV",-0.965992379305083,5,TRUE
"TUN_HUN",-1.15945387667127,14,TRUE
"TUN_ISL",-0.935673089015175,13,TRUE
"TUN_JOR",-1.75167189751799,20,TRUE
"TUN_KWT",-0.302565713339069,20,TRUE
"TUN_LBN",-0.7483091769067,20,TRUE
"TUN_LTU",-1.10588439048192,14,TRUE
"TUN_LVA",-1.8619079752237,14,TRUE
"TUN_MAR",-0.417642902263467,21,TRUE
"TUN_MLT",-0.409713074755991,14,TRUE
"TUN_NOR",-0.554706153992866,13,TRUE
"TUN_OMN",-0.908849527705095,20,TRUE
"TUN_POL",-0.700935941099441,14,TRUE
"TUN_QAT",-0.798168516835338,20,TRUE
"TUN_SAU",-0.95720304581382,20,TRUE
"TUN_SVK",1.74704677918875,14,TRUE
"TUN_SVN",-0.189947745445912,14,TRUE
"TUN_SWE",-0.520014375765914,23,TRUE
"TUN_SYR",-1.60197180670008,20,TRUE
"TUN_VEN",-4.13312164713085,18,TRUE
"TUN_YEM",-0.316799663032936,20,TRUE
"TUR_ALB",-0.261260425944606,10,TRUE
"TUR_AUT",0.00273791444969703,26,TRUE
"TUR_BGR",1.21252347376316,19,TRUE
"TUR_BIH",0.14429828736301,15,TRUE
"TUR_CHE",-0.302951985148661,26,TRUE
"TUR_CYP",-0.453524767046718,14,TRUE
"TUR_CZE",0.558458622051572,20,TRUE
"TUR_EST",1.50135783839762,20,TRUE
"TUR_FIN",0.947567992738033,26,TRUE
"TUR_GEO",-0.0439049357031036,10,TRUE
"TUR_HRV",0.940271722053482,15,TRUE
"TUR_HUN",0.480335871013938,20,TRUE
"TUR_ISL",1.0701187219186,26,TRUE
"TUR_JOR",-0.126687424377351,7,TRUE
"TUR_LTU",1.02601106868845,20,TRUE
"TUR_LVA",1.32457781170263,18,TRUE
"TUR_MAR",0.757979013064724,12,TRUE
"TUR_MKD",-0.188143419531551,18,TRUE
"TUR_MLT",0.173376648961242,14,TRUE
"TUR_MNE",0.818718814846414,8,TRUE
"TUR_MUS",0.726407985823957,5,TRUE
"TUR_MYS",0.493721857402225,3,FALSE
"TUR_NOR",-0.07563776944601,26,TRUE
"TUR_POL",0.491665378660442,18,TRUE
"TUR_PSE",0.320113384154283,13,TRUE
"TUR_SVK",0.52126517746443,20,TRUE
"TUR_SVN",0.509045287390955,18,TRUE
"TUR_SWE",0.180428337458838,26,TRUE
"TUR_SYR",0.872128391362859,11,TRUE
"TWN_GTM",-0.104039030786598,12,TRUE
"TWN_HND",0.482578560796078,10,TRUE
"TWN_NIC",-0.245719066350481,10,TRUE
"TWN_NZL",-0.318433877216149,5,TRUE
"TWN_PAN",1.5876549682281,14,TRUE
"TWN_SGP",0.448170548733984,4,TRUE
"TWN_SLV",0.176323253590915,10,TRUE
"TZA_BWA",-3.82171830093206,18,TRUE
"TZA_KEN",1.02762895198606,22,TRUE
"TZA_MAR",0.539372325324376,20,TRUE
"TZA_MUS",-0.174370459000321,24,TRUE
"TZA_MWI",3.79431703791371,23,TRUE
"TZA_ZAF",-0.822037641044633,18,TRUE
"UGA_EGY",-0.228808430331156,19,TRUE
"UGA_KEN",2.54031160010936,24,TRUE
"UKR_AUT",0.389438102938834,4,TRUE
"UKR_BEL",0.833717013020649,4,TRUE
"UKR_BGR",-0.174338122635841,4,TRUE
"UKR_BLR",-0.425109091070224,14,TRUE
"UKR_CHE",-0.998319277688859,6,TRUE
"UKR_CYP",-1.001841007886,4,TRUE
"UKR_CZE",0.0987651280460837,4,TRUE
"UKR_DEU",0.63062928681419,4,TRUE
"UKR_DNK",0.497258315861304,4,TRUE
"UKR_ESP",0.74052282861534,4,TRUE
"UKR_FIN",0.570088374395412,4,TRUE
"UKR_FRA",0.525803171828824,4,TRUE
"UKR_GBR",1.12640290673021,4,TRUE
"UKR_GRC",-0.114818995089351,4,TRUE
"UKR_HRV",0.0657609513049299,4,TRUE
"UKR_HUN",0.9200051935453,4,TRUE
"UKR_IRL",0.408684129212714,4,TRUE
"UKR_ISL",0.0606413934145325,6,TRUE
"UKR_ITA",0.386668746845854,4,TRUE
"UKR_LTU",0.186489103529166,4,TRUE
"UKR_LUX",0.546800469627627,4,TRUE
"UKR_LVA",0.129152842099537,4,TRUE
"UKR_MDA",-0.645976466593853,15,TRUE
"UKR_MKD",-0.499086732891297,17,TRUE
"UKR_MLT",-0.223646809614574,4,TRUE
"UKR_MNE",0.391944373177379,5,TRUE
"UKR_NLD",1.1525598776736,4,TRUE
"UKR_NOR",-0.52229749885413,6,TRUE
"UKR_POL",0.237500066975562,4,TRUE
"UKR_PRT",1.03316549964836,4,TRUE
"UKR_ROU",0.394507091175419,4,TRUE
"UKR_SVK",-0.157925397957126,4,TRUE
"UKR_SVN",0.290998741740165,4,TRUE
"UKR_SWE",0.738106335976874,4,TRUE
"UKR_TJK",-2.42641428994815,16,TRUE
"URY_CUB",2.40939337342761,19,TRUE
"URY_IND",-0.268270955662612,9,TRUE
"URY_PAN",0.623659183711559,6,TRUE
"USA_AUS",-0.0513505864966215,13,TRUE
"USA_BHR",0.156522808343651,12,TRUE
"USA_CHL",1.19056555462878,14,TRUE
"USA_COL",-0.0969061326394609,6,TRUE
"USA_CRI",0.412091421362301,9,TRUE
"USA_DOM",-0.0182618201349479,11,TRUE
"USA_GTM",0.204775391753067,12,TRUE
"USA_HND",0.242398192814896,12,TRUE
"USA_JOR",0.0524493707000079,17,TRUE
"USA_KOR",-0.0408817539652932,6,TRUE
"USA_MAR",0.587494589465942,12,TRUE
"USA_MEX",-0.433954647349934,24,TRUE
"USA_NIC",0.155344629556854,12,TRUE
"USA_OMN",0.272048027262667,9,TRUE
"USA_PAN",0.604166351470065,6,TRUE
"USA_PER",0.439310129668495,9,TRUE
"USA_SLV",0.359095612345689,12,TRUE
"VCT_AUT",1.25408109009015,7,TRUE
"VCT_BEL",-4.97178639028304,10,TRUE
"VCT_BGR",0.56685971876344,8,TRUE
"VCT_CZE",-0.919902258223312,10,TRUE
"VCT_DEU",-3.49871965393341,10,TRUE
"VCT_DNK",-6.00798042231796,9,TRUE
"VCT_ESP",-3.47510941820537,10,TRUE
"VCT_FRA",-0.413938846281981,10,TRUE
"VCT_GBR",-2.44049837925564,10,TRUE
"VCT_GRC",-0.822714640643693,10,TRUE
"VCT_HRV",-3.31349778417355,3,FALSE
"VCT_HTI",0.00537483587299886,8,TRUE
"VCT_HUN",-1.8552924724968,3,FALSE
"VCT_IRL",-1.17414545069836,10,TRUE
"VCT_ITA",-1.70241634538668,10,TRUE
"VCT_NLD",-0.435026947128985,10,TRUE
"VCT_POL",-0.56815239405187,10,TRUE
"VCT_PRT",-5.82364952507638,4,TRUE
"VCT_SVK",0.699542764530666,7,TRUE
"VCT_SVN",-2.05747149275228,6,TRUE
"VCT_SWE",-3.66047616562392,10,TRUE
"VEN_BGD",0.772981347224919,13,TRUE
"VEN_CMR",-2.05884118100976,18,TRUE
"VEN_CUB",-0.491101727637511,12,TRUE
"VEN_DZA",-1.91247896776621,17,TRUE
"VEN_EGY",0.53238253092165,19,TRUE
"VEN_GIN",-2.59178807340112,8,TRUE
"VEN_GUY",0.53747087110674,19,TRUE
"VEN_IDN",-1.77971277192713,19,TRUE
"VEN_IND",2.74579851513585,19,TRUE
"VEN_KOR",-1.0749458652271,19,TRUE
"VEN_LKA",-3.34561587442204,17,TRUE
"VEN_MAR",1.16860453249603,19,TRUE
"VEN_MYS",2.04969309884124,19,TRUE
"VEN_NGA",-3.34058658511788,19,TRUE
"VEN_NIC",-0.302850595551595,19,TRUE
"VEN_PAK",-2.36345743818121,19,TRUE
"VEN_PAN",-3.2196216405472,6,TRUE
"VEN_PHL",-2.55923836746444,19,TRUE
"VEN_SGP",3.20556181447156,19,TRUE
"VEN_THA",-2.50900866060537,19,TRUE
"VEN_TTO",-3.49728500940095,17,TRUE
"VEN_TUN",-0.760031720631246,19,TRUE
"VEN_ZWE",-4.34582918990452,8,TRUE
"VGB_AUT",-3.36568883636201,11,TRUE
"VGB_BEL",-8.29487128510841,11,TRUE
"VGB_BGR",-3.08026283131443,10,TRUE
"VGB_CYP",5.55422202337534,9,TRUE
"VGB_CZE",0.236774850345146,11,TRUE
"VGB_DEU",0.325239902473714,11,TRUE
"VGB_DNK",-5.03511349940378,10,TRUE
"VGB_ESP",-2.29516401308188,11,TRUE
"VGB_EST",-2.01238129271825,10,TRUE
"VGB_FIN",-0.928488555301104,11,TRUE
"VGB_FRA",0.588996794993296,11,TRUE
"VGB_GBR",-1.22080758630109,11,TRUE
"VGB_GRC",1.30398888923005,8,TRUE
"VGB_HRV",0.867126169876631,5,TRUE
"VGB_IRL",-2.10329866821328,11,TRUE
"VGB_ITA",-0.406816480074725,11,TRUE
"VGB_LTU",-6.14159164391145,5,TRUE
"VGB_LVA",-4.09603706705143,8,TRUE
"VGB_NLD",0.860144215786851,11,TRUE
"VGB_POL",-1.31445473889018,11,TRUE
"VGB_PRT",-2.73348167995387,7,TRUE
"VGB_ROU",-4.67916541591523,8,TRUE
"VGB_SVK",3.52087478727803,11,TRUE
"VGB_SVN",-0.0269506579952727,11,TRUE
"VGB_SWE",0.686011668851657,11,TRUE
"VNM_AUS",-1.48432399780238,8,TRUE
"VNM_BRN",3.00555164775795,20,TRUE
"VNM_CHN",-0.404256622274615,13,TRUE
"VNM_COL",-1.22209716891144,21,TRUE
"VNM_JPN",-0.312094557184215,10,TRUE
"VNM_MAR",-0.123489648749923,21,TRUE
"VNM_NZL",-0.0089945956001205,8,TRUE
"VNM_VEN",0.0638255712530545,19,TRUE
"WLF_SVN",-2.9355358060662,5,TRUE
"YEM_ARE",2.87560934106117,18,TRUE
"YEM_DZA",-1.19745537285921,7,TRUE
"YEM_MAR",-2.32802827986342,17,TRUE
"YEM_OMN",1.83686211978453,20,TRUE
"YEM_SAU",1.19222631708323,20,TRUE
"YEM_TUN",0.616758064024809,20,TRUE
"ZAF_AUT",-1.2799731616353,18,TRUE
"ZAF_BGR",-0.011107195721652,11,TRUE
"ZAF_BWA",-3.10923832640923,18,TRUE
"ZAF_CHE",-0.554108321788712,10,TRUE
"ZAF_CYP",-1.68743318186935,14,TRUE
"ZAF_CZE",0.684126815305504,14,TRUE
"ZAF_DEU",-0.539105508714495,18,TRUE
"ZAF_DNK",1.28486291148651,18,TRUE
"ZAF_ESP",-0.184552785131331,18,TRUE
"ZAF_EST",1.0893685487779,14,TRUE
"ZAF_FIN",-0.148858908089767,18,TRUE
"ZAF_FRA",-1.97233487228086,18,TRUE
"ZAF_GBR",-1.18899888052178,18,TRUE
"ZAF_GRC",-0.935927506611005,18,TRUE
"ZAF_HRV",-0.402312147879068,5,TRUE
"ZAF_HUN",-0.982698309127916,14,TRUE
"ZAF_IRL",1.3358015935759,18,TRUE
"ZAF_ISL",-0.83252050689204,10,TRUE
"ZAF_ITA",-0.145633601861525,18,TRUE
"ZAF_LTU",0.628992443164241,14,TRUE
"ZAF_LVA",0.402608740876083,14,TRUE
"ZAF_MLT",0.00578361747853241,14,TRUE
"ZAF_MOZ",-0.175536779365127,18,TRUE
"ZAF_MUS",-1.01583829567506,18,TRUE
"ZAF_MWI",-0.0851132707858677,18,TRUE
"ZAF_NAM",-1.4182332899375,18,TRUE
"ZAF_NLD",-1.41747574192603,18,TRUE
"ZAF_NOR",0.394715330802807,10,TRUE
"ZAF_POL",-0.190008662173743,14,TRUE
"ZAF_PRT",-0.67720833908318,18,TRUE
"ZAF_ROU",-0.339682184028891,11,TRUE
"ZAF_SVK",-1.93766951023004,14,TRUE
"ZAF_SVN",-0.446512163477315,14,TRUE
"ZAF_SWE",-0.126253924825933,18,TRUE
"ZAF_SWZ",-2.62601363576934,18,TRUE
"ZAF_TZA",-0.407782769575464,18,TRUE
"ZAF_ZMB",0.496373531309716,18,TRUE
"ZAF_ZWE",1.13999297362057,18,TRUE
"ZMB_BWA",-0.322759318673837,18,TRUE
"ZMB_EGY",2.23418261023675,19,TRUE
"ZMB_KEN",0.955240707488849,23,TRUE
"ZMB_MWI",2.44158696636884,24,TRUE
"ZMB_SYC",-1.3151868407319,14,TRUE
"ZMB_ZAF",-0.95110374500777,18,TRUE
"ZMB_ZWE",3.88987054007013,24,TRUE
"ZWE_AUT",-3.91874821525004,6,TRUE
"ZWE_BEL",1.04628970556057,6,TRUE
"ZWE_BGR",-1.85356605451539,6,TRUE
"ZWE_BWA",-1.11901010296827,18,TRUE
"ZWE_CMR",-1.01516721985191,24,TRUE
"ZWE_COD",1.56619951682017,24,TRUE
"ZWE_COL",-0.0563289495819394,20,TRUE
"ZWE_CYP",-5.21092158170762,6,TRUE
"ZWE_CZE",-3.50175289687703,6,TRUE
"ZWE_DEU",-1.62293006674471,6,TRUE
"ZWE_DNK",-3.99503707832321,6,TRUE
"ZWE_ESP",-1.18314726493548,6,TRUE
"ZWE_EST",1.0961761208017,6,TRUE
"ZWE_FIN",-2.30199124571304,6,TRUE
"ZWE_FRA",0.406294484185962,6,TRUE
"ZWE_GBR",-1.1699443055775,6,TRUE
"ZWE_GRC",-1.75714647440675,6,TRUE
"ZWE_HRV",-0.607320135574355,5,TRUE
"ZWE_HUN",-0.58664472173907,6,TRUE
"ZWE_IRL",-3.38103133266516,6,TRUE
"ZWE_ITA",-1.04730537520486,6,TRUE
"ZWE_KEN",-0.162293524056853,24,TRUE
"ZWE_LTU",-1.50493350675679,4,TRUE
"ZWE_LUX",-1.87061869956951,6,TRUE
"ZWE_LVA",-5.46835578226208,3,FALSE
"ZWE_MAR",-2.57403671998655,21,TRUE
"ZWE_MDG",-3.23025379612581,24,TRUE
"ZWE_MLT",0.145167144608296,4,TRUE
"ZWE_MUS",0.515410976660643,24,TRUE
"ZWE_MWI",0.703080828915679,24,TRUE
"ZWE_NLD",-0.665526684700724,6,TRUE
"ZWE_PHL",-2.84662289805465,25,TRUE
"ZWE_POL",-0.557987673163018,6,TRUE
"ZWE_PRT",-1.47050101686521,6,TRUE
"ZWE_SVK",-5.60612758584738,6,TRUE
"ZWE_SVN",-0.651153772652949,6,TRUE
"ZWE_SWE",-1.70356155289013,6,TRUE
"ZWE_SWZ",0.500617527521836,24,TRUE
"ZWE_SYC",-2.88071183743796,16,TRUE
"ZWE_VEN",-4.84077162063838,8,TRUE
"ZWE_ZAF",-1.48084372271016,18,TRUE
"ZWE_ZMB",3.39622831125929,24,TRUE
