"pair","theta_A","n_post_cells"
"ABW_CZE",1.84747008946171,12
"AFG_BGD",-5.1278647284468,5
"AFG_IND",1.43001046168429,15
"AFG_LKA",-2.65739748966352,6
"AIA_CZE",-1.27505548103385,13
"AIA_SVK",2.35292455156551,9
"ALB_AUT",0.427052602367895,12
"ALB_BEL",-0.968299601130473,12
"ALB_BGR",2.2816627865812,15
"ALB_CHE",0.857847559280582,8
"ALB_CYP",1.23884047615669,12
"ALB_CZE",0.37970150837203,12
"ALB_DEU",-0.145155443298673,12
"ALB_DNK",-1.65515783796425,12
"ALB_ESP",2.01275339131349,12
"ALB_EST",2.44765774227094,12
"ALB_FIN",-0.0128605603322876,12
"ALB_FRA",0.156800031377374,12
"ALB_GBR",-0.101988759446074,12
"ALB_GRC",-0.180754496117949,12
"ALB_HRV",-0.818283298270354,15
"ALB_HUN",0.0704802053375921,12
"ALB_IRL",0.60980175958224,12
"ALB_ISL",0.386125279847504,8
"ALB_ITA",0.131821053429204,12
"ALB_LTU",1.23970907756407,12
"ALB_LUX",2.34766847967424,12
"ALB_LVA",2.59641465247762,11
"ALB_MDA",-2.18236484346924,14
"ALB_MKD",0.10050132975865,16
"ALB_MLT",1.4493252220093,11
"ALB_NLD",-0.537316067108202,12
"ALB_NOR",2.14081067978079,8
"ALB_POL",1.01347657659555,12
"ALB_PRT",-2.23806864326446,12
"ALB_ROU",-1.27095394414431,14
"ALB_SVK",0.798791677062013,12
"ALB_SVN",-0.697409145122065,12
"ALB_SWE",0.0957075768508865,12
"ALB_TUR",0.732305834297454,10
"AND_BGR",-1.10337556061168,11
"AND_CYP",-3.99506010323137,11
"AND_CZE",0.951897218413711,14
"AND_EST",-4.59905347566492,13
"AND_GRC",-2.4886734928133,24
"AND_HRV",-0.292215328528602,5
"AND_HUN",-4.62873397167641,11
"AND_LTU",-5.76812594954331,10
"AND_LVA",-3.59161021434253,12
"AND_POL",1.47684601472973,14
"AND_ROU",-1.95038303726077,11
"AND_SVK",0.973569168388633,14
"AND_SVN",-0.837836275333332,14
"ANT_CZE",0.266800610186566,5
"ANT_EST",1.68405123355284,3
"ANT_FIN",1.09271895453171,12
"ANT_HUN",-1.61155869208682,4
"ANT_POL",-0.364938045045314,5
"ANT_SVK",2.15390548115364,5
"ANT_SVN",-2.20411821118447,5
"ARE_CHE",1.08115895434792,4
"ARE_DZA",0.807279711043699,9
"ARE_EGY",2.26364942115888,20
"ARE_ISL",0.191619208461932,4
"ARE_JOR",2.28353864372365,20
"ARE_LBN",6.59611834353387,20
"ARE_LBY",4.02235823765643,14
"ARE_MAR",-0.190130385587609,20
"ARE_NOR",-0.0514129415741826,4
"ARE_SDN",1.43582115345217,20
"ARE_SGP",0.0117248738415608,5
"ARE_SYR",4.0482185509002,18
"ARE_TUN",2.18944708304101,20
"ARE_YEM",3.17276178967744,18
"ARG_CMR",3.57687871073867,25
"ARG_IRN",-1.24610764015917,26
"ARG_ISR",-0.019364432711292,9
"ARG_MAR",1.03317271035966,21
"ARG_PAN",0.268089559426129,6
"ARG_PHL",3.51709425586184,26
"ARM_BLR",-0.240825704248208,6
"ARM_KAZ",-0.875070908204791,17
"ARM_TJK",-0.0527391154476737,3
"ATF_CZE",7.17391709314818,13
"ATF_SVN",-3.16025122305,9
"ATG_AUT",-2.9261911967096,10
"ATG_BEL",-2.37884028091487,10
"ATG_CZE",-1.83746120041739,10
"ATG_DEU",-4.82736566291286,10
"ATG_DNK",-1.48652108516209,10
"ATG_ESP",-4.64991668457745,10
"ATG_EST",-4.74486766893931,7
"ATG_FIN",-1.84463232168987,10
"ATG_FRA",-2.41318562182498,10
"ATG_GBR",-1.83507582288197,10
"ATG_GRC",-4.91425250683036,8
"ATG_HUN",-5.49123112766755,3
"ATG_IRL",-3.00315377533234,10
"ATG_ITA",-3.47431479813265,10
"ATG_LTU",-9.13370564391498,3
"ATG_LUX",-2.32523325537403,9
"ATG_MLT",-1.67855162290484,10
"ATG_NLD",-1.87844042912248,10
"ATG_POL",0.361103177887494,10
"ATG_PRT",-3.57391547624334,10
"ATG_ROU",-3.44737843622769,10
"ATG_SVK",-4.22620342848585,9
"ATG_SVN",-6.10203200894986,9
"ATG_SWE",-2.94736795809018,10
"AUS_BRN",-0.069976068395226,8
"AUS_CHL",0.986388438302558,9
"AUS_CHN",0.373114135937775,3
"AUS_IDN",0.0582230889043007,6
"AUS_JPN",0.327974709571868,3
"AUS_KHM",-0.527936579652727,7
"AUS_KOR",0.0368440312312073,4
"AUS_LAO",-0.456911199385991,7
"AUS_MMR",0.771431905167269,8
"AUS_MYS",0.180102745691742,8
"AUS_PHL",-0.196631395291788,8
"AUS_SGP",0.108210986820213,15
"AUS_THA",0.208448800737982,13
"AUS_USA",-0.046860967022761,13
"AUS_VNM",0.0174889002720973,8
"AUT_ALB",0.0617215861075678,12
"AUT_ATG",-1.37100813275203,10
"AUT_BGR",2.75514724506648,25
"AUT_BHS",1.0165506376705,10
"AUT_BIH",-0.806130240851606,10
"AUT_BLZ",0.497384584778919,10
"AUT_BRB",-0.718956925832708,10
"AUT_CHL",1.07747323081385,15
"AUT_CMR",-0.527251265701193,4
"AUT_COL",-0.27900606865812,5
"AUT_CRI",-0.0310554164048316,5
"AUT_CYP",-0.123592300354717,23
"AUT_DMA",-2.13427591744335,10
"AUT_DOM",0.431810463674736,10
"AUT_DZA",-0.501162164757241,23
"AUT_EGY",3.76874623328966,23
"AUT_FJI",0.305683848095924,9
"AUT_GEO",-0.122423190048432,4
"AUT_GRD",-0.648629165807847,10
"AUT_GTM",-0.319485648417787,5
"AUT_GUY",0.42482595385993,10
"AUT_HND",0.173828698819751,5
"AUT_HRV",0.145804957335594,16
"AUT_HUN",2.0826671981203,25
"AUT_ISR",2.75846795603869,25
"AUT_JAM",-0.184983030137851,10
"AUT_JOR",-0.316988164734758,16
"AUT_KNA",-1.23749265751572,10
"AUT_KOR",0.103170780161852,7
"AUT_LBN",4.92682142485364,23
"AUT_LCA",-1.26385303823954,10
"AUT_MAR",0.693387719393745,23
"AUT_MDA",0.111061040433807,4
"AUT_MDG",-0.563517896917402,6
"AUT_MEX",-0.648336341695118,18
"AUT_MKD",-0.26857946576531,17
"AUT_MLT",5.25461882269696,23
"AUT_MUS",0.105698332375779,6
"AUT_NIC",0.0206609327108605,5
"AUT_PAN",0.906674186950898,5
"AUT_PER",0.107436625776159,5
"AUT_PNG",-0.334490389019098,9
"AUT_POL",1.27548954460776,25
"AUT_ROU",1.48664331620325,25
"AUT_SLV",-0.0775138532404576,5
"AUT_SRB",0.307011172445446,8
"AUT_SUR",0.0427172062653495,10
"AUT_SYC",0.259665869891436,6
"AUT_SYR",6.65011156632108,23
"AUT_TTO",-0.735287555282647,10
"AUT_TUN",-0.390421857735908,23
"AUT_TUR",-0.219926861096106,26
"AUT_UKR",-0.34874563332304,4
"AUT_VCT",0.0318304056318289,10
"AUT_VGB",1.30584577797848,11
"AUT_ZAF",2.58375067508316,18
"AUT_ZWE",-0.706205091838517,6
"BDI_EGY",1.99034511418088,10
"BEL_ALB",-0.305792676777833,12
"BEL_ATG",0.431871784298554,10
"BEL_BHS",-0.0990157698091239,10
"BEL_BIH",-0.433391657157322,10
"BEL_BLZ",-0.518477563883801,10
"BEL_BRB",-0.356939390635009,10
"BEL_CHL",0.925892071612607,15
"BEL_CMR",-0.369648484236834,4
"BEL_COL",-0.0888997055340432,5
"BEL_CRI",-0.132288504691163,5
"BEL_DMA",-0.887173239436005,10
"BEL_DOM",-0.245760376233023,10
"BEL_FJI",-0.537160459242575,9
"BEL_GEO",0.134566284497079,4
"BEL_GRD",-0.489421183409899,10
"BEL_GTM",0.806368049297027,5
"BEL_GUY",-0.252260654545084,10
"BEL_HND",-0.653254302848203,5
"BEL_JAM",0.344144068295381,10
"BEL_KNA",-0.313015675897819,10
"BEL_KOR",-0.0440064708927383,7
"BEL_LCA",-1.71578473088604,10
"BEL_MDA",-0.0723356992302604,4
"BEL_MDG",-0.506354661374497,6
"BEL_MUS",0.084226282581648,6
"BEL_NIC",-0.875329566255935,5
"BEL_PAN",0.847773994450636,5
"BEL_PER",0.124732322515031,5
"BEL_PNG",-0.801263993523021,9
"BEL_SLV",-0.731149860014699,5
"BEL_SRB",0.486940333377315,8
"BEL_SUR",-0.0177885910759345,10
"BEL_SYC",0.032322568768345,6
"BEL_TTO",-0.147169710905421,10
"BEL_UKR",-0.00419162492839376,4
"BEL_VCT",-1.22168787288984,10
"BEL_VGB",1.30292207494181,11
"BEL_ZWE",-0.14949707717097,6
"BEN_COL",1.22705006879638,21
"BEN_MAR",-2.16216859507148,21
"BGD_AFG",-2.21183176750892,6
"BGD_BTN",0.971297309454425,17
"BGD_CHN",-0.777394984204413,16
"BGD_COL",2.32060114236186,21
"BGD_MAR",-1.16153377769962,21
"BGD_MDV",-0.178022481305223,22
"BGD_MMR",-1.15121552208687,20
"BGD_NPL",-1.52530403413213,23
"BGD_VEN",0.3285468812656,13
"BGR_ABW",1.05045407808358,9
"BGR_ALB",-0.951708914621424,15
"BGR_AND",1.59835455873338,11
"BGR_ATG",-3.11331575671541,10
"BGR_AUT",0.700804931148947,25
"BGR_BHS",-1.63591570461125,10
"BGR_BLZ",-0.329782140562557,10
"BGR_BMU",-0.470892931663422,11
"BGR_BRB",-0.675674164823879,10
"BGR_CHE",0.270455496091607,25
"BGR_CHL",1.15089856335843,11
"BGR_CMR",-0.329281312477373,4
"BGR_COL",-0.737248611938137,5
"BGR_CRI",0.754576182966898,5
"BGR_CYM",-2.76134917152182,10
"BGR_CYP",0.954842169056891,14
"BGR_DEU",0.759561691266653,24
"BGR_DMA",-0.948167780165319,8
"BGR_DNK",0.848754231589121,24
"BGR_DOM",-0.492660025022127,10
"BGR_DZA",0.343928410808908,11
"BGR_EGY",0.388453828388338,11
"BGR_ESP",1.06334841164286,24
"BGR_EST",0.110878226328256,16
"BGR_FJI",-0.474185693520479,9
"BGR_FRA",1.89324225181283,24
"BGR_FRO",-1.18454409223894,9
"BGR_GBR",3.98427213290369,24
"BGR_GEO",-0.628009744167898,4
"BGR_GRC",1.03987792146154,24
"BGR_GRD",-2.64337405738259,9
"BGR_GRL",-1.42911931280427,11
"BGR_GTM",0.945985816953379,5
"BGR_GUY",1.5693393518632,10
"BGR_HND",-1.3711165452624,5
"BGR_HRV",1.48166747600577,15
"BGR_HUN",0.937299735392463,19
"BGR_IRL",1.16812820214747,24
"BGR_ISL",1.34487686584851,25
"BGR_ISR",-0.0361493778511732,16
"BGR_ITA",1.96233426762015,24
"BGR_JAM",-0.227298953315985,10
"BGR_JOR",-0.710693377647365,11
"BGR_KNA",-0.952397054533653,10
"BGR_KOR",0.681503751249116,7
"BGR_LBN",-0.195514390320323,11
"BGR_LCA",-3.2684161095473,8
"BGR_LTU",0.0195811753986006,16
"BGR_LVA",-0.0870161055519754,15
"BGR_MAR",0.169919252023319,11
"BGR_MDG",-1.26398267659018,6
"BGR_MEX",-0.769612770433214,11
"BGR_MKD",-0.71524783467732,18
"BGR_MLT",0.368023968078127,14
"BGR_MUS",1.10215962333264,6
"BGR_NCL",-0.472379633136103,11
"BGR_NIC",-0.406585280765045,5
"BGR_NLD",1.05124892746293,24
"BGR_NOR",3.4655114779248,25
"BGR_PAN",-0.660514893760761,5
"BGR_PER",-0.638955608640972,5
"BGR_PNG",-2.26524865139273,6
"BGR_POL",1.22769814650474,19
"BGR_PRT",1.13361026987068,24
"BGR_PYF",0.692659820903197,11
"BGR_ROU",1.32696087391878,19
"BGR_SLV",-0.497904858822315,5
"BGR_SMR",-0.317568280584271,11
"BGR_SUR",0.0682588968249247,10
"BGR_SVN",1.67808377686085,21
"BGR_SWE",3.01747339418946,25
"BGR_SYC",-0.104943541864752,6
"BGR_SYR",0.19124447688157,11
"BGR_TTO",-1.96812371491489,10
"BGR_TUN",0.410565638218702,11
"BGR_TUR",0.56077512752567,19
"BGR_UKR",-0.120299559983557,4
"BGR_VCT",-3.31587090984186,10
"BGR_VGB",-0.782440397985561,11
"BGR_ZAF",0.842181018253287,11
"BGR_ZWE",-0.288016309345275,6
"BHR_CHE",-1.02675357128849,4
"BHR_DZA",0.580242037957607,9
"BHR_EGY",2.40973257400543,20
"BHR_ISL",-4.84621951596492,3
"BHR_JOR",-0.838207505973878,20
"BHR_MAR",2.50635027928378,20
"BHR_NOR",0.458854399422335,4
"BHR_SGP",-0.308416918527487,5
"BHR_TUN",-0.695502487533233,20
"BHR_USA",0.883184923322719,12
"BHS_AUT",0.159912678578099,10
"BHS_BEL",-3.34923652654666,10
"BHS_BGR",-2.66191483617741,8
"BHS_CYP",-1.79918910257443,6
"BHS_CZE",-1.54794732210883,10
"BHS_DEU",-1.998051303731,10
"BHS_DNK",-4.78806308023385,10
"BHS_ESP",-4.56829787459646,10
"BHS_EST",-1.05376735609702,10
"BHS_FIN",-2.01957384233757,10
"BHS_FRA",-0.90685263111719,10
"BHS_GBR",-2.53076675388538,10
"BHS_GRC",-2.50622975889932,10
"BHS_HRV",-6.22263244925604,3
"BHS_HTI",-1.14683555550768,15
"BHS_HUN",-0.0860547606631609,10
"BHS_IRL",1.20184390729904,10
"BHS_ITA",-1.65376861490047,10
"BHS_LVA",-6.45362127980319,3
"BHS_MLT",-1.50839791557117,7
"BHS_NLD",-0.748814209718676,10
"BHS_POL",0.410656915664681,10
"BHS_PRT",-3.77189041213906,10
"BHS_ROU",-5.72164292326245,4
"BHS_SVK",-3.35887906728043,10
"BHS_SVN",0.104998883759767,10
"BHS_SWE",-3.4467512625073,10
"BIH_ALB",2.75636762714143,14
"BIH_AUT",1.10212728762415,10
"BIH_BEL",0.440491616651496,10
"BIH_CHE",-0.568925259169544,3
"BIH_CYP",1.29764723797403,10
"BIH_CZE",0.646090252063946,10
"BIH_DEU",0.382203827955197,10
"BIH_DNK",0.885295707288519,10
"BIH_ESP",0.171810059115586,10
"BIH_EST",1.83954576918571,10
"BIH_FIN",-0.29235020030455,10
"BIH_FRA",-0.199563156637179,10
"BIH_GBR",0.158355528448377,10
"BIH_GRC",-0.7546742650747,10
"BIH_HRV",-0.0733223064688467,17
"BIH_HUN",0.299193907816408,10
"BIH_IRL",0.0699488387267352,10
"BIH_ISL",-0.621605590610046,3
"BIH_ITA",0.122792325881453,10
"BIH_LTU",-2.36314110636649,10
"BIH_LUX",-1.27086177472495,10
"BIH_LVA",0.760635210593205,10
"BIH_MDA",2.26299780629009,14
"BIH_MKD",-0.030416586567391,16
"BIH_MLT",0.356299131116459,10
"BIH_NLD",0.665877003553861,10
"BIH_NOR",0.4743941337228,3
"BIH_POL",-0.00305528669541273,10
"BIH_PRT",-0.883841483985748,10
"BIH_SVK",1.05156633674581,10
"BIH_SWE",0.362938653217852,10
"BIH_TUR",0.330583374867839,15
"BLR_ARM",0.400796090550444,6
"BLR_MDA",-0.447946885749473,6
"BLR_UKR",-0.159130567596693,14
"BLZ_AUT",0.0820839626672908,10
"BLZ_BEL",-0.00746696581497412,10
"BLZ_BGR",1.14835731551962,10
"BLZ_CYP",3.36253445619049,5
"BLZ_CZE",0.681534401490475,10
"BLZ_DEU",-0.0145687940049964,10
"BLZ_DNK",-0.79821954954411,10
"BLZ_ESP",0.360125896531242,10
"BLZ_EST",-1.47797272874209,9
"BLZ_FIN",-3.52275815276087,10
"BLZ_FRA",0.166551391609128,10
"BLZ_GBR",0.472377161578149,10
"BLZ_GRC",-0.984812235203355,8
"BLZ_HUN",-0.284257175071755,10
"BLZ_IRL",1.36219642940125,10
"BLZ_ITA",-0.607460619511099,10
"BLZ_LTU",-3.08477445201887,8
"BLZ_LVA",-4.2788456042051,5
"BLZ_MLT",-4.80928295839755,3
"BLZ_NLD",1.00642801471188,10
"BLZ_POL",-0.965801416832972,10
"BLZ_PRT",0.0058226374763918,10
"BLZ_ROU",0.0533282545868219,6
"BLZ_SVK",-2.30137995517932,10
"BLZ_SVN",-0.782847988580301,9
"BLZ_SWE",-2.31482962194644,10
"BMU_BGR",-2.97151453924957,4
"BMU_CZE",-3.00224991186275,13
"BMU_EST",-7.11860928298908,7
"BMU_HRV",-5.08521958461794,3
"BMU_HUN",-2.87216319007349,11
"BMU_MLT",-3.59326147276655,8
"BMU_POL",-6.63532387344257,14
"BMU_SVK",-7.50376390740188,10
"BMU_SVN",-4.62516699551529,11
"BOL_PAN",-1.51523366779864,6
"BRA_CMR",-1.00520224271711,26
"BRA_MAR",-0.100510909074621,21
"BRA_MMR",2.42596020846696,21
"BRA_PAN",0.434978229436306,6
"BRB_AUT",-0.179783291689486,10
"BRB_BEL",-1.11608218565066,10
"BRB_BGR",-1.03129275034048,9
"BRB_CYP",2.54804752887181,7
"BRB_CZE",-2.01471329645512,10
"BRB_DEU",-0.833026910101429,10
"BRB_DNK",-1.23189516663636,10
"BRB_ESP",-1.91418354500724,10
"BRB_EST",1.93253396883706,10
"BRB_FIN",0.591362524742925,10
"BRB_FRA",0.557913948691315,10
"BRB_GBR",-1.47374457622988,10
"BRB_GRC",-1.654776614715,10
"BRB_HTI",0.339622195923449,16
"BRB_HUN",-2.07324241713435,9
"BRB_IRL",-3.30604000123967,10
"BRB_ITA",-0.259790847332246,10
"BRB_LTU",-6.2751767464122,7
"BRB_LUX",0.674122677896779,10
"BRB_LVA",-4.57152129356493,5
"BRB_MLT",-6.4973217712952,6
"BRB_NLD",0.217659298409024,10
"BRB_POL",-0.234701662191774,10
"BRB_PRT",-2.36817236985218,10
"BRB_ROU",-1.69261028593494,9
"BRB_SVK",0.654080640015243,10
"BRB_SVN",-5.99448043274006,10
"BRB_SWE",-0.287900314678472,10
"BRN_AUS",0.659507782766187,8
"BRN_CHL",-0.23722349711607,10
"BRN_CHN",-0.0627298748790872,13
"BRN_IDN",5.89459417956894,24
"BRN_IND",1.55426238490676,8
"BRN_JPN",1.34188393627357,10
"BRN_KOR",0.449573768726089,8
"BRN_MYS",3.09644050571921,26
"BRN_NZL",1.04996275200035,12
"BRN_SGP",-0.0885996216598462,26
"BRN_THA",-0.705801814810205,26
"BTN_IND",2.23183344058431,23
"BTN_PAK",-0.600964247249054,23
"BWA_CHE",-1.30958478659155,10
"BWA_ISL",-8.27385583646152,5
"BWA_LSO",-3.67357303102306,18
"BWA_MWI",0.221976493996625,18
"BWA_NAM",-2.36686989016667,18
"BWA_NOR",-1.74817148406711,10
"BWA_ZAF",-4.7962154647249,18
"BWA_ZMB",0.982319286313106,18
"BWA_ZWE",0.636333033028389,18
"CAF_CMR",0.348535416666454,18
"CAF_COG",-1.39172469768053,19
"CAF_GAB",-1.36232619020455,10
"CAF_TCD",-1.76167528983731,17
"CAN_CHE",0.113134146730606,9
"CAN_CHL",0.818357944728178,21
"CAN_COL",-0.494663729104599,7
"CAN_CRI",0.0975131789769623,16
"CAN_HND",-0.285974891591591,4
"CAN_ISL",0.0802929859494298,9
"CAN_ISR",-0.181213527599128,21
"CAN_JOR",-0.358337092938092,6
"CAN_KOR",0.00964790419138299,3
"CAN_MEX",0.377367032214667,24
"CAN_NOR",-0.0394210528060236,9
"CAN_PAN",0.728558402575517,5
"CAN_PER",0.177736775266089,9
"CHE_ALB",-0.647673958329493,8
"CHE_ARE",-0.0765180134272621,4
"CHE_BGR",-0.737911909499502,25
"CHE_BHR",-0.155337058649624,4
"CHE_BIH",-0.775472424402476,3
"CHE_BWA",-2.37888470282565,10
"CHE_CAN",0.290674868948434,9
"CHE_CHL",0.420438880172796,14
"CHE_CHN",0.81888802587967,4
"CHE_COL",-0.994332786416262,7
"CHE_CRI",-0.0713300704367417,4
"CHE_CYP",-0.372036365715263,14
"CHE_EGY",-0.543789509911104,11
"CHE_FRO",-2.71631303834099,23
"CHE_HKG",0.425134522315632,6
"CHE_HRV",-0.217309165560366,16
"CHE_HUN",-1.44608229094554,25
"CHE_ISR",-0.842844532312811,25
"CHE_JOR",-0.475859151921067,16
"CHE_JPN",-0.176496323411722,9
"CHE_KOR",-0.84389420873361,12
"CHE_KWT",-0.02773362625153,4
"CHE_LBN",-0.972945596230616,11
"CHE_LSO",0.261023372361117,10
"CHE_MAR",-0.714921422912364,19
"CHE_MEX",-1.63963716433141,17
"CHE_MKD",-0.345499126937835,16
"CHE_MLT",-0.387861433285564,14
"CHE_MNE",-1.59209304628219,6
"CHE_NAM",-0.364991479166766,10
"CHE_OMN",-0.359512134583562,4
"CHE_PAN",-0.0852890650679654,4
"CHE_PER",-0.631074765210155,7
"CHE_POL",-0.505400162971623,25
"CHE_QAT",-0.0382579998547004,4
"CHE_ROU",1.08998539744194,25
"CHE_SAU",-0.765695032257208,4
"CHE_SGP",0.0296403048454054,15
"CHE_SRB",-0.249707099507437,8
"CHE_SWZ",-0.345569572542327,10
"CHE_TUN",-0.863845054468144,13
"CHE_TUR",0.193266416355687,26
"CHE_UKR",0.425244542041666,6
"CHE_ZAF",-0.206897294076818,10
"CHL_AUS",1.01992554973401,9
"CHL_AUT",0.107330566014293,15
"CHL_BEL",0.746481585604906,15
"CHL_BGR",-0.484385470131968,11
"CHL_BRN",-0.00552730145051667,12
"CHL_CAN",0.676496188928937,21
"CHL_CHE",0.391290598278127,14
"CHL_CHN",0.753572409751679,12
"CHL_CMR",2.45203655677187,26
"CHL_CRI",0.765652412953655,16
"CHL_CYP",-0.0503105537421238,14
"CHL_CZE",0.165846646928604,14
"CHL_DEU",0.00665121945272542,15
"CHL_DNK",0.523319058560641,15
"CHL_ESP",0.353731998598734,15
"CHL_EST",-0.581435282146933,14
"CHL_FIN",0.0644011149949641,15
"CHL_FRA",-0.206871256439268,15
"CHL_GBR",-0.884390044058861,15
"CHL_GRC",-0.00427181877972433,15
"CHL_GTM",-0.377804868198915,8
"CHL_HKG",0.695475566999726,4
"CHL_HND",-0.283309935185306,10
"CHL_HRV",-0.305941454913143,5
"CHL_HUN",-0.0936376254333045,14
"CHL_IRL",0.0202655001900028,15
"CHL_ISL",-1.010341251535,14
"CHL_ITA",-0.0146843259018062,15
"CHL_JPN",0.362606535737241,11
"CHL_LTU",1.0824077622734,14
"CHL_LUX",0.924113453102083,15
"CHL_LVA",-0.844213437356327,14
"CHL_MAR",-0.395680790518013,21
"CHL_MLT",-0.239062515899161,14
"CHL_NLD",-0.0364650545455205,15
"CHL_NOR",-0.265139608260154,14
"CHL_NZL",0.16702063460464,12
"CHL_PAN",0.814539322526599,10
"CHL_POL",0.349841594158202,14
"CHL_PRT",-0.585988103797508,15
"CHL_SLV",0.660305651599718,16
"CHL_SVK",-0.580197101308767,14
"CHL_SVN",0.136183720218228,14
"CHL_SWE",-0.200488472579987,15
"CHL_USA",0.27870150800229,14
"CHN_AUS",0.14813909868618,3
"CHN_BGD",-0.0503881063366008,16
"CHN_BRN",1.12109353058885,13
"CHN_CHE",-0.0599938049668305,4
"CHN_CHL",1.55430383255078,12
"CHN_CRI",0.878445617113875,7
"CHN_HKG",-0.847691019475507,15
"CHN_IDN",0.549109437635246,13
"CHN_IND",0.754394422262489,16
"CHN_ISL",0.216130125494778,4
"CHN_KHM",0.663256515385072,13
"CHN_KOR",0.074928626162139,16
"CHN_LAO",0.559994096495908,16
"CHN_LKA",0.276418047270416,16
"CHN_MAC",-1.04243038668442,15
"CHN_MMR",0.0707907911234621,13
"CHN_MYS",0.465720492285114,13
"CHN_NZL",0.0743561638810437,10
"CHN_PAK",0.27656952328192,11
"CHN_PER",0.684187612033318,8
"CHN_PHL",0.506251716807521,13
"CHN_SGP",-0.116826972486346,13
"CHN_THA",0.387072013628281,13
"CHN_VNM",0.340599595308087,13
"CMR_AUT",-1.62631860227085,4
"CMR_BEL",0.588379953339279,4
"CMR_BGR",0.249246709801928,4
"CMR_BRA",-2.25017771080967,26
"CMR_CAF",1.05021230263503,18
"CMR_COG",0.90411230555933,19
"CMR_COL",-1.59655082983097,21
"CMR_CYP",1.23272272872787,4
"CMR_CZE",0.52404387438375,4
"CMR_DEU",-0.694440315969724,4
"CMR_DNK",-1.26473151400285,4
"CMR_DZA",-1.12025685115083,25
"CMR_ESP",-0.875906750297494,4
"CMR_EST",0.893645400379485,4
"CMR_FIN",-0.159605156514657,4
"CMR_FRA",-0.395219225609561,4
"CMR_GAB",1.00396059176247,18
"CMR_GBR",-0.900308695577744,4
"CMR_GIN",-0.862897755226624,20
"CMR_GNQ",-1.36508562951471,18
"CMR_GRC",-1.17472567149542,4
"CMR_HRV",-0.516000237600943,4
"CMR_HUN",-1.21395789786483,4
"CMR_IND",3.31094273129386,26
"CMR_IRL",-0.399049974641259,4
"CMR_ITA",-0.188402713347811,4
"CMR_KOR",-1.38578329468437,26
"CMR_LTU",-4.72520316207955,4
"CMR_LUX",0.546939999555686,4
"CMR_MAR",-1.5487378177637,21
"CMR_MLT",1.3463742810621,4
"CMR_NGA",-0.196397744202488,23
"CMR_NLD",0.0675996748886931,4
"CMR_POL",-1.81795392340191,4
"CMR_PRT",-0.342717260914178,4
"CMR_SGP",-0.283861488251678,26
"CMR_SVK",0.827789767024595,4
"CMR_SVN",-0.796757093529623,4
"CMR_SWE",-2.04352940704714,4
"CMR_TCD",0.861423629119826,18
"CMR_THA",1.86746748503966,26
"CMR_TUN",-0.823582093423119,26
"CMR_VEN",-2.17849244386796,14
"COD_EGY",-0.183436511437545,15
"COD_KEN",0.533092789960682,19
"COD_SYC",-1.88943479182323,7
"COG_CAF",-2.60859497228954,19
"COG_CMR",2.7157861533831,19
"COG_GAB",2.81797252567126,18
"COL_AUT",-2.81820115892562,5
"COL_BEL",-0.737115129445618,5
"COL_BGD",-1.84402154082268,21
"COL_BGR",-1.18574446656184,5
"COL_CAN",-0.736227785398639,7
"COL_CHE",-1.12136640960921,7
"COL_CMR",0.789993149233811,21
"COL_CUB",-0.432115733935235,21
"COL_CYP",-4.16215435344612,5
"COL_CZE",-2.58371811357312,5
"COL_DEU",-1.07071286469376,5
"COL_DNK",-2.58151874249301,5
"COL_DZA",-1.81535259350806,21
"COL_EGY",0.688294436087129,21
"COL_ESP",-0.265814813032948,5
"COL_EST",-1.07350264419842,5
"COL_FIN",-1.22962250907767,5
"COL_FRA",-0.993902807714903,5
"COL_GBR",-1.17737817028069,5
"COL_GHA",-0.16830843255594,21
"COL_GIN",0.395956683897623,21
"COL_GRC",-0.423126297595687,5
"COL_GTM",-0.0238634065861068,9
"COL_GUY",1.75567481980876,21
"COL_HND",-0.465814463041258,8
"COL_HRV",-1.28834586118971,5
"COL_HUN",-3.2216193519025,5
"COL_IDN",0.284782768086736,21
"COL_IND",-0.517514744469929,21
"COL_IRL",0.349689558094321,5
"COL_IRN",-1.8501810015314,20
"COL_ISL",-1.37146078298873,7
"COL_ITA",-0.542068819506002,5
"COL_KOR",0.302121338332376,21
"COL_LBY",-1.17024931437796,17
"COL_LKA",-2.0010606726572,21
"COL_LTU",-2.04915113740451,5
"COL_LUX",-3.13805458605651,5
"COL_LVA",-2.07334287438517,5
"COL_MAR",-0.720078315068295,21
"COL_MLT",0.179564278525258,5
"COL_MMR",-0.822417598965962,15
"COL_MYS",0.603174330085516,21
"COL_NGA",-0.0559800263139738,21
"COL_NIC",-0.961986330733827,21
"COL_NLD",-0.643282061846935,5
"COL_NOR",-1.2041536592442,7
"COL_PAK",1.64563677232268,21
"COL_PAN",0.777535464574692,6
"COL_PHL",1.1472125204384,21
"COL_POL",-0.870294965628884,5
"COL_PRK",-1.9086086312632,16
"COL_PRT",-0.332679449895396,5
"COL_SDN",-2.08352087338107,20
"COL_SGP",1.52153033999754,21
"COL_SLV",-0.642693182272084,8
"COL_SVK",-0.633355016592322,5
"COL_SVN",-0.520217698831,5
"COL_SWE",-1.75077950138505,5
"COL_THA",-0.358904729806943,21
"COL_TTO",1.14260386436167,21
"COL_TUN",0.456493652617733,21
"COL_USA",-0.56728742164872,6
"COL_ZWE",-1.37694702345725,16
"COM_EGY",0.919584373732229,8
"CRI_AUT",-0.512549852875539,5
"CRI_BEL",0.902851930326547,5
"CRI_BGR",-1.7297105169514,5
"CRI_CAN",-0.142654804760728,16
"CRI_CHE",-0.179052509782923,4
"CRI_CHL",-0.00374794167256901,16
"CRI_CHN",-0.970470883642728,7
"CRI_CYP",-0.793832689779506,5
"CRI_CZE",-0.514444461821313,5
"CRI_DEU",0.0767133400255132,5
"CRI_DNK",-0.859775574236269,5
"CRI_DOM",1.14400684862541,16
"CRI_ESP",1.08341295859594,5
"CRI_EST",-0.110638256774346,5
"CRI_FIN",0.650954090476214,5
"CRI_FRA",0.435566052576524,5
"CRI_GBR",-0.567404478185345,5
"CRI_GRC",1.55542118578796,5
"CRI_HRV",-0.594978098418813,5
"CRI_HUN",-1.7094705635157,5
"CRI_IRL",0.455052308967174,5
"CRI_ISL",-0.0712885156208179,4
"CRI_ITA",0.662631214300859,5
"CRI_LTU",2.22140359515205,5
"CRI_LUX",0.0879118500302423,5
"CRI_LVA",0.952524462260588,5
"CRI_MEX",0.609371907408855,23
"CRI_MLT",0.437138163535545,5
"CRI_NLD",-0.456061211899795,5
"CRI_NOR",0.325111112841278,4
"CRI_PAN",0.242069591546729,10
"CRI_PER",0.301765406946995,5
"CRI_POL",0.106515997405047,5
"CRI_PRT",0.173042335404293,5
"CRI_ROU",-1.00057094907006,5
"CRI_SGP",-0.826851008612315,5
"CRI_SVK",-0.594056474439723,5
"CRI_SVN",0.947598342894495,5
"CRI_SWE",-0.95444827863658,5
"CRI_USA",0.159630747320501,9
"CUB_COL",-0.13117964653218,21
"CUB_MAR",1.50365412836247,21
"CUB_PAN",-0.562103750995683,4
"CUB_PRY",2.55202164338506,19
"CUB_SLV",-0.0377383497904515,6
"CUB_URY",-0.642690291432249,19
"CUB_VEN",2.71802076158097,15
"CYM_BGR",-3.80202952795062,7
"CYM_CZE",-2.8909692984983,13
"CYM_HUN",-4.84980472291587,13
"CYM_POL",-3.49900445740548,13
"CYM_SVK",-7.40557880271684,9
"CYM_SVN",-1.83980711253172,8
"CYP_ABW",-0.903647125579375,10
"CYP_ALB",-1.98043057108627,12
"CYP_AND",-2.9692730828861,13
"CYP_ANT",0.0544659125963161,5
"CYP_ATG",1.96674208503123,10
"CYP_AUT",-0.221223907929002,23
"CYP_BGR",-0.582813825850774,14
"CYP_BHS",-0.216577292805713,10
"CYP_BIH",-1.58619663794247,10
"CYP_BLZ",0.851178112725304,10
"CYP_BMU",-5.10092865084675,5
"CYP_BRB",-0.185682238896681,10
"CYP_CHE",0.166687569787864,14
"CYP_CHL",1.12090610799532,14
"CYP_CMR",-2.40808739450052,4
"CYP_COL",-4.31521189364888,5
"CYP_CRI",-2.43047142019243,5
"CYP_CZE",0.257568054773384,14
"CYP_DMA",-0.61793818089252,10
"CYP_DOM",-2.28582848782402,10
"CYP_DZA",-0.302513547675713,14
"CYP_EGY",-0.666254793071231,14
"CYP_EST",2.49635529977135,14
"CYP_FIN",0.172145910635261,23
"CYP_FJI",-3.29599649762144,9
"CYP_FLK",-5.90348777096709,3
"CYP_FRO",-2.77509458076205,6
"CYP_GEO",-0.445754092081742,4
"CYP_GRD",-1.07047580931572,9
"CYP_GRL",-5.82330877849065,12
"CYP_GTM",-0.0671817680787199,5
"CYP_GUY",-2.38290999276689,10
"CYP_HND",0.909949367278273,5
"CYP_HRV",-1.85633433265452,14
"CYP_HUN",1.38087924791015,14
"CYP_ISL",-0.0811515440595575,14
"CYP_ISR",-0.251939358166056,14
"CYP_JAM",-1.80180960633645,10
"CYP_JOR",-1.80901050852426,14
"CYP_KNA",3.18656784093012,10
"CYP_KOR",1.20371988616817,7
"CYP_LBN",-2.40708392612644,14
"CYP_LCA",-2.01892136776709,8
"CYP_LTU",-0.658560154001583,14
"CYP_LVA",1.96407613180346,14
"CYP_MAR",-2.48024067566539,14
"CYP_MDA",-0.781632226160724,4
"CYP_MDG",-0.471905463142858,6
"CYP_MEX",-2.79248564942024,14
"CYP_MKD",-2.96498343462175,14
"CYP_MLT",1.15776310116436,14
"CYP_MSR",-5.83388718380507,3
"CYP_MUS",0.0524168146022805,6
"CYP_NCL",-1.73327542078478,14
"CYP_NIC",-2.80029817786599,5
"CYP_NOR",0.100405814776427,14
"CYP_PAN",1.61076571392742,5
"CYP_PER",-1.36132193222552,5
"CYP_PNG",-1.07318878584446,7
"CYP_POL",0.396966711395441,14
"CYP_PSE",-1.22660156123863,14
"CYP_PYF",0.911674467752449,14
"CYP_ROU",1.03888228367966,14
"CYP_SLV",-4.26052481669898,5
"CYP_SRB",-0.405618829931984,8
"CYP_SUR",-2.77074713551192,9
"CYP_SVK",0.895465153346275,14
"CYP_SVN",-0.970171732853485,14
"CYP_SWE",0.737763086989157,23
"CYP_SYC",1.18140887216581,6
"CYP_SYR",-2.74239715816988,14
"CYP_TTO",-2.36404697989422,10
"CYP_TUN",-1.49630239483436,14
"CYP_TUR",-0.904742192743176,14
"CYP_UKR",-1.36972417869213,4
"CYP_VCT",-0.223936156740957,10
"CYP_ZAF",0.0981437478799202,14
"CYP_ZWE",0.903338649188983,6
"CZE_ABW",-1.04628504132411,14
"CZE_AIA",0.234864612931623,12
"CZE_ALB",-0.261166561764748,12
"CZE_AND",0.484408462082855,14
"CZE_ANT",-0.688990646033814,5
"CZE_ATG",-0.7480044246699,10
"CZE_BHS",-3.24705099058145,10
"CZE_BIH",-1.15243283513583,10
"CZE_BLZ",-0.165503871210065,10
"CZE_BMU",-2.69050552946411,14
"CZE_BRB",-2.44300064615574,10
"CZE_CHL",0.886380900067377,14
"CZE_CMR",-0.88672211343235,4
"CZE_COL",-0.245510610303239,5
"CZE_CRI",0.506138715228599,5
"CZE_CYM",-1.57269231215038,13
"CZE_CYP",1.07447902161247,14
"CZE_DMA",-2.43433457660886,8
"CZE_DOM",-1.64571695643654,10
"CZE_DZA",0.186685720911216,14
"CZE_EGY",0.186246154615858,14
"CZE_EST",0.0103071310625298,20
"CZE_FJI",-2.87496904170181,9
"CZE_FRO",1.58516117344351,14
"CZE_GEO",-0.53017892403495,4
"CZE_GRD",-1.86006062203959,10
"CZE_GRL",1.02736232250667,14
"CZE_GTM",-0.790662394619997,5
"CZE_GUY",-0.849027914590105,10
"CZE_HND",-0.101774301832936,5
"CZE_HRV",-0.210093501281553,15
"CZE_IOT",-0.633920245245712,6
"CZE_ISR",0.0381045173987139,21
"CZE_JAM",-1.59548908785174,10
"CZE_JOR",-0.630149608198225,14
"CZE_KNA",-1.9741528370454,10
"CZE_KOR",0.340153782817743,7
"CZE_LBN",-1.42211719646537,14
"CZE_LCA",-2.88380257339096,10
"CZE_LTU",0.0948527321207568,21
"CZE_LVA",0.901580118399602,21
"CZE_MAR",0.408766538587347,14
"CZE_MDA",-0.120646544893333,4
"CZE_MDG",0.617433950718533,6
"CZE_MEX",0.253922381280095,14
"CZE_MKD",-0.284153768377136,14
"CZE_MLT",0.0719245664072181,14
"CZE_MSR",-2.89098660940736,3
"CZE_MUS",0.684167641586726,6
"CZE_MYT",-1.25206420958566,8
"CZE_NCL",0.138162118823886,14
"CZE_NIC",0.475105206387576,5
"CZE_PAN",-0.118357871913774,5
"CZE_PER",0.0800239927070178,5
"CZE_PNG",1.69014899950255,9
"CZE_PSE",0.0772880593972346,14
"CZE_PYF",-0.148349640817984,14
"CZE_SHN",-3.67658176701477,4
"CZE_SLV",-1.3167461028115,5
"CZE_SMR",-1.41798791992333,13
"CZE_SRB",0.128975050045773,8
"CZE_SUR",-1.19985600333719,10
"CZE_SYC",-0.406927148918109,6
"CZE_SYR",-1.93714498136208,14
"CZE_TCA",-0.115746865777381,13
"CZE_TTO",-1.53683268984279,10
"CZE_TUN",-0.274186698939377,14
"CZE_TUR",0.350436997152539,20
"CZE_UKR",-0.550649984954133,4
"CZE_VCT",-1.1630448202427,10
"CZE_VGB",0.507046657270707,11
"CZE_WLF",-2.50157174649435,3
"CZE_ZAF",0.736251364333609,14
"CZE_ZWE",-0.855994372046502,6
"DEU_ALB",0.0443790802067332,12
"DEU_ATG",-2.35881531635246,10
"DEU_BGR",0.0882319873173746,24
"DEU_BHS",-1.60435856642064,10
"DEU_BIH",-0.523290943078354,10
"DEU_BLZ",0.132836937729882,10
"DEU_BRB",-0.383851632783443,10
"DEU_CHL",1.0357907181163,15
"DEU_CMR",-0.669429923453823,4
"DEU_COL",-0.281473314521912,5
"DEU_CRI",0.273642683748169,5
"DEU_DMA",-0.899883773565201,10
"DEU_DOM",0.131308475357823,10
"DEU_FJI",-0.843394162553044,9
"DEU_FRO",0.279379171716587,26
"DEU_GEO",-0.26053693090816,4
"DEU_GRD",-0.541559548042707,10
"DEU_GTM",-0.216802448493449,5
"DEU_GUY",-0.39705389614528,10
"DEU_HND",-0.178271557800167,5
"DEU_HRV",0.133560028948456,16
"DEU_HUN",-0.349082178506805,26
"DEU_JAM",0.17584240035605,10
"DEU_JOR",-0.459925265330444,16
"DEU_KNA",2.30618374025287,10
"DEU_KOR",0.142094665135557,7
"DEU_LCA",-1.5240072586922,10
"DEU_MDA",0.0352108547027761,4
"DEU_MDG",-0.273974736601201,6
"DEU_MEX",-0.78540060672145,18
"DEU_MKD",-0.333339268926791,17
"DEU_MUS",-0.134051223687405,6
"DEU_NIC",0.0480615034650805,5
"DEU_PAN",0.497143282621961,5
"DEU_PER",0.123198570442277,5
"DEU_PNG",-0.478173296499656,9
"DEU_POL",0.35484963945202,26
"DEU_ROU",1.96478685807376,25
"DEU_SLV",-0.448738533015278,5
"DEU_SRB",0.216013867648294,8
"DEU_SUR",-0.295916182264503,10
"DEU_SYC",-0.812770933195065,6
"DEU_TTO",-0.907577950157984,10
"DEU_UKR",-0.0288368755592581,4
"DEU_VCT",-1.11667844326799,10
"DEU_VGB",1.53374532790921,11
"DEU_ZAF",1.574294033017,18
"DEU_ZWE",-1.2770337686071,6
"DJI_EGY",0.0610579351430717,19
"DJI_MDG",-1.61737754723131,15
"DMA_AUT",-1.18995083328066,10
"DMA_BEL",-2.43309953953479,10
"DMA_CYP",-2.74301980708727,5
"DMA_CZE",0.613022916939667,10
"DMA_DEU",-1.27204152677257,10
"DMA_DNK",-0.831542854877638,10
"DMA_ESP",-0.269221805476364,10
"DMA_EST",-1.59276504181966,7
"DMA_FIN",-2.29786072799184,7
"DMA_FRA",0.409641052098317,10
"DMA_GBR",-2.28519500003868,10
"DMA_GRC",-3.29926915064672,5
"DMA_HTI",-0.340102811479427,7
"DMA_HUN",-2.02374033097039,8
"DMA_IRL",-2.99033240546947,10
"DMA_ITA",-3.19990780967456,10
"DMA_LTU",-2.40728498226067,7
"DMA_LUX",-2.3133272787911,8
"DMA_LVA",-0.525749778354573,5
"DMA_NLD",0.261558720684099,10
"DMA_POL",-1.19496935165072,10
"DMA_ROU",-2.28044330068163,7
"DMA_SVK",0.647162214190705,10
"DMA_SVN",-0.0419009389507858,8
"DMA_SWE",-0.629597818499128,10
"DNK_ALB",-1.22392116809826,12
"DNK_ATG",-1.54555141569052,10
"DNK_BGR",0.186249902501974,24
"DNK_BHS",-2.99346969973831,10
"DNK_BIH",-0.991869542356624,10
"DNK_BLZ",-0.582834728071477,10
"DNK_BRB",-0.900406883943317,10
"DNK_CHL",0.985838014081065,15
"DNK_CMR",-0.19202370085075,4
"DNK_COL",0.0128203031148667,5
"DNK_CRI",0.75798309324441,5
"DNK_DMA",-0.176736692567283,10
"DNK_DOM",-0.630990482460978,10
"DNK_FJI",0.158793090684696,9
"DNK_FRO",-1.93926653837773,26
"DNK_GEO",-0.467543805527999,4
"DNK_GRD",-0.72462587293383,10
"DNK_GTM",-0.155943844633017,5
"DNK_GUY",0.194087645880374,10
"DNK_HND",0.0780009156646435,5
"DNK_HRV",0.148328233944769,16
"DNK_HUN",-0.498730433324543,26
"DNK_JAM",-0.394802845302026,10
"DNK_JOR",-1.02606200091979,16
"DNK_KNA",-1.66077205449523,10
"DNK_KOR",-0.210946002917451,7
"DNK_LCA",-2.03355709580262,10
"DNK_MDA",0.0678494187656173,4
"DNK_MDG",-0.910462573116962,6
"DNK_MEX",-0.981523146712168,18
"DNK_MKD",-1.09805166068566,17
"DNK_MUS",-0.239062972947522,6
"DNK_NIC",-0.833612740615385,5
"DNK_PAN",-0.332889314438822,5
"DNK_PER",0.139057660795028,5
"DNK_PNG",-0.514223168025501,9
"DNK_POL",-0.163526172193938,26
"DNK_ROU",2.23148702162169,25
"DNK_SLV",-0.181604685716482,5
"DNK_SRB",1.10301101659646,8
"DNK_SUR",0.257842809135592,10
"DNK_SYC",0.121668532940923,6
"DNK_TTO",-0.764135686394097,10
"DNK_UKR",-0.081498599181576,4
"DNK_VCT",-0.749414544309825,10
"DNK_VGB",0.192653868009179,11
"DNK_ZAF",0.413496230545101,18
"DNK_ZWE",0.711941759990086,6
"DOM_AUT",-0.291019070982611,10
"DOM_BEL",-0.937050417206037,10
"DOM_BGR",0.0288197335934837,10
"DOM_CRI",0.615399513219342,16
"DOM_CYP",-1.18002753660209,10
"DOM_CZE",-0.871181311456588,10
"DOM_DEU",-0.844598108984269,10
"DOM_DNK",-0.6217197715101,10
"DOM_ESP",-0.60015464458817,10
"DOM_EST",0.623225357493847,10
"DOM_FIN",-3.79368503609945,10
"DOM_FRA",-1.11074904260149,10
"DOM_GBR",-0.529412712285146,10
"DOM_GRC",-1.38036220957276,10
"DOM_GTM",1.55529962041172,17
"DOM_HND",-0.591997888612655,17
"DOM_HRV",-2.12977384351408,5
"DOM_HUN",-2.61730691140121,10
"DOM_IRL",-0.659380946391043,10
"DOM_ITA",-1.10579917145054,10
"DOM_LTU",-2.02236140548207,10
"DOM_LUX",1.17114129180172,10
"DOM_LVA",-1.82370055034073,10
"DOM_MLT",-1.15186405931616,10
"DOM_NIC",1.09638692938185,16
"DOM_NLD",-0.949789157561079,10
"DOM_POL",-0.270906870736031,10
"DOM_PRT",-1.10911631287667,10
"DOM_ROU",-1.36186486100684,10
"DOM_SLV",-0.0743137241164345,17
"DOM_SVK",-0.459443023954512,10
"DOM_SVN",-0.126101724942863,10
"DOM_SWE",-0.209517729417374,10
"DOM_USA",-1.11185151631852,11
"DZA_ARE",-0.208116307150201,9
"DZA_AUT",-2.59911919456729,23
"DZA_BGR",-3.42471911941896,11
"DZA_BHR",1.92273874773618,9
"DZA_COL",-0.680316655620866,20
"DZA_CYP",-3.05636242479659,14
"DZA_CZE",-2.97875771957013,14
"DZA_EST",-1.6253095881997,12
"DZA_FIN",-5.81154195100827,22
"DZA_HRV",1.2607841256968,5
"DZA_HUN",-3.44246886202976,14
"DZA_JOR",0.578006542723845,9
"DZA_KWT",-1.30753839164486,9
"DZA_LBN",0.823151288680498,9
"DZA_LTU",-3.36752103929064,12
"DZA_MLT",-1.86630908658984,14
"DZA_OMN",-2.27369978098892,8
"DZA_POL",-2.75900892218343,14
"DZA_QAT",0.593913844074234,9
"DZA_SAU",0.184944594985881,9
"DZA_SVK",-1.97923970007132,14
"DZA_SVN",-3.39877191727663,14
"DZA_SWE",-2.58507640273354,23
"DZA_SYR",0.745080568329422,7
"DZA_YEM",-0.259240176571673,6
"ECU_MAR",-0.349073257454319,21
"ECU_PAN",0.0702856386431071,6
"EGY_ARE",1.32535544500764,20
"EGY_AUT",1.17382592066916,23
"EGY_BDI",2.09129477355474,19
"EGY_BGR",1.38590747469568,11
"EGY_BHR",1.19688471827169,20
"EGY_CHE",0.0519914450666551,11
"EGY_COD",1.05561068573393,19
"EGY_COL",0.675810758294655,21
"EGY_CYP",-0.579225618185601,14
"EGY_CZE",0.346153053719453,14
"EGY_DJI",1.38500664159136,19
"EGY_ERI",6.82360037436261,19
"EGY_EST",1.94812038056005,14
"EGY_ETH",0.881274121282161,19
"EGY_FIN",-0.160591762008851,23
"EGY_HRV",0.186347006239727,5
"EGY_HUN",-0.0190097308760788,14
"EGY_ISL",0.566276203356851,11
"EGY_KEN",2.47504309746267,19
"EGY_KWT",0.439087535453259,20
"EGY_LBN",1.08191384022853,20
"EGY_LTU",3.11287297017072,14
"EGY_LVA",2.59938561664856,14
"EGY_MDG",2.15732543400411,19
"EGY_MLT",0.32687411483105,14
"EGY_MMR",-2.49161091954172,17
"EGY_MUS",2.80574637948033,19
"EGY_MWI",4.59306399383878,19
"EGY_NOR",-0.0171298489488634,11
"EGY_OMN",0.11026759970166,20
"EGY_POL",1.88070972259982,14
"EGY_QAT",0.0717198526434597,20
"EGY_RWA",3.00723255792936,19
"EGY_SAU",0.140253714712877,20
"EGY_SVK",1.48304274069721,14
"EGY_SVN",-0.143157579430895,14
"EGY_SWE",-0.0913384311872671,23
"EGY_SYC",3.03288764659458,17
"EGY_UGA",1.55571699244171,19
"EGY_VEN",-1.93531250555575,19
"EGY_ZMB",1.05299705684928,19
"ESP_ALB",0.183694459818907,12
"ESP_ATG",-1.95616166757491,10
"ESP_BGR",1.73312713051316,24
"ESP_BHS",-2.23372858181212,10
"ESP_BIH",-0.208756134154515,10
"ESP_BLZ",-0.597011867643123,10
"ESP_BRB",-0.243942644445961,10
"ESP_CHL",0.604141063772869,15
"ESP_CMR",0.0647822306827166,4
"ESP_COL",-0.223333888468807,5
"ESP_CRI",0.117260241612519,5
"ESP_DMA",-1.28878374647589,10
"ESP_DOM",-0.216805190561199,10
"ESP_FJI",0.0724348784301317,9
"ESP_FRO",-0.817658007310234,26
"ESP_GEO",0.382186543967508,4
"ESP_GRD",-0.622026408787442,10
"ESP_GTM",0.13757933846161,5
"ESP_GUY",-0.546013863315539,10
"ESP_HND",-0.342294046964559,5
"ESP_HRV",0.88959878696147,16
"ESP_HUN",0.793952776118088,26
"ESP_JAM",0.279097601883293,10
"ESP_JOR",-0.138708273995679,16
"ESP_KNA",-2.04479704568447,10
"ESP_KOR",0.416585889107258,7
"ESP_LCA",-0.768997033209097,10
"ESP_MDA",0.359746934484468,4
"ESP_MDG",0.0438866875823865,6
"ESP_MEX",-0.995189343841154,18
"ESP_MKD",0.491299421863128,17
"ESP_MUS",0.48371759744992,6
"ESP_NIC",-0.678485665408441,5
"ESP_PAN",0.0934445230292336,5
"ESP_PER",0.264400640927165,5
"ESP_PNG",-1.23643865260377,9
"ESP_POL",1.55068265971798,26
"ESP_ROU",3.34097473233969,25
"ESP_SLV",-0.103386522327213,5
"ESP_SRB",0.574030286374088,8
"ESP_SUR",-0.332828119699918,10
"ESP_SYC",0.194415543297417,6
"ESP_TTO",-1.36762540699921,10
"ESP_UKR",0.130875515462149,4
"ESP_VCT",-2.89416423826257,10
"ESP_VGB",-0.975180364769936,11
"ESP_ZAF",1.40776133036612,18
"ESP_ZWE",-0.879358439475075,6
"EST_ALB",2.16358035365481,12
"EST_AND",-2.6193304220034,14
"EST_ANT",1.11901928581347,5
"EST_ATG",-2.6351053585603,10
"EST_BGR",1.27679433502692,16
"EST_BHS",-1.22790499888997,10
"EST_BIH",0.311730927499705,10
"EST_BLZ",-3.70802194819601,10
"EST_BMU",-7.07410415218952,9
"EST_BRB",-0.313497309834496,10
"EST_CHL",1.59968885106113,14
"EST_CMR",0.803048621319502,4
"EST_COL",-0.543919202761136,5
"EST_CRI",-1.3121013559828,5
"EST_CYM",-4.3696714543982,6
"EST_CYP",0.70841752399998,14
"EST_CZE",0.416924408019212,20
"EST_DMA",-1.88756727763352,10
"EST_DOM",-0.435206920839005,10
"EST_DZA",0.309423293282521,14
"EST_EGY",-0.313902413973588,14
"EST_GEO",-0.144127826959462,4
"EST_GRD",-6.15679501751129,6
"EST_GRL",1.37006167669658,12
"EST_GTM",-0.658709671596882,5
"EST_GUY",-0.0642331322368534,9
"EST_HND",-1.26143034898705,5
"EST_HRV",1.2696282754242,14
"EST_HUN",0.336807381759895,17
"EST_ISR",0.304199565047367,14
"EST_JAM",-2.8332706194865,10
"EST_JOR",0.323320671296356,14
"EST_KOR",1.0606755937859,7
"EST_LBN",1.31554104696207,14
"EST_MAR",0.248558534835882,14
"EST_MDA",-0.9056743156144,4
"EST_MDG",0.338493831048127,6
"EST_MEX",0.226210818081578,14
"EST_MKD",-0.581576876814763,14
"EST_MLT",-0.151864622505369,14
"EST_MUS",0.388138081432353,6
"EST_MYT",-2.32310606773743,3
"EST_NCL",1.21441786359146,14
"EST_NIC",-0.0658403849467833,5
"EST_PAN",-2.84211454305747,5
"EST_PER",0.159939922898705,5
"EST_PNG",-1.22498361972775,5
"EST_POL",0.187837242004731,14
"EST_PYF",-0.647571667007979,14
"EST_ROU",1.17748160260813,14
"EST_SLV",-0.751293847368602,5
"EST_SRB",0.713665505170767,8
"EST_SUR",1.16496560725938,8
"EST_SVK",0.249687972863392,20
"EST_SVN",1.98890027849382,21
"EST_SYC",-1.25930523419106,6
"EST_SYR",-0.527443164271407,14
"EST_TTO",-1.64635840820424,10
"EST_TUN",0.926209522862531,14
"EST_TUR",-0.38144687535087,20
"EST_VCT",-3.56240945375268,10
"EST_VGB",-0.877576846041803,9
"EST_ZAF",0.809720038960848,14
"EST_ZWE",2.89293953382532,6
"ETH_EGY",0.471909942958373,19
"FIN_ABW",0.461671842328472,23
"FIN_ALB",-0.795969889856679,12
"FIN_ANT",-0.0670941823573161,14
"FIN_ATG",-1.72553024404466,10
"FIN_BHS",-0.907161080005451,10
"FIN_BIH",-0.292419530643283,10
"FIN_BLZ",-1.83653738723539,10
"FIN_BMU",-6.73703142093842,23
"FIN_BRB",-2.20796326322875,10
"FIN_CHL",0.987343144903174,15
"FIN_CMR",-0.90420065116366,4
"FIN_COL",-0.557150051846092,5
"FIN_CRI",0.0578182960266162,5
"FIN_CYP",0.189919443088911,23
"FIN_DMA",-1.74054438262118,9
"FIN_DOM",-0.217693602498212,10
"FIN_DZA",-0.090367341972422,23
"FIN_EGY",0.0703203915188296,23
"FIN_FJI",0.0354078444734296,9
"FIN_FLK",-1.63690962404508,15
"FIN_FRO",-0.470999076724211,23
"FIN_GEO",-0.50697149706082,4
"FIN_GRD",-3.69718120492811,10
"FIN_GRL",-0.206398840440592,23
"FIN_GTM",-0.0175196116102547,5
"FIN_GUY",-0.632633135964633,10
"FIN_HND",-1.23196101653477,5
"FIN_HRV",0.391610714765388,16
"FIN_ISR",-0.721754780442977,25
"FIN_JAM",-1.17406067923827,10
"FIN_JOR",0.641761842501837,16
"FIN_KNA",-0.119440436171674,10
"FIN_KOR",0.871881033957951,7
"FIN_LBN",-1.02288366258004,23
"FIN_LCA",-3.80462950430248,10
"FIN_MAR",0.121399527255966,23
"FIN_MDA",-0.144363961433431,4
"FIN_MDG",-0.783232670865047,6
"FIN_MEX",-0.587736194862449,18
"FIN_MKD",0.104843723092159,17
"FIN_MLT",-1.29274901215493,23
"FIN_MUS",-2.10677977866525,6
"FIN_NIC",-1.35296846910103,5
"FIN_PAN",-0.329267073258342,5
"FIN_PER",0.237425391848205,5
"FIN_PNG",-1.07090940764031,9
"FIN_ROU",3.11184848387742,25
"FIN_SLV",-0.92890925319067,5
"FIN_SRB",0.810008613897174,8
"FIN_SUR",0.270075619853646,10
"FIN_SYC",-0.799911118818229,6
"FIN_SYR",-1.03794337384074,23
"FIN_TTO",-1.16133239935689,10
"FIN_TUN",-0.406818775488046,23
"FIN_TUR",0.706594502394966,26
"FIN_UKR",-0.367653782635969,4
"FIN_VCT",-2.52157962434597,10
"FIN_VGB",1.60620882436992,11
"FIN_ZWE",-0.651198055633684,6
"FJI_AUT",-1.40892455515669,9
"FJI_BEL",-3.78269352828738,9
"FJI_BGR",0.938413126838321,8
"FJI_CYP",0.532413722541527,5
"FJI_CZE",0.53548707573626,9
"FJI_DEU",-0.831391369203903,9
"FJI_DNK",-2.5201409840946,9
"FJI_ESP",0.982166068402799,9
"FJI_EST",-4.74572444519904,7
"FJI_FIN",-3.60335083026263,9
"FJI_FRA",-0.421646754390391,9
"FJI_GBR",-1.37646685814898,9
"FJI_GRC",-4.11244321523028,3
"FJI_HUN",-2.5260086083155,5
"FJI_IRL",-0.344622022227962,9
"FJI_ITA",-0.242980727962422,9
"FJI_MLT",-0.35531809218353,5
"FJI_NLD",0.0691621244276079,9
"FJI_POL",0.449845988436694,9
"FJI_PRT",-1.74477577965668,8
"FJI_ROU",-0.249224431462242,3
"FJI_SVK",-2.16655929393826,8
"FJI_SVN",-0.601749893113576,9
"FJI_SWE",-0.848545607740022,9
"FLK_CZE",-1.35347050037868,14
"FLK_HUN",-1.17253587757269,3
"FLK_LTU",0.769949918228601,6
"FLK_SVN",-0.841755915835607,14
"FRA_ALB",-0.158217641602486,12
"FRA_ATG",0.734426771859865,10
"FRA_BGR",2.42584997205869,24
"FRA_BHS",-1.25403514124097,10
"FRA_BIH",-0.227652420671694,10
"FRA_BLZ",-1.07459452414243,10
"FRA_BRB",0.123428472019366,10
"FRA_CHL",0.887733574455183,15
"FRA_CMR",-0.82756329528479,4
"FRA_COL",-0.314074748088001,5
"FRA_CRI",-0.29246259637879,5
"FRA_DMA",-0.271981351350429,10
"FRA_DOM",0.140212546416356,10
"FRA_FJI",0.393100751725803,9
"FRA_GEO",-0.0763145154967166,4
"FRA_GRD",-0.488739522319056,10
"FRA_GTM",-0.183820113970039,5
"FRA_GUY",-1.64287403114352,10
"FRA_HND",-0.295457722835649,5
"FRA_HRV",0.242565142410818,16
"FRA_HUN",2.65433812762452,26
"FRA_JAM",-0.357410643665529,10
"FRA_JOR",-0.378622920562281,16
"FRA_KNA",-0.827101339688281,10
"FRA_KOR",0.103926281730539,7
"FRA_LCA",-1.38114015711924,10
"FRA_MDA",0.0666572247107082,4
"FRA_MDG",-0.461399944825704,6
"FRA_MEX",-1.24470063766295,18
"FRA_MKD",-0.34374258365371,17
"FRA_MUS",-0.120245927927175,6
"FRA_NIC",-0.179361704410525,5
"FRA_PAN",0.406310478814156,5
"FRA_PER",-0.027593657990359,5
"FRA_PNG",0.390516719222747,9
"FRA_POL",1.79537611241209,26
"FRA_ROU",1.88446713667877,25
"FRA_SLV",-0.83121991069009,5
"FRA_SRB",0.236276210764424,8
"FRA_SUR",-0.157164128287258,10
"FRA_SYC",0.51075886648797,6
"FRA_TTO",-0.519065186738291,10
"FRA_UKR",0.165353168904429,4
"FRA_VCT",-1.70227050041476,10
"FRA_VGB",1.1069289759371,11
"FRA_ZAF",0.951597784348753,18
"FRA_ZWE",-0.644940787006762,6
"FRO_BGR",1.44314384950787,11
"FRO_CHE",-1.39824474678702,23
"FRO_CYP",0.415141934485606,6
"FRO_CZE",0.680763149989155,14
"FRO_DEU",-2.40889487445532,26
"FRO_DNK",-1.02066379598044,26
"FRO_FIN",-3.05416021475951,23
"FRO_FRA",3.55561683945708,26
"FRO_GBR",3.15737056323324,26
"FRO_GRC",-2.96797292179986,26
"FRO_ISL",1.60968906300952,25
"FRO_LTU",-0.55815034876002,14
"FRO_NOR",1.45991165094297,25
"FRO_PRT",-2.55959057254671,23
"FRO_ROU",-2.15717830042166,8
"FRO_SVK",0.106958585174767,14
"FRO_SVN",-0.252113391499409,14
"FRO_SWE",-0.603155356635337,23
"GAB_CAF",3.14753423472213,18
"GAB_CMR",0.673688249715648,18
"GAB_COG",4.34617004245947,19
"GAB_GNQ",1.40685808484559,8
"GBR_ALB",-0.423963411574354,12
"GBR_ATG",-0.888780704537838,10
"GBR_BGR",2.51540255736937,24
"GBR_BHS",-0.847781010186807,10
"GBR_BIH",-0.177617829288814,10
"GBR_BLZ",-0.81112043396411,10
"GBR_BRB",-0.489020962757535,10
"GBR_CHL",0.819003452100585,15
"GBR_CMR",-0.518799046015434,4
"GBR_COL",-0.272145320444749,5
"GBR_CRI",0.125892769106462,5
"GBR_DMA",-0.592347842914632,10
"GBR_DOM",0.256361415546606,10
"GBR_FJI",-0.149764992781943,9
"GBR_FRO",-0.114262078880377,26
"GBR_GEO",-0.595839439479908,4
"GBR_GRD",-0.512705589504889,10
"GBR_GTM",-0.498884382842669,5
"GBR_GUY",-0.759066280428158,10
"GBR_HND",-0.242970361830278,5
"GBR_HRV",0.0761851923360342,16
"GBR_HUN",3.04442555153473,26
"GBR_JAM",-0.777268062449745,10
"GBR_JOR",-0.925932112240693,16
"GBR_KNA",-1.07616043291086,10
"GBR_KOR",0.147248537448007,7
"GBR_LCA",-1.68413267426298,10
"GBR_MDA",0.046467119274727,4
"GBR_MDG",-0.212607318435072,6
"GBR_MEX",-1.1685146114646,18
"GBR_MKD",0.670985484894456,17
"GBR_MUS",-0.15894233115044,6
"GBR_NIC",-0.471767936195423,5
"GBR_PAN",0.635260068515703,5
"GBR_PER",0.0997959773724348,5
"GBR_PNG",-0.455281722248118,9
"GBR_POL",3.10037694547133,26
"GBR_ROU",1.61454948599887,25
"GBR_SLV",-0.135642888014105,5
"GBR_SRB",0.247317330554619,8
"GBR_SUR",-0.977823394617579,10
"GBR_SYC",-0.0140191390019716,6
"GBR_TTO",-0.66852757754997,10
"GBR_UKR",0.0951820688683149,4
"GBR_VCT",-0.1243977993571,10
"GBR_VGB",1.27250987911879,11
"GBR_ZAF",1.45363492728704,18
"GBR_ZWE",-0.0950877682630892,6
"GEO_AUT",0.117448083084691,4
"GEO_BEL",-0.681455037522211,4
"GEO_BGR",0.960326361542418,4
"GEO_CYP",-2.40839319851078,4
"GEO_CZE",0.261153621143161,4
"GEO_DEU",-0.0536777111170619,4
"GEO_DNK",0.350144554121758,4
"GEO_ESP",-0.405159836209309,4
"GEO_EST",1.00758189807396,4
"GEO_FIN",-0.360343962895178,4
"GEO_FRA",-0.167046100000992,4
"GEO_GBR",-1.23046210546015,4
"GEO_GRC",-1.89033206478675,4
"GEO_HRV",-1.40096161225877,4
"GEO_HUN",0.630021169389219,4
"GEO_IRL",-0.723428964702958,4
"GEO_ITA",0.284352454168274,4
"GEO_LTU",1.4443233767769,4
"GEO_LUX",2.07782159655318,4
"GEO_LVA",0.50677547076308,4
"GEO_MDA",-0.422653711337313,15
"GEO_MLT",-2.76444223478084,4
"GEO_NLD",1.27057145163007,4
"GEO_POL",0.763879012384619,4
"GEO_PRT",-3.78357804232947,4
"GEO_ROU",0.0653890742774257,4
"GEO_SVK",-0.327955129073178,4
"GEO_SVN",-2.16054898616297,4
"GEO_SWE",-0.708798108063388,4
"GEO_TKM",-0.259545615961141,18
"GEO_TUR",-0.825738530011295,10
"GHA_COL",-0.916731516161229,21
"GHA_PHL",-1.54544659893438,24
"GIN_COL",-2.61148480497691,15
"GIN_MAR",-0.345633266978377,21
"GNQ_CMR",-2.51372179348204,17
"GRC_ALB",-1.04536440598101,12
"GRC_AND",-0.644267250487269,26
"GRC_ATG",-0.199215173248349,10
"GRC_BGR",0.669949814645817,24
"GRC_BHS",-1.16390763768983,10
"GRC_BIH",0.607860736457949,10
"GRC_BLZ",-0.0713074063544222,10
"GRC_BRB",0.149168697045234,10
"GRC_CHL",1.51482510824612,15
"GRC_CMR",-1.81697417610288,4
"GRC_COL",-0.73340965160247,5
"GRC_CRI",0.319228016804265,5
"GRC_DMA",-1.44182135453003,7
"GRC_DOM",-0.0220661928949455,10
"GRC_FJI",-2.27472360817766,9
"GRC_FRO",-1.73257932605905,23
"GRC_GEO",0.0582426616044598,4
"GRC_GRD",-1.39608839389249,10
"GRC_GTM",0.756696346473501,5
"GRC_GUY",-2.36286452885926,10
"GRC_HND",-0.839682029875934,5
"GRC_HRV",0.265217605010142,16
"GRC_HUN",-1.15959555071948,26
"GRC_JAM",0.093208527509474,10
"GRC_JOR",-1.96862606582115,16
"GRC_KNA",0.108432618502234,10
"GRC_KOR",0.316187784657014,7
"GRC_LCA",-1.80667822549418,10
"GRC_MDA",-0.696535069309354,4
"GRC_MDG",-0.992334999124762,6
"GRC_MEX",-1.11394174789698,18
"GRC_MKD",-0.701300865202847,17
"GRC_MUS",0.314907488481554,6
"GRC_NIC",-0.0845163232487422,5
"GRC_PAN",0.496343952731761,5
"GRC_PER",1.09991576166161,5
"GRC_PNG",-1.77478719108853,8
"GRC_POL",-0.287661346210213,26
"GRC_ROU",1.34956147677322,25
"GRC_SLV",0.553539539906078,5
"GRC_SRB",1.29230125874756,8
"GRC_SUR",-0.676957291309129,10
"GRC_SYC",1.17377205028173,6
"GRC_TTO",0.421919220679898,10
"GRC_UKR",0.86128490643463,4
"GRC_VCT",-3.2797446438549,10
"GRC_VGB",2.10310168698007,10
"GRC_ZAF",-0.659794213608379,18
"GRC_ZWE",-0.355577326355001,6
"GRD_AUT",-2.43013551574546,10
"GRD_BEL",-0.512385591495222,10
"GRD_CZE",-3.35588593936228,9
"GRD_DEU",-0.404919249220825,10
"GRD_DNK",-1.81708821372859,7
"GRD_ESP",-2.84355758506791,10
"GRD_EST",-2.56038366601828,5
"GRD_FIN",-1.96251840447717,10
"GRD_FRA",0.03163106826171,10
"GRD_GBR",-1.43684669861141,10
"GRD_IRL",-0.793179030018768,10
"GRD_ITA",-1.80966052881557,10
"GRD_NLD",-0.0283279174097858,10
"GRD_POL",0.966162832516828,10
"GRD_SVK",0.732956656010041,10
"GRD_SVN",-4.36676737776742,10
"GRD_SWE",-3.82322919718646,8
"GRL_BGR",-0.59599142014783,3
"GRL_CZE",0.191369248055115,14
"GRL_EST",0.857381919132786,14
"GRL_FIN",-2.11613094076033,22
"GRL_LTU",-0.350348287665481,9
"GRL_POL",1.7493669911765,14
"GRL_SVN",-2.11815665772912,14
"GTM_AUT",-1.89754618220664,5
"GTM_BEL",0.283608846505541,5
"GTM_BGR",-1.16856856809488,5
"GTM_CHL",1.46456017949494,8
"GTM_COL",-0.341614862108661,9
"GTM_CYP",-4.69190118737561,5
"GTM_CZE",0.184884244737801,5
"GTM_DEU",-0.741346286131721,5
"GTM_DNK",-1.67649209957918,5
"GTM_DOM",1.04619237385533,17
"GTM_ESP",0.266026892241161,5
"GTM_EST",-0.518645296539108,5
"GTM_FIN",-1.34277999538367,5
"GTM_FRA",-0.659007351305107,5
"GTM_GBR",0.129014485823523,5
"GTM_GRC",2.30845716646094,5
"GTM_HRV",-1.75098512554984,5
"GTM_HUN",-2.51908456045923,5
"GTM_IRL",0.451732432338819,5
"GTM_ITA",0.286079745547295,5
"GTM_LTU",-3.9992222809819,5
"GTM_LUX",-1.53354429821201,5
"GTM_LVA",-3.98913711865181,5
"GTM_MEX",-0.614139145765906,17
"GTM_MLT",-2.45177979488893,3
"GTM_NLD",0.289660000418028,5
"GTM_PAN",0.118866891302655,9
"GTM_POL",-0.409569784618086,5
"GTM_PRT",-0.718046255534626,5
"GTM_ROU",-0.580926662948457,5
"GTM_SVK",-0.605442346061586,5
"GTM_SVN",-1.08027812998562,5
"GTM_SWE",-1.62894959132149,5
"GTM_TWN",0.690547976758285,12
"GTM_USA",-0.0934233549203324,12
"GUY_AUT",-0.250873548895239,10
"GUY_BEL",-0.385148249335134,10
"GUY_BGR",-3.17445466229122,6
"GUY_COL",0.12018488966404,21
"GUY_CYP",-2.17003494508595,7
"GUY_CZE",-3.15644070884046,10
"GUY_DEU",-1.07284424767057,10
"GUY_DNK",-1.27738778110939,10
"GUY_ESP",-0.368928701092541,10
"GUY_EST",-0.781075084544543,10
"GUY_FIN",-3.15582828062634,10
"GUY_FRA",-0.722079892660012,10
"GUY_GBR",-1.3576105769613,10
"GUY_GRC",0.407002525266582,6
"GUY_HRV",0.799258184999208,5
"GUY_HTI",-1.16770833120346,16
"GUY_HUN",-7.32829193484035,3
"GUY_IRL",-1.04666451476632,10
"GUY_ITA",0.530842803781576,10
"GUY_LTU",-2.76889279160839,4
"GUY_LUX",-1.01120683527593,7
"GUY_MAR",-4.92750376016712,13
"GUY_NLD",-0.437170915350282,10
"GUY_POL",-1.25392619611338,10
"GUY_PRT",-0.379759053872352,10
"GUY_SUR",3.9145023747365,23
"GUY_SVK",-2.44910882953987,10
"GUY_SVN",1.18528711176498,10
"GUY_SWE",-0.198646635114759,10
"GUY_VEN",1.75008536786949,19
"HKG_CHE",0.456998639120362,6
"HKG_CHL",-0.433921845225337,4
"HKG_CHN",-0.996091680541583,15
"HKG_ISL",-0.136670196570822,6
"HKG_NOR",-1.22844041211755,6
"HKG_NZL",-0.136642206233602,7
"HND_AUT",-0.920398898242132,5
"HND_BEL",0.0299613893063261,5
"HND_BGR",0.813353930712146,5
"HND_CAN",0.904898010064712,4
"HND_CHL",2.72407711849419,10
"HND_COL",0.53900943036698,8
"HND_CYP",-0.461679894105081,5
"HND_CZE",-0.995179023870645,5
"HND_DEU",0.672469003576321,5
"HND_DNK",-0.656569526540906,5
"HND_DOM",2.29242243152248,17
"HND_ESP",0.0382927139541597,5
"HND_EST",0.368552375966875,5
"HND_FIN",0.560106792113726,5
"HND_FRA",0.878262483436691,5
"HND_GBR",0.55269234716466,5
"HND_GRC",0.265124588986833,5
"HND_HRV",-1.65256691972123,5
"HND_HUN",-1.58077271798136,5
"HND_IRL",-0.769793428644238,5
"HND_ITA",0.494813687531608,5
"HND_LTU",-1.81792399759658,5
"HND_LUX",-2.02891227088624,5
"HND_LVA",-0.977573023179738,5
"HND_MEX",1.42068852273926,17
"HND_MLT",-3.48126548928018,5
"HND_NLD",1.19496231710813,5
"HND_PAN",0.427641405712668,9
"HND_POL",-2.07020294774075,5
"HND_PRT",-0.3478242176601,5
"HND_ROU",-0.217496104089787,5
"HND_SVK",-0.199697325659157,5
"HND_SVN",0.410569678664411,5
"HND_SWE",0.499652611662755,5
"HND_TWN",2.77703473594948,10
"HND_USA",0.0910160326937034,12
"HRV_ABW",0.115645058050437,3
"HRV_ALB",0.116818972417112,15
"HRV_AND",1.19897763580575,5
"HRV_ATG",-4.64859528465195,5
"HRV_AUT",1.16625409559042,16
"HRV_BGR",1.35159346340968,15
"HRV_BHS",-4.0371728344384,5
"HRV_BIH",-1.33352275305341,17
"HRV_BLZ",-3.97552130837283,5
"HRV_BMU",-6.06945126169885,5
"HRV_BRB",0.27789779322708,5
"HRV_CHE",0.942433766560952,16
"HRV_CHL",0.448082031519758,5
"HRV_CMR",-0.053816094980497,4
"HRV_COL",0.149788593878943,5
"HRV_CRI",-1.1939540720185,5
"HRV_CYM",-3.04999082779291,5
"HRV_CYP",-0.555944343340772,14
"HRV_CZE",0.912901083539392,15
"HRV_DEU",0.488204780637958,16
"HRV_DNK",0.683333146685126,16
"HRV_DOM",-0.949330783227712,5
"HRV_DZA",0.284129260492381,5
"HRV_EGY",-0.0240631291542412,5
"HRV_ESP",1.00052872191132,16
"HRV_EST",1.66141150206332,14
"HRV_FIN",1.83550973576743,16
"HRV_FJI",-1.72370954622545,3
"HRV_FRA",0.572015340826443,16
"HRV_FRO",-1.44563825642775,3
"HRV_GBR",1.09759826092444,16
"HRV_GEO",-0.510709423229249,4
"HRV_GRC",0.158967072333731,16
"HRV_GRL",-4.5926209399583,5
"HRV_GTM",-0.25544349764662,5
"HRV_GUY",-0.580461778160838,4
"HRV_HND",-1.86658343677714,4
"HRV_HUN",1.38071018724832,15
"HRV_IRL",-0.29932171830969,16
"HRV_ISL",1.38465274776034,16
"HRV_ISR",0.968717325850284,5
"HRV_ITA",0.32779761463015,16
"HRV_JAM",-1.25381522692756,5
"HRV_JOR",0.78904491903867,5
"HRV_KOR",1.12199708608196,5
"HRV_LBN",0.342670265970845,5
"HRV_LTU",0.802252066138058,14
"HRV_LVA",1.17012129256969,14
"HRV_MAR",-0.0165159420559466,5
"HRV_MDA",-1.29012264054623,14
"HRV_MDG",-0.996949900663143,5
"HRV_MEX",0.14627272261036,5
"HRV_MKD",-0.626245936221313,21
"HRV_MLT",0.171679361359783,14
"HRV_MUS",-1.38269248624889,5
"HRV_NCL",-2.31331621349654,5
"HRV_NIC",-3.19915116036944,5
"HRV_NLD",0.892753262769512,16
"HRV_NOR",0.701248142244541,16
"HRV_PAN",-3.57573807641574,5
"HRV_PER",-0.392999136343543,5
"HRV_POL",0.544113149499187,15
"HRV_PRT",1.67315008986376,16
"HRV_PSE",0.952041767667208,5
"HRV_PYF",1.72715780358596,5
"HRV_ROU",2.23729866276929,15
"HRV_SLV",2.07410178684745,5
"HRV_SMR",-1.29101711083126,5
"HRV_SUR",-2.03046087119382,3
"HRV_SVK",1.18476561228372,15
"HRV_SVN",-0.498695830586875,20
"HRV_SWE",0.716408446197287,16
"HRV_SYC",1.55646212830292,5
"HRV_SYR",-2.54267837832984,5
"HRV_TTO",-0.832760512946654,5
"HRV_TUN",-0.261015269068288,5
"HRV_TUR",0.74450757994204,15
"HRV_UKR",-0.425442622643959,4
"HRV_VCT",-4.81204508978266,5
"HRV_VGB",0.707715494100035,5
"HRV_ZAF",0.37707369327935,5
"HRV_ZWE",-0.263877865445092,4
"HTI_ATG",-1.65538503579085,12
"HTI_BHS",0.272886486212424,15
"HTI_BLZ",-1.46753423743792,5
"HTI_BRB",-1.12913122204916,16
"HTI_DMA",-0.665854046735147,4
"HTI_GRD",-0.352632934650941,16
"HTI_GUY",0.752632650745688,14
"HTI_JAM",-0.123816818230457,16
"HTI_KNA",-2.85595362928641,12
"HTI_LCA",-1.07379915360491,16
"HTI_TTO",-1.63940953851176,12
"HTI_VCT",1.00826430492329,16
"HUN_ALB",-0.441947382508617,12
"HUN_AND",-1.08236611782851,14
"HUN_ANT",-0.291631183696659,5
"HUN_ATG",-0.617467364834577,10
"HUN_AUT",1.54118863645323,25
"HUN_BGR",1.15196869505884,19
"HUN_BHS",-2.92119629334619,10
"HUN_BIH",-1.26689770427838,10
"HUN_BLZ",-0.0787379456003385,10
"HUN_BMU",-3.04909955523014,14
"HUN_BRB",1.05104357091526,10
"HUN_CHE",-0.546429109254935,25
"HUN_CHL",1.029884980648,14
"HUN_CMR",0.632895653145707,4
"HUN_COL",0.780133755044798,5
"HUN_CRI",2.4655513943294,5
"HUN_CYM",-3.3133422045011,14
"HUN_CYP",0.514857225122763,14
"HUN_DEU",0.0903428422159245,26
"HUN_DMA",-0.733887815803188,10
"HUN_DNK",0.0566022836123189,26
"HUN_DOM",0.4635504377007,10
"HUN_DZA",-0.0848003261233338,14
"HUN_EGY",0.140750187669072,14
"HUN_ESP",1.13435715285944,26
"HUN_EST",0.255987859452237,17
"HUN_FJI",-0.583026311354283,9
"HUN_FRA",0.971335615738952,26
"HUN_FRO",-0.536580060743977,13
"HUN_GBR",2.58031603223394,26
"HUN_GEO",-0.254555152391739,4
"HUN_GRC",-0.902235076886691,26
"HUN_GRD",-0.840187689681394,9
"HUN_GRL",0.00259908440583947,12
"HUN_GTM",0.360940150225796,5
"HUN_GUY",-0.538047144405598,10
"HUN_HND",1.42980830118684,5
"HUN_HRV",0.66167396480876,15
"HUN_IRL",2.72401053445722,26
"HUN_ISL",0.197674435544595,25
"HUN_ISR",0.0470381400541453,20
"HUN_ITA",0.0337331237082798,26
"HUN_JAM",0.845930826145142,10
"HUN_JOR",-0.173015893832792,14
"HUN_KNA",-0.42391736954186,10
"HUN_KOR",0.560292037107198,7
"HUN_LBN",-0.653060358940645,14
"HUN_LCA",-1.91518115714366,9
"HUN_LTU",-0.402228388695546,18
"HUN_LVA",0.544504359430243,18
"HUN_MAR",0.454225435377105,14
"HUN_MDA",0.0208016535929922,4
"HUN_MDG",-0.171145830471725,6
"HUN_MEX",0.452131595042573,14
"HUN_MKD",-0.402438617978526,14
"HUN_MLT",0.61982342215351,14
"HUN_MSR",-0.33978768707053,4
"HUN_MUS",-1.43708212055248,6
"HUN_MYT",-0.901117748360948,6
"HUN_NCL",0.137404018527898,14
"HUN_NIC",1.03966027559763,5
"HUN_NLD",1.58694416837046,26
"HUN_NOR",1.99789977621799,25
"HUN_PAN",2.05811295873604,5
"HUN_PER",0.9315476740725,5
"HUN_PNG",-2.57114594223515,8
"HUN_PRT",1.71000723225062,26
"HUN_PYF",-0.496742563430903,14
"HUN_ROU",1.11040266850887,21
"HUN_SLV",1.37327032898675,5
"HUN_SMR",0.0994944419500677,14
"HUN_SRB",0.527844844130183,8
"HUN_SUR",0.229175152004194,10
"HUN_SWE",1.97409358392566,25
"HUN_SYC",-1.51567247693465,6
"HUN_SYR",-1.39262242724262,14
"HUN_TTO",1.18380560538513,10
"HUN_TUN",-0.0670230931496118,14
"HUN_TUR",0.198083259778499,20
"HUN_UKR",-0.137299830075736,4
"HUN_VCT",-0.476961409518092,10
"HUN_ZAF",0.564421569424228,14
"HUN_ZWE",-0.368325256008665,6
"IDN_AUS",-0.180097614006684,6
"IDN_BRN",4.79839137232243,26
"IDN_CHN",-0.0997890750457757,13
"IDN_CMR",1.29220967065077,26
"IDN_COL",0.712096640774531,21
"IDN_IRN",0.612222827861459,26
"IDN_JPN",-0.00324931086978406,10
"IDN_KHM",-0.490076287204741,19
"IDN_LAO",1.75230709811371,21
"IDN_MAR",-0.120396664149885,21
"IDN_MMR",1.19256138588476,21
"IDN_NZL",0.102735509627158,6
"IDN_PHL",0.261010418306809,26
"IDN_VEN",0.391373631658532,19
"IND_AFG",-0.152989015414425,15
"IND_BRN",0.86576612426103,8
"IND_BTN",0.993642683789076,23
"IND_CHN",0.162878756061319,16
"IND_CMR",1.40772099878494,26
"IND_COL",1.37942762144139,21
"IND_IRN",1.15890864846682,26
"IND_JPN",-0.222985837717964,7
"IND_KHM",0.012753720415665,8
"IND_MAR",0.728568466647549,21
"IND_MDV",0.648741039150014,23
"IND_MMR",1.23515903456905,21
"IND_NPL",1.48748966807267,23
"IND_PHL",0.160104474364895,26
"IND_PRY",0.543367522413419,9
"IND_URY",0.317187979584248,9
"IND_VEN",0.698323116054626,19
"IOT_CZE",4.19172207877539,14
"IOT_EST",-1.87715890189561,7
"IOT_FIN",-0.393061220911719,10
"IOT_SVK",1.13607582165258,12
"IOT_SVN",0.510289125885376,13
"IRL_ALB",-0.134738251318498,12
"IRL_ATG",-2.68603194085057,10
"IRL_BHS",-0.929222497349266,10
"IRL_BIH",-0.488297667698715,10
"IRL_BLZ",-1.46892999104345,10
"IRL_BRB",-0.682676088026187,10
"IRL_CHL",0.29863612274916,15
"IRL_CMR",-1.03170854245963,4
"IRL_COL",-0.345129966866642,5
"IRL_CRI",-1.5731184113956,5
"IRL_DMA",-1.26621288603483,10
"IRL_DOM",-0.633157409113044,10
"IRL_FJI",-0.145229920041794,9
"IRL_GEO",-0.25977786839369,4
"IRL_GRD",-1.34456746828031,10
"IRL_GTM",-0.290543029537868,5
"IRL_GUY",-0.707944266183817,10
"IRL_HND",-0.396734725870925,5
"IRL_HRV",0.00707129841103166,16
"IRL_JAM",-1.41179648345108,10
"IRL_JOR",-0.500749774701275,16
"IRL_KNA",-0.423289731661452,10
"IRL_KOR",-0.737602022043729,7
"IRL_LCA",-1.90696448677972,10
"IRL_MDA",-0.500547888153296,4
"IRL_MDG",-1.11364703082768,6
"IRL_MEX",-1.68865676746293,18
"IRL_MKD",-0.0924399980505212,17
"IRL_MUS",-0.425750004794351,6
"IRL_NIC",-1.21337573011317,5
"IRL_PAN",-0.477483356203272,5
"IRL_PER",-0.264245746967666,5
"IRL_PNG",-3.10825703706298,9
"IRL_POL",3.02867895479085,26
"IRL_ROU",1.41348718810073,25
"IRL_SLV",0.00656292495307369,5
"IRL_SRB",0.254013282026369,8
"IRL_SUR",-1.01850331523846,10
"IRL_SYC",-0.610187309871432,6
"IRL_TTO",-1.21730829399444,10
"IRL_UKR",-0.405866273168503,4
"IRL_VCT",-0.625567585897753,10
"IRL_VGB",1.14522159734859,10
"IRL_ZAF",1.82596665188945,18
"IRL_ZWE",-0.400901175608259,6
"IRN_BRA",-4.52584293629853,26
"IRN_COL",-1.1739839599223,21
"IRN_IDN",-1.94662913893509,26
"IRN_IND",0.0913818066481512,26
"IRN_LKA",-1.5887413937404,26
"IRN_MAR",-2.08775009266379,21
"IRN_MYS",-0.20221565963125,26
"IRN_SGP",-1.3773861378284,26
"IRN_THA",-0.894268450614196,26
"IRN_TTO",-1.21619757963503,24
"IRN_TUN",-0.566374215152295,26
"IRN_VEN",1.27449454617652,18
"IRQ_COL",-6.66174553874748,18
"IRQ_SAU",-5.14819311168206,16
"IRQ_VEN",-2.70894133238585,12
"ISL_ALB",-2.5705838863081,7
"ISL_ARE",-1.22400596823164,4
"ISL_BGR",0.848911115648052,25
"ISL_BHR",-2.35088553250061,4
"ISL_BIH",-0.146351853114475,3
"ISL_BWA",-4.59216657184452,8
"ISL_CAN",0.560429905513774,9
"ISL_CHL",1.16949471841605,14
"ISL_CHN",-0.381264647141158,4
"ISL_COL",-1.1268690627714,7
"ISL_CRI",1.50551678102601,4
"ISL_CYP",0.243867498182945,14
"ISL_EGY",0.940010477312796,11
"ISL_EST",1.59969956917358,22
"ISL_FRO",-2.09098744392028,25
"ISL_HKG",-0.486538860300358,6
"ISL_HRV",0.93531643615349,16
"ISL_HUN",-0.391973646550376,25
"ISL_ISR",0.0183619647923685,25
"ISL_JOR",-0.299751977910654,16
"ISL_KOR",-0.0139275124173608,12
"ISL_KWT",-0.139486025081477,4
"ISL_LBN",-0.216618281752093,11
"ISL_LTU",2.06307474589558,22
"ISL_MAR",1.31702528716683,19
"ISL_MEX",0.0539806780095017,17
"ISL_MKD",-0.835385329482389,16
"ISL_MLT",3.38364106520522,14
"ISL_MNE",0.0617596813149335,6
"ISL_NAM",-3.86318853809807,10
"ISL_OMN",-1.04174698864658,4
"ISL_PAN",-1.29725861614697,4
"ISL_PER",0.104444080118129,7
"ISL_POL",-0.409582571000386,25
"ISL_QAT",-1.16093841555059,4
"ISL_SAU",-1.22499153068039,4
"ISL_SGP",0.859001701516336,15
"ISL_SRB",-0.817628790653552,8
"ISL_TUN",0.111082951387169,13
"ISL_TUR",0.00489412717419931,26
"ISL_UKR",0.19074135745058,6
"ISL_ZAF",-1.17423819217922,10
"ISR_ARG",-0.363284253051259,9
"ISR_AUT",0.51593418892311,25
"ISR_BGR",0.944878464985007,16
"ISR_CAN",0.677316881300244,21
"ISR_CHE",-0.676852776731399,25
"ISR_CYP",1.86713486286779,14
"ISR_CZE",-0.0259311472426386,21
"ISR_EST",0.984607647404647,14
"ISR_FIN",-0.276919098795549,25
"ISR_HRV",0.593979729877425,5
"ISR_HUN",-0.0262940741322589,20
"ISR_ISL",-0.00830681401563485,25
"ISR_LTU",0.201180616384422,14
"ISR_LVA",-0.685141949514363,14
"ISR_MLT",1.07326419640334,14
"ISR_NOR",-0.463791941366207,25
"ISR_POL",0.250530516822345,20
"ISR_SVN",0.209177768371819,20
"ISR_SWE",0.0811459830079294,25
"ITA_ALB",0.0705565603550794,12
"ITA_ATG",-0.426163561074068,10
"ITA_BGR",3.4878567027516,24
"ITA_BHS",-2.2265145504373,10
"ITA_BIH",-0.317436382261938,10
"ITA_BLZ",0.538145922410145,10
"ITA_BRB",-0.127152106579935,10
"ITA_CHL",0.592836183838814,15
"ITA_CMR",-0.415014792135247,4
"ITA_COL",-0.365866986627,5
"ITA_CRI",0.285714229783822,5
"ITA_DMA",0.144584940899033,10
"ITA_DOM",0.288334097601152,10
"ITA_FJI",-0.106001250482808,9
"ITA_FRO",1.18824010211733,26
"ITA_GEO",-0.0976850481998039,4
"ITA_GRD",-0.823761903868785,10
"ITA_GTM",-0.025775708923384,5
"ITA_GUY",-1.40301873361714,10
"ITA_HND",0.0246243961954463,5
"ITA_HRV",0.376652577817518,16
"ITA_HUN",2.35534882248074,26
"ITA_JAM",-0.0482272865824518,10
"ITA_JOR",0.149903527433692,16
"ITA_KNA",-0.50661599988444,10
"ITA_KOR",0.0991243543239434,7
"ITA_LCA",-2.08379962177516,10
"ITA_MDA",0.0428099846646721,4
"ITA_MDG",-0.0818952382183758,6
"ITA_MEX",-0.72984727721554,18
"ITA_MKD",0.131336936824597,17
"ITA_MUS",0.0520815791991015,6
"ITA_NIC",0.0231803797149752,5
"ITA_PAN",-0.316255303155047,5
"ITA_PER",0.291319254487662,5
"ITA_PNG",1.16276248317872,9
"ITA_POL",2.83495616088571,26
"ITA_ROU",2.97265374330865,25
"ITA_SLV",-0.0174995443707362,5
"ITA_SRB",0.315601588554927,8
"ITA_SUR",0.30843877308255,10
"ITA_SYC",-0.494691034388373,6
"ITA_TTO",-0.431417406534339,10
"ITA_UKR",0.00399819459576012,4
"ITA_VCT",-1.30142612682123,10
"ITA_VGB",1.60739904414608,11
"ITA_ZAF",2.05328826271794,18
"ITA_ZWE",-0.628694737907885,6
"JAM_AUT",0.319102511697937,10
"JAM_BEL",1.1498115352214,10
"JAM_BGR",-0.247835197478405,9
"JAM_CYP",-1.99114391558865,10
"JAM_CZE",1.2027371542731,10
"JAM_DEU",0.275073468653168,10
"JAM_DNK",-0.638735280751016,10
"JAM_ESP",-2.33122283528965,10
"JAM_EST",2.33337706562111,10
"JAM_FIN",-1.02739254203409,10
"JAM_FRA",-0.314102870543075,10
"JAM_GBR",-0.792441597539507,10
"JAM_GRC",0.57628126494506,10
"JAM_HRV",-4.91238764007604,4
"JAM_HTI",1.45567110382471,16
"JAM_HUN",-4.13808872367525,9
"JAM_IRL",-1.68322890886663,10
"JAM_ITA",-0.244780565203484,10
"JAM_LTU",-2.67514944775956,5
"JAM_LUX",-0.369411098263739,10
"JAM_LVA",3.7259262819739,6
"JAM_MLT",-2.11237841379642,8
"JAM_NLD",-0.810868131807858,10
"JAM_POL",-0.416200209562109,10
"JAM_PRT",-0.491815873231503,8
"JAM_ROU",-2.83270162253327,6
"JAM_SUR",1.88038605192826,23
"JAM_SVK",0.498560219177913,10
"JAM_SVN",3.88335071661112,10
"JAM_SWE",-2.56641935001892,10
"JOR_ARE",0.15683864455486,20
"JOR_AUT",1.19419041212603,16
"JOR_BGR",0.19088883233125,11
"JOR_BHR",-0.5478200986357,20
"JOR_CAN",2.20571283963246,6
"JOR_CHE",2.07717493484123,16
"JOR_CYP",-0.0143596180761202,14
"JOR_CZE",-0.482130552078818,14
"JOR_DEU",-0.153843205640025,16
"JOR_DNK",-0.165952038503921,16
"JOR_DZA",0.309730222067086,9
"JOR_ESP",0.463289339289533,16
"JOR_EST",1.16169845667626,14
"JOR_FIN",-1.09465839649075,16
"JOR_FRA",0.100333648455417,16
"JOR_GBR",-0.234253996776775,16
"JOR_GRC",-1.46176327726802,16
"JOR_HRV",1.60911774835941,5
"JOR_HUN",1.37053719050869,14
"JOR_IRL",-0.852301786180846,16
"JOR_ISL",1.83481615463385,16
"JOR_ITA",0.254847886929795,16
"JOR_KWT",1.80539678066203,20
"JOR_LBN",0.910635457608907,20
"JOR_LTU",-1.76018202833728,14
"JOR_MAR",1.03512281524345,20
"JOR_MLT",0.600704787853843,14
"JOR_NLD",-0.507551122668229,16
"JOR_NOR",0.466649402804467,16
"JOR_OMN",1.19446482901523,20
"JOR_POL",-0.807458462908155,14
"JOR_PRT",0.0634843819007183,16
"JOR_QAT",-0.413328713571463,20
"JOR_ROU",-0.675542245910719,11
"JOR_SAU",0.875097577539518,20
"JOR_SDN",1.16626064114326,20
"JOR_SGP",-0.0732597168439907,13
"JOR_SVK",-0.051968741228487,14
"JOR_SVN",-0.859049950203153,14
"JOR_SWE",0.502947331225867,16
"JOR_TUN",0.43423018616467,20
"JOR_TUR",0.457005399028369,7
"JOR_USA",3.42814971796919,17
"JPN_AUS",0.13021559096762,3
"JPN_BRN",0.639030537427929,10
"JPN_CHE",-0.246910765086884,9
"JPN_CHL",1.66615390758441,11
"JPN_IDN",0.52682637952709,10
"JPN_IND",0.345786378443211,7
"JPN_KHM",0.55115315485487,10
"JPN_LAO",0.574661712793714,10
"JPN_MEX",-0.107320566270192,13
"JPN_MMR",0.991429902426126,10
"JPN_MYS",0.00367250305825184,12
"JPN_PER",0.223882452188621,6
"JPN_PHL",0.0387878378124562,10
"JPN_SGP",-0.188924915509338,16
"JPN_THA",0.466689992278596,11
"JPN_VNM",0.485647674992801,10
"KAZ_ARM",-0.720665454381083,17
"KEN_BDI",2.12540638457061,24
"KEN_COD",3.15283599184294,19
"KEN_COM",1.40237263694791,23
"KEN_DJI",0.510072910527107,19
"KEN_EGY",-0.153708775753403,19
"KEN_LBY",2.4294304726962,10
"KEN_MDG",-0.394440735358448,24
"KEN_MUS",1.2641814813992,24
"KEN_MWI",2.57051470158778,24
"KEN_RWA",1.76255409190644,22
"KEN_SDN",-0.661352869733888,23
"KEN_SWZ",-1.70857313078124,21
"KEN_SYC",-0.485957269133097,17
"KEN_TZA",1.67705395459086,23
"KEN_UGA",1.47094817696956,24
"KEN_ZMB",2.70896515937719,23
"KEN_ZWE",2.31703260392411,24
"KHM_AUS",1.24746226546157,7
"KHM_CHN",-0.87488601795726,13
"KHM_IDN",-2.18188210825055,19
"KHM_IND",0.340742000319338,8
"KHM_JPN",0.991138605596021,10
"KHM_KOR",1.8017704727921,8
"KHM_MYS",-2.26536803465661,19
"KHM_NZL",1.38202789803549,7
"KHM_SGP",-1.83596373087055,19
"KHM_THA",-3.38694756851751,19
"KNA_AUT",-2.3764601353207,9
"KNA_BEL",4.66340808142064,10
"KNA_CZE",1.17248636156642,10
"KNA_DEU",1.95047874663361,10
"KNA_DNK",1.82142141057516,10
"KNA_ESP",-0.724186805161364,10
"KNA_FIN",-6.96231446981736,9
"KNA_FRA",1.15087407813367,10
"KNA_GBR",-2.96663015305981,10
"KNA_GRC",-4.26967666264227,4
"KNA_HRV",-4.68611764991035,5
"KNA_IRL",-0.345629088158044,10
"KNA_ITA",-1.70096983684185,8
"KNA_NLD",-0.0112052268321776,10
"KNA_POL",3.53061534381278,10
"KNA_SVK",0.393622041668845,10
"KNA_SVN",0.372305301742005,10
"KNA_SWE",0.0402156490223349,10
"KOR_AUS",0.408677395734217,4
"KOR_AUT",-0.09605493006198,7
"KOR_BEL",-0.0808243625833572,7
"KOR_BGR",-0.413006751292452,7
"KOR_BRN",1.1287690542423,8
"KOR_CAN",0.0669813009816439,3
"KOR_CHE",-0.985949161289426,12
"KOR_CHN",0.121029774431523,16
"KOR_CMR",-1.19985025461266,26
"KOR_COL",0.222887170270488,21
"KOR_CYP",-1.54000080510252,7
"KOR_CZE",1.06770977289184,7
"KOR_DEU",-0.0821096732165909,7
"KOR_DNK",0.191375992041558,7
"KOR_ESP",-0.322782372913996,7
"KOR_EST",-0.228228298708412,7
"KOR_FIN",-0.0464795156928399,7
"KOR_FRA",-0.139535462317951,7
"KOR_GBR",-0.428794844035882,7
"KOR_GRC",-0.25864565245125,7
"KOR_HRV",0.978651738678177,5
"KOR_HUN",0.346387999392717,7
"KOR_IRL",-0.58461260374587,7
"KOR_ISL",-0.591098230875865,12
"KOR_ITA",-0.177856488452028,7
"KOR_KHM",0.430525757569878,8
"KOR_LTU",0.232067614639565,7
"KOR_LUX",-0.385624974381595,7
"KOR_LVA",-0.272723107937854,7
"KOR_MAR",0.66925335045437,21
"KOR_MLT",0.269860547583869,7
"KOR_MMR",0.819881882590441,21
"KOR_NLD",-0.0173688265197011,7
"KOR_NOR",0.430328551507482,12
"KOR_NZL",0.27559649827006,3
"KOR_POL",-0.166665276954896,7
"KOR_PRT",-0.164033638458556,7
"KOR_SVK",0.871277796227483,7
"KOR_SVN",0.420346586374664,7
"KOR_SWE",-0.203119079456887,7
"KOR_USA",0.0761369355137716,6
"KOR_VEN",-0.857450018375645,19
"KWT_CHE",-0.315493688029309,4
"KWT_DZA",0.73234034978115,9
"KWT_EGY",3.70891671131334,20
"KWT_ISL",-5.88457297940111,3
"KWT_JOR",3.11989529443648,20
"KWT_LBN",4.06202387627859,20
"KWT_MAR",-1.60633804358517,20
"KWT_NOR",-0.560896186241187,4
"KWT_SGP",-0.473587002948511,5
"KWT_SYR",3.68591295843074,19
"KWT_TUN",-0.0252918939902072,20
"LAO_AUS",0.909432263795156,7
"LAO_CHN",1.84504970217502,16
"LAO_IDN",2.55683518939871,21
"LAO_JPN",1.20640270915419,10
"LAO_MYS",0.48591254256504,21
"LAO_NZL",2.77877079406999,7
"LAO_PHL",-1.69565370953533,16
"LAO_SGP",-1.47166784515894,21
"LBN_ARE",-0.450705733942974,20
"LBN_AUT",0.147308395674559,23
"LBN_BGR",1.64227693968078,11
"LBN_CHE",-1.36118802209326,11
"LBN_CYP",-0.722315555933841,14
"LBN_CZE",-1.26194783811837,14
"LBN_DZA",-0.322896506140425,9
"LBN_EGY",0.576320790751088,20
"LBN_FIN",1.19890259781768,23
"LBN_HRV",-0.684894969182454,5
"LBN_HUN",-0.800408675033035,14
"LBN_ISL",-0.42783952193773,11
"LBN_JOR",0.0206286970130485,20
"LBN_KWT",0.389031157794076,20
"LBN_LBY",-1.18002612663734,20
"LBN_LTU",-1.55457938888134,14
"LBN_LVA",-0.255035111714797,14
"LBN_MAR",-0.218955197286677,20
"LBN_MLT",-2.5625693567412,14
"LBN_NOR",-1.95999430638388,11
"LBN_OMN",0.719857372843986,20
"LBN_POL",1.1488763869559,14
"LBN_ROU",-1.97333700017573,11
"LBN_SAU",-0.359245387543078,20
"LBN_SVK",-1.10573682291191,14
"LBN_SVN",2.24315807159015,14
"LBN_SWE",0.329631285968176,23
"LBN_SYR",4.51666353421558,20
"LBN_TUN",-0.183338724023293,20
"LBY_ARE",1.82414711314454,13
"LBY_COL",-3.7498897159668,15
"LBY_COM",-0.253610749223535,4
"LBY_ETH",-3.14485727085286,10
"LBY_KEN",-1.0233339361218,5
"LBY_KWT",-3.15287903010354,11
"LBY_MAR",-0.848239432420722,21
"LBY_MWI",-0.181841477531698,4
"LBY_QAT",-1.62487958326854,12
"LBY_SAU",-0.417022453681665,16
"LBY_UGA",-0.151336266868127,12
"LCA_AUT",-3.76094717907415,10
"LCA_BEL",0.618666993551921,10
"LCA_CZE",-1.15829320310826,9
"LCA_DEU",-1.16066080805554,10
"LCA_DNK",0.135724526331237,10
"LCA_ESP",-2.05927318729973,10
"LCA_EST",-2.01018947498143,3
"LCA_FIN",-2.1256508975136,8
"LCA_FRA",-1.60652458275556,10
"LCA_GBR",-1.76950326923666,10
"LCA_GRC",-5.40263096678225,10
"LCA_HTI",0.236720643579534,8
"LCA_HUN",-2.52681416895352,5
"LCA_IRL",-1.78853560461008,10
"LCA_ITA",-2.79033566648036,10
"LCA_NLD",0.707827272566793,10
"LCA_POL",-4.10973596691472,10
"LCA_PRT",-6.39791659215187,3
"LCA_ROU",-1.7857376930413,3
"LCA_SVK",-2.05501415377554,8
"LCA_SVN",-3.14788041387592,8
"LCA_SWE",-1.47019084047709,10
"LKA_AFG",-2.54191637883013,7
"LKA_CHN",0.603444236759632,16
"LKA_CMR",1.08141589312896,25
"LKA_COL",0.391221484020322,21
"LKA_IRN",-1.26097210074308,26
"LKA_MAR",-0.476819554018307,21
"LKA_MDV",0.907013016351444,23
"LKA_MMR",2.95741526143995,20
"LKA_NPL",0.449214542440088,23
"LKA_VEN",0.800697148142138,19
"LSO_BWA",-1.87065728513791,18
"LSO_CHE",-3.50558617468949,7
"LTU_ABW",-2.9461439082583,6
"LTU_ALB",0.836977252253134,12
"LTU_AND",1.31818858784897,14
"LTU_ANT",1.92826120958363,4
"LTU_ATG",-4.4827091854281,10
"LTU_BGR",0.4455322150792,16
"LTU_BHS",-2.10298286435238,10
"LTU_BIH",0.348590858517532,10
"LTU_BLZ",-1.87490119292044,10
"LTU_BMU",-1.78692519385353,11
"LTU_BRB",-0.619813639893635,10
"LTU_CHL",1.23123189873024,14
"LTU_CMR",-0.581087710860647,4
"LTU_COL",-2.03514318951826,5
"LTU_CRI",1.1894589921616,5
"LTU_CYM",-0.0950882804648829,7
"LTU_CYP",0.74297876308985,14
"LTU_CZE",0.59275886193283,21
"LTU_DMA",1.93419414048792,10
"LTU_DOM",1.56180364583582,10
"LTU_DZA",1.05999774448221,14
"LTU_EGY",1.22364915880974,14
"LTU_FRO",1.73931018234619,14
"LTU_GEO",-0.140810544683015,4
"LTU_GRD",0.54429415091578,6
"LTU_GRL",2.19413963681144,14
"LTU_GTM",0.832436086381979,5
"LTU_HND",-1.22593584388192,5
"LTU_HRV",1.55616253345655,14
"LTU_HUN",0.335563632106891,18
"LTU_ISL",3.52725869852816,22
"LTU_ISR",0.76222455186348,14
"LTU_JAM",-1.79926732714871,10
"LTU_JOR",1.23078501746289,14
"LTU_KNA",1.75739150141931,9
"LTU_KOR",0.793276686999231,7
"LTU_LBN",0.666685040495068,14
"LTU_MAR",1.7153200477776,14
"LTU_MDA",-0.710345791356603,4
"LTU_MDG",2.11140767076562,6
"LTU_MEX",-0.572604565118821,14
"LTU_MKD",-0.182832118215928,14
"LTU_MLT",1.46017189589129,14
"LTU_MUS",1.69689296318322,6
"LTU_NCL",-0.94964987102657,14
"LTU_NIC",0.0931843920086718,5
"LTU_PAN",-0.126805040964921,5
"LTU_PER",-0.64748626400801,5
"LTU_PNG",-1.87530034396335,9
"LTU_POL",0.588246101721671,20
"LTU_PYF",1.11304726576273,14
"LTU_ROU",1.28816489906616,14
"LTU_SLV",-2.10522827904744,5
"LTU_SRB",1.19361854349525,8
"LTU_SUR",0.482762170355733,8
"LTU_SVN",1.63054276289023,21
"LTU_SYC",-1.22004127271676,6
"LTU_SYR",0.982548142930527,14
"LTU_TTO",0.47725985010023,10
"LTU_TUN",0.338988431298598,14
"LTU_TUR",0.312356404621931,20
"LTU_UKR",0.0925759186321369,4
"LTU_VCT",-3.83340002287607,10
"LTU_VGB",-2.95021722295204,10
"LTU_ZAF",1.69765360292624,14
"LTU_ZWE",2.39631874580253,6
"LUX_ALB",-1.7470326580317,12
"LUX_ATG",-0.0578018669842422,9
"LUX_BHS",-2.87376354351318,10
"LUX_BIH",-0.930942560968698,10
"LUX_BLZ",-1.35351999000603,5
"LUX_BRB",-1.74572277141985,10
"LUX_CHL",1.63255551162337,15
"LUX_CMR",-1.42082236969344,4
"LUX_COL",-0.322717807859934,5
"LUX_CRI",0.79487326884677,5
"LUX_DOM",-1.19765098501555,10
"LUX_FJI",-0.928860434079131,9
"LUX_GEO",-1.49146485643157,4
"LUX_GRD",-2.6524466293748,8
"LUX_GTM",1.70796373173652,5
"LUX_GUY",-2.01664362827891,10
"LUX_HND",-0.815803149977411,5
"LUX_JAM",-3.22141906060511,10
"LUX_KOR",-0.542625772483903,7
"LUX_LCA",-3.61904887993326,5
"LUX_MDA",0.116275144468115,4
"LUX_MDG",-0.615064870342814,6
"LUX_MUS",0.242079214771741,6
"LUX_NIC",-1.21499189082565,5
"LUX_PAN",-0.735912632465662,5
"LUX_PER",-0.27253176914081,5
"LUX_PNG",-2.72723123282513,6
"LUX_SLV",-2.16916047118804,5
"LUX_SRB",0.428556779606383,8
"LUX_SUR",-1.84389256157897,10
"LUX_SYC",-1.64088581797536,6
"LUX_TTO",-0.288783466524692,9
"LUX_UKR",0.163170128068866,4
"LUX_VCT",-2.28110811807778,10
"LUX_VGB",-3.18473575176726,7
"LUX_ZWE",-3.09114734668067,6
"LVA_ALB",0.96920380944555,12
"LVA_AND",3.91158373496664,14
"LVA_ANT",2.8100372768049,5
"LVA_ATG",-1.21142021502803,10
"LVA_BGR",1.59153502972048,15
"LVA_BHS",-2.21043518441163,10
"LVA_BIH",1.32690654306991,10
"LVA_BLZ",-0.112910197279276,10
"LVA_BMU",-1.35494041377808,13
"LVA_BRB",-0.486378996756795,10
"LVA_CHL",-0.52365154557198,14
"LVA_CMR",-0.585668971924677,4
"LVA_COL",-1.88180866600213,5
"LVA_CRI",-1.10962063508095,5
"LVA_CYM",-0.432227408848722,13
"LVA_CYP",2.11385345661121,14
"LVA_CZE",0.51517554857354,21
"LVA_DMA",-2.92995708061962,10
"LVA_DOM",0.165146483151893,10
"LVA_DZA",0.625550632102987,14
"LVA_EGY",0.186024408219106,14
"LVA_FJI",-4.21371606853309,5
"LVA_FRO",1.27471198953422,14
"LVA_GEO",0.00817643086769992,4
"LVA_GRD",-0.572968323689021,5
"LVA_GRL",1.22838644036029,12
"LVA_GTM",-0.0865710656431314,5
"LVA_HND",0.653085662594084,5
"LVA_HRV",0.856801720099067,14
"LVA_HUN",0.493396752125655,18
"LVA_ISL",2.48152600962294,22
"LVA_ISR",2.17043851214444,14
"LVA_JAM",0.366223585122605,10
"LVA_JOR",1.02894710729912,14
"LVA_KNA",-2.03917342291268,10
"LVA_KOR",0.812991351242507,7
"LVA_LBN",-0.14825579291088,14
"LVA_MAR",2.67954918955946,14
"LVA_MDA",-0.167977317934847,4
"LVA_MDG",0.982048661359305,6
"LVA_MEX",0.808866823600426,14
"LVA_MKD",1.06276468135252,14
"LVA_MLT",2.4755923941966,14
"LVA_MUS",-0.359154453581034,6
"LVA_NCL",-0.452097690992384,14
"LVA_NIC",-2.52382463083672,5
"LVA_PAN",-0.992300931274179,5
"LVA_PER",-2.15206047276368,5
"LVA_POL",0.945915858471111,19
"LVA_PYF",3.0007109784242,14
"LVA_ROU",2.62202325747924,14
"LVA_SLV",-1.43353444476143,5
"LVA_SRB",1.62247296141006,8
"LVA_SYC",0.0230360649364438,6
"LVA_SYR",2.10918924200591,12
"LVA_TTO",-1.52849395476001,10
"LVA_TUN",3.24321884525013,14
"LVA_TUR",1.01037929471992,18
"LVA_UKR",-0.516819313017165,4
"LVA_VCT",-2.99630409416669,10
"LVA_VGB",0.138594726600974,11
"LVA_ZAF",-0.149316209466886,14
"LVA_ZWE",1.51563477095521,6
"MAC_CHN",-0.572049708044023,15
"MAR_ARE",1.41109956272163,20
"MAR_ARG",1.74288497800842,21
"MAR_AUT",0.69954255933072,23
"MAR_BEN",1.33407162792207,21
"MAR_BGD",-0.0831747535865826,20
"MAR_BGR",0.00934176216085806,11
"MAR_BHR",1.34149087884855,20
"MAR_BOL",0.169927794824415,20
"MAR_BRA",0.961877547505322,21
"MAR_CHE",-0.223778552461798,19
"MAR_CHL",0.708185571348063,21
"MAR_CMR",0.77912837041807,21
"MAR_COL",2.0763588575234,21
"MAR_CYP",-1.13601795153045,14
"MAR_CZE",0.332960017784799,14
"MAR_ECU",0.143643989338241,21
"MAR_EST",0.56808932043687,14
"MAR_FIN",-1.00140544724042,23
"MAR_GIN",0.436596388152526,21
"MAR_HRV",-0.495310822848784,5
"MAR_HUN",-0.241127141910116,14
"MAR_IDN",-0.963513183952796,21
"MAR_IND",-1.03079154201979,21
"MAR_IRN",-2.74204185478676,21
"MAR_IRQ",-0.502893570403046,21
"MAR_ISL",0.300253465218036,19
"MAR_JOR",-0.0195191194071631,20
"MAR_KOR",0.946859510487679,21
"MAR_KWT",0.456217366213822,20
"MAR_LBN",1.24897253234667,20
"MAR_LBY",-0.870961399651359,21
"MAR_LKA",-0.090311745192145,21
"MAR_LTU",0.683246355640713,14
"MAR_LVA",1.90034300671922,14
"MAR_MEX",-1.0121380433702,21
"MAR_MLT",1.08692175861095,14
"MAR_MMR",-2.33616145311087,8
"MAR_MYS",0.786562215339177,21
"MAR_NGA",0.32407102487365,21
"MAR_NOR",-0.631351801986489,19
"MAR_OMN",2.21426154238557,20
"MAR_PAK",1.82346082703809,21
"MAR_PER",0.784111780319058,21
"MAR_PHL",1.78148887150289,21
"MAR_POL",0.276271411353276,14
"MAR_QAT",1.80065251549345,20
"MAR_ROU",0.338303947990375,21
"MAR_SAU",-0.689458102502229,20
"MAR_SDN",-2.26207217438248,21
"MAR_SGP",1.60319919227727,21
"MAR_SVK",0.84021929377788,14
"MAR_SVN",0.9692141152307,14
"MAR_SWE",-0.904980290710766,23
"MAR_SYR",0.883916369068314,20
"MAR_THA",2.12105033160962,21
"MAR_TTO",-1.60199655256628,21
"MAR_TUN",-0.0592487894827312,21
"MAR_TUR",0.576803932006467,12
"MAR_USA",0.519728469076433,12
"MAR_VEN",0.18758861327924,19
"MAR_YEM",1.29274353721125,20
"MAR_ZWE",1.35375542416783,21
"MDA_ALB",-1.42452444287145,14
"MDA_AUT",0.5468955921438,4
"MDA_BEL",0.198497028378533,4
"MDA_BIH",0.784132343202825,14
"MDA_BLR",-0.441255366299968,6
"MDA_CYP",0.606358922993254,4
"MDA_CZE",0.696306376855955,4
"MDA_DEU",0.391601554154518,4
"MDA_DNK",0.375681997027775,4
"MDA_ESP",0.712331830951645,4
"MDA_EST",-0.298912244823036,4
"MDA_FIN",-0.0784567324552061,4
"MDA_FRA",0.414507712748708,4
"MDA_GBR",0.454287342600234,4
"MDA_GEO",0.507561128532547,15
"MDA_GRC",0.815779102208124,4
"MDA_HRV",1.14263680572799,14
"MDA_HUN",-0.757888558564443,4
"MDA_IRL",0.541600330657666,4
"MDA_ITA",0.401128011681596,4
"MDA_LTU",-0.588896005102645,4
"MDA_LUX",0.125621121231854,4
"MDA_LVA",-0.127471265392843,4
"MDA_MKD",0.473693010616467,14
"MDA_MLT",0.501157942977729,4
"MDA_NLD",0.570194117279701,4
"MDA_POL",0.167467792268119,4
"MDA_PRT",-0.313665612988223,4
"MDA_SVK",-0.161926412158089,4
"MDA_SVN",-0.845902171687036,4
"MDA_SWE",-1.1762382998541,4
"MDA_UKR",-1.23487477958128,15
"MDG_AUT",-0.987097153978568,6
"MDG_BDI",1.30225046954282,13
"MDG_BEL",0.136252829825099,6
"MDG_BGR",-3.29778252963624,6
"MDG_COM",-1.19983871306059,24
"MDG_CYP",-1.26435510311292,6
"MDG_CZE",-0.536070605148588,6
"MDG_DEU",-0.0549042833370896,6
"MDG_DJI",-1.55725537818195,24
"MDG_DNK",-1.68195064761202,6
"MDG_EGY",1.23698338155506,19
"MDG_ESP",-0.241503166422648,6
"MDG_EST",0.578729415077266,6
"MDG_FIN",0.971172203452992,6
"MDG_FRA",-0.755014355226833,6
"MDG_GBR",-0.95176284687423,6
"MDG_GRC",-1.75367021107361,6
"MDG_HRV",-2.9521316055703,5
"MDG_HUN",-2.75809147309744,6
"MDG_IRL",-0.888211290060469,6
"MDG_ITA",-1.24077200683659,6
"MDG_KEN",-0.651992605394026,24
"MDG_LBY",-3.72984293606126,7
"MDG_LTU",-0.0750286326799833,6
"MDG_LUX",-0.668359552833033,6
"MDG_LVA",-1.4585119401852,6
"MDG_MLT",-3.27228924193758,5
"MDG_MUS",-0.421233783000529,24
"MDG_NLD",-0.252016438000126,6
"MDG_POL",-1.3797820986974,6
"MDG_PRT",-0.387048393377206,6
"MDG_ROU",0.84958134603234,6
"MDG_SVK",-0.47215028413109,6
"MDG_SVN",0.688751373333048,6
"MDG_SWE",1.10735051863878,6
"MDG_SYC",0.704587248868343,17
"MDV_IND",0.563670337090442,23
"MDV_LKA",0.246812213358893,23
"MDV_PAK",1.32085959059788,20
"MEX_AUT",0.205518548266476,18
"MEX_BGR",-0.429042370676771,11
"MEX_CAN",0.661134627057325,24
"MEX_CHE",-0.495320348358482,17
"MEX_CRI",0.114330162382618,23
"MEX_CYP",-0.868685490300388,14
"MEX_CZE",0.764983831676372,14
"MEX_DEU",0.526206768691542,18
"MEX_DNK",1.0007870771324,18
"MEX_ESP",-0.342154186791688,18
"MEX_EST",0.818838150033429,14
"MEX_FIN",0.692679434629363,18
"MEX_FRA",-0.471883915791707,18
"MEX_GBR",-0.0121360162122998,18
"MEX_GRC",-0.986307828336407,18
"MEX_GTM",-0.431550037477496,17
"MEX_HND",-0.141889343104855,17
"MEX_HRV",-0.770370438226622,5
"MEX_HUN",-0.268484794801259,14
"MEX_IRL",-0.586413475833786,18
"MEX_ISL",-0.115330260768265,17
"MEX_ITA",0.185334890083198,18
"MEX_JPN",-0.234267646875752,13
"MEX_LTU",0.694097222854769,14
"MEX_LVA",0.712896055561355,14
"MEX_MAR",-0.49145813918269,21
"MEX_MLT",-0.432496218638121,14
"MEX_MMR",-1.63193640174675,20
"MEX_NLD",-0.0101593449572255,18
"MEX_NOR",-0.376538718076447,17
"MEX_PAN",0.0539721097688515,6
"MEX_POL",0.390126677587837,14
"MEX_PRT",-0.825245840010782,18
"MEX_SLV",-0.356782110780185,17
"MEX_SVK",0.299823908032114,14
"MEX_SVN",0.343732474947594,14
"MEX_SWE",-0.13989879718225,18
"MEX_USA",0.585646982352358,24
"MKD_ALB",0.668339884080489,16
"MKD_AUT",1.51383335071392,17
"MKD_BGR",0.525409039464317,18
"MKD_BIH",0.711859345289172,16
"MKD_CHE",-0.0166139187295253,16
"MKD_CYP",-1.68546936085781,14
"MKD_CZE",1.94333931947567,14
"MKD_DEU",1.22599952247805,17
"MKD_DNK",-0.12544852779604,17
"MKD_ESP",1.69228078959175,17
"MKD_EST",1.48785274134082,14
"MKD_FIN",0.964790617408607,17
"MKD_FRA",0.233975374083782,17
"MKD_GBR",0.796408290489796,17
"MKD_GRC",1.56064981922265,17
"MKD_HRV",1.18813662998521,21
"MKD_HUN",0.780301468967389,14
"MKD_IRL",-0.330850402615992,17
"MKD_ISL",1.99464349675459,16
"MKD_ITA",0.583854426937237,17
"MKD_LTU",2.08291614803967,14
"MKD_LVA",3.20447634160427,14
"MKD_MDA",0.0707188972736722,14
"MKD_MLT",0.6122779957223,14
"MKD_NLD",0.138025359467801,17
"MKD_NOR",2.17238219811795,16
"MKD_POL",1.30349526492096,14
"MKD_PRT",3.30155000804249,17
"MKD_ROU",1.87661451916268,14
"MKD_SVK",2.24986670902079,14
"MKD_SVN",-0.158163836305853,22
"MKD_SWE",0.991742947141847,17
"MKD_TUR",0.170954556047043,18
"MKD_UKR",-0.386238560470357,17
"MLT_ALB",0.761749851615478,12
"MLT_AND",0.113078749638343,13
"MLT_ATG",1.29042784394627,8
"MLT_AUT",2.80588304257102,23
"MLT_BGR",4.30674727909539,14
"MLT_BHS",-3.56549360992754,10
"MLT_BIH",0.394270904895351,10
"MLT_BMU",-6.30889083119346,8
"MLT_BRB",-1.37039497444283,10
"MLT_CHE",0.364391448168898,14
"MLT_CHL",1.18138977454294,14
"MLT_CMR",0.488058370975872,4
"MLT_COL",-1.43835537471758,5
"MLT_CRI",-1.03162337303803,5
"MLT_CYP",1.62974772127502,14
"MLT_CZE",1.13731292172111,14
"MLT_DOM",0.162091686915854,10
"MLT_DZA",1.26442102013736,14
"MLT_EGY",2.79473211658483,14
"MLT_EST",1.99554131096846,14
"MLT_FIN",0.121120385722104,23
"MLT_FJI",0.854586285124814,9
"MLT_FRO",0.406917428067235,6
"MLT_GEO",0.0752234767977645,4
"MLT_GRD",-2.61318188477916,4
"MLT_GRL",-2.51133371821973,10
"MLT_GTM",-1.30580682696069,5
"MLT_GUY",0.708113259754584,10
"MLT_HND",1.6596061658246,5
"MLT_HRV",0.907171634536342,14
"MLT_HUN",0.817907757597755,14
"MLT_ISL",2.18240777304262,14
"MLT_ISR",0.445053483131835,14
"MLT_JAM",0.37623913630921,10
"MLT_JOR",0.562915543393896,14
"MLT_KOR",0.514132683978794,7
"MLT_LBN",0.213424114417474,14
"MLT_LCA",-3.52417272056214,3
"MLT_LTU",2.58680430772061,14
"MLT_LVA",2.48463191503471,14
"MLT_MAR",0.873515103917,14
"MLT_MDA",-1.18539368132041,4
"MLT_MDG",0.207773819428084,6
"MLT_MEX",-0.768033973670283,14
"MLT_MKD",-0.867854197738556,14
"MLT_MUS",3.0456612564177,6
"MLT_NCL",-0.571498596951197,13
"MLT_NIC",0.119467064474447,5
"MLT_NOR",-0.561658301611249,14
"MLT_PAN",0.445316435000854,5
"MLT_PER",0.913106193698323,5
"MLT_PNG",-1.76814106932264,3
"MLT_POL",1.28583950355834,14
"MLT_PYF",1.9321507483463,14
"MLT_ROU",2.91384840250533,14
"MLT_SLV",-0.198697250942307,5
"MLT_SRB",1.29439755685421,8
"MLT_SUR",-0.761331949831419,8
"MLT_SVK",1.23416394965309,14
"MLT_SVN",0.905107454281414,14
"MLT_SWE",1.04293748772532,23
"MLT_SYC",1.49897023932341,6
"MLT_SYR",4.21159666847738,12
"MLT_TTO",-0.103209916234569,10
"MLT_TUN",2.15047813321261,14
"MLT_TUR",0.423797212719029,14
"MLT_UKR",-0.2215487401449,4
"MLT_VCT",-1.26767068086787,7
"MLT_ZAF",0.433779427439701,14
"MLT_ZWE",1.06928919924084,6
"MMR_AUS",-0.402685561016005,8
"MMR_BGD",0.853542596670347,20
"MMR_BRN",1.64615969742542,18
"MMR_CHL",1.30574368666616,21
"MMR_CHN",0.687639380629594,13
"MMR_COL",1.59785546881933,21
"MMR_EGY",-2.12222147393055,19
"MMR_GIN",-3.44629521415129,12
"MMR_IDN",-0.86040739817458,21
"MMR_IND",-0.151242394363156,21
"MMR_JPN",1.35063179961215,10
"MMR_KOR",1.17161668060015,21
"MMR_LKA",-1.06454214883016,21
"MMR_MEX",1.97452156991879,21
"MMR_MYS",0.474209405639775,21
"MMR_NZL",-0.0692326814907189,8
"MMR_PAK",-1.09248023203413,21
"MMR_PER",-4.55701212649313,20
"MMR_PHL",1.43814098505513,21
"MMR_SGP",-1.55329985080311,21
"MMR_THA",1.03888357851292,21
"MMR_TUN",-1.72409590764012,19
"MNE_CHE",1.02479713830338,6
"MNE_ISL",-0.72642740901371,6
"MNE_NOR",-0.966470536641705,6
"MNE_TUR",2.48108746889852,8
"MNE_UKR",1.02618090380117,5
"MOZ_MAR",-3.90263481576211,19
"MOZ_PHL",-4.30096755974748,25
"MOZ_ZAF",-1.4013715193161,18
"MSR_CZE",-0.58723723118305,14
"MSR_HUN",-2.06521917473909,3
"MSR_ROU",-2.13792792755072,3
"MSR_SVN",-4.77788740577376,13
"MUS_AUT",-0.161940003251852,6
"MUS_BEL",-0.931890617397224,6
"MUS_BGR",0.893313395801561,6
"MUS_COM",1.13647925970397,24
"MUS_CYP",-1.51610612118067,6
"MUS_CZE",0.362127455730541,6
"MUS_DEU",-0.831261990185604,6
"MUS_DNK",0.183805936928187,6
"MUS_EGY",1.07501968679449,19
"MUS_ESP",0.352438143263519,6
"MUS_EST",0.0993176883490977,6
"MUS_FIN",1.55886665054633,6
"MUS_FRA",-0.427818742333796,6
"MUS_GBR",-1.27654242192714,6
"MUS_GRC",2.21495230581857,6
"MUS_HRV",-0.516311128215454,5
"MUS_HUN",0.560124029770338,6
"MUS_IRL",-0.230979330997099,6
"MUS_ITA",0.314986274786597,6
"MUS_KEN",1.80703927691713,24
"MUS_LTU",-0.987999098695838,6
"MUS_LUX",-1.91509690324301,6
"MUS_LVA",0.392374990293525,6
"MUS_MDG",1.98750855972006,24
"MUS_MLT",-0.494307080039983,6
"MUS_NLD",0.257354650147254,6
"MUS_PAK",0.432184040312536,11
"MUS_POL",-0.678612536123344,6
"MUS_PRT",-0.945949247873362,6
"MUS_ROU",0.247337912617252,6
"MUS_SVK",0.548441853365579,6
"MUS_SVN",0.368651688015082,6
"MUS_SWE",0.352800128510422,6
"MUS_SYC",1.78084387360469,18
"MUS_TUR",-0.788543347587864,5
"MUS_ZAF",1.88348100716282,18
"MUS_ZWE",2.91974850007277,24
"MWI_BDI",-2.37742936204294,21
"MWI_BWA",-2.05832311464628,18
"MWI_COD",-0.291036364820725,22
"MWI_EGY",1.42470355029689,18
"MWI_KEN",2.00366927412854,24
"MWI_MUS",0.375565212593879,24
"MWI_RWA",-0.776899379116423,21
"MWI_SYC",-0.9353855396181,15
"MWI_TZA",1.37134580788333,24
"MWI_ZAF",-2.20095048199211,18
"MWI_ZMB",1.67164026579712,24
"MWI_ZWE",2.40510240995418,24
"MYS_AUS",0.368650173684605,8
"MYS_BRN",0.410403504405748,26
"MYS_CHN",0.440145327610768,13
"MYS_COL",0.789924143538206,21
"MYS_IRN",0.559434075998998,26
"MYS_JPN",0.345083944349554,12
"MYS_KHM",-0.530240418058047,19
"MYS_LAO",1.74448516093711,21
"MYS_MAR",0.322027278558416,21
"MYS_MMR",0.0830995654760012,21
"MYS_NZL",0.440613153929434,8
"MYS_PHL",-0.599557548328495,26
"MYS_TUR",0.32095194759892,3
"MYS_VEN",0.0110128770318342,19
"NAM_BWA",-0.60481092515014,18
"NAM_CHE",-0.0776827762256877,10
"NAM_ISL",-3.11932483790202,10
"NAM_NOR",0.925608872826613,10
"NCL_CZE",-0.272212223505366,14
"NCL_HRV",0.984133701546686,3
"NCL_POL",-1.70486695783967,14
"NCL_SVK",0.485248979324894,13
"NCL_SVN",-2.64526417257917,14
"NGA_CMR",4.31687552220077,25
"NGA_COL",-0.0115155810393874,20
"NGA_MAR",-1.06071006188548,21
"NGA_VEN",-2.2862773916802,16
"NIC_AUT",-2.14931748323149,5
"NIC_BEL",0.178435569554353,5
"NIC_BGR",0.748287927985811,5
"NIC_COL",0.0284649517033968,21
"NIC_CYP",0.377276797587477,5
"NIC_CZE",-0.721525194730182,5
"NIC_DEU",-0.38102077929165,5
"NIC_DNK",-0.912682324679559,5
"NIC_DOM",0.714783197454042,16
"NIC_ESP",-0.228931692512472,5
"NIC_EST",-0.529067235091764,5
"NIC_FIN",-0.625024705612882,5
"NIC_FRA",0.150959947318759,5
"NIC_GBR",0.717434318130317,5
"NIC_GRC",-0.950835911797371,5
"NIC_HRV",-2.86734131351525,5
"NIC_HUN",-2.61231943777257,5
"NIC_IRL",-0.824372409737995,5
"NIC_ITA",0.46181375128503,5
"NIC_LTU",0.517390154229323,5
"NIC_LUX",-0.355183478349019,5
"NIC_LVA",-2.79158738989663,5
"NIC_MAR",-1.17414429291585,20
"NIC_MLT",-3.36282994157383,5
"NIC_NLD",0.183483445856316,5
"NIC_PAN",1.01511534435305,9
"NIC_POL",1.72757847943263,5
"NIC_PRT",-0.23457203287483,5
"NIC_SVK",0.581958461715657,5
"NIC_SVN",-1.0269491601528,5
"NIC_SWE",0.296785472059111,5
"NIC_TWN",1.90648414953387,10
"NIC_USA",0.77251437229008,12
"NIC_VEN",2.07862990314758,19
"NLD_ALB",-0.231243911100423,12
"NLD_ATG",-0.200691135657214,10
"NLD_BGR",1.10412354943897,24
"NLD_BHS",-0.912609810942789,10
"NLD_BIH",-0.698243750434323,10
"NLD_BLZ",-0.568920890238583,10
"NLD_BRB",0.0369910609269868,10
"NLD_CHL",0.958627921282723,15
"NLD_CMR",-0.449857426422458,4
"NLD_COL",-0.939796747986107,5
"NLD_CRI",-0.583901998947963,5
"NLD_DMA",-0.191717806886234,10
"NLD_DOM",0.00581144710695991,10
"NLD_FJI",-0.638058362882735,9
"NLD_FRO",-1.00014629235788,26
"NLD_GEO",-0.0108491710190028,4
"NLD_GRD",0.0920894283500657,10
"NLD_GTM",-0.189566198004027,5
"NLD_GUY",-0.486338839882612,10
"NLD_HND",-1.07305768760419,5
"NLD_HRV",0.565054355201296,16
"NLD_HUN",1.3560591471379,26
"NLD_JAM",-0.362097553634785,10
"NLD_JOR",-0.939775339207958,16
"NLD_KNA",-0.602630754792095,10
"NLD_KOR",0.0965491474504438,7
"NLD_LCA",-1.09002352898965,10
"NLD_MDA",-0.0706882937372028,4
"NLD_MDG",-0.595306571799112,6
"NLD_MEX",-0.46957829935005,18
"NLD_MKD",-0.818410771523981,17
"NLD_MUS",-0.295649840091582,6
"NLD_NIC",-0.540356412846305,5
"NLD_PAN",0.6696154106617,5
"NLD_PER",0.378215411177532,5
"NLD_PNG",-0.3895534000656,9
"NLD_POL",1.50455056505129,26
"NLD_ROU",1.41733181630105,25
"NLD_SLV",-0.589427439033986,5
"NLD_SRB",0.22967778812656,8
"NLD_SUR",-0.256703676770122,10
"NLD_SYC",0.40316820012916,6
"NLD_TTO",-0.45563235579783,10
"NLD_UKR",-0.401036098849326,4
"NLD_VCT",-0.941915213823604,10
"NLD_VGB",0.397304145182182,11
"NLD_ZAF",0.23377768808045,18
"NLD_ZWE",-0.767711669088166,6
"NOR_ALB",0.125506008310319,8
"NOR_ARE",0.244024643967482,4
"NOR_BHR",0.289341225263522,4
"NOR_BIH",1.00071830202972,3
"NOR_BWA",-3.46507091938556,10
"NOR_CAN",-0.610243769676139,9
"NOR_CHL",0.719154323229859,14
"NOR_COL",-0.24117575718541,7
"NOR_CRI",-0.258355847375407,4
"NOR_CYP",0.901368249810965,14
"NOR_EGY",1.11206075554204,11
"NOR_FRO",0.0796108083846246,25
"NOR_HKG",-1.3647033837174,6
"NOR_HRV",0.0667977341932071,16
"NOR_HUN",4.23289802871907,25
"NOR_ISR",4.20549731196201,25
"NOR_JOR",-0.398458720225824,16
"NOR_KOR",0.966866591193666,12
"NOR_KWT",0.538824906811456,4
"NOR_LBN",-0.0745909961774937,11
"NOR_LSO",1.64980323817094,10
"NOR_MAR",0.206617326885858,19
"NOR_MEX",-0.99423719950558,17
"NOR_MKD",-0.17137832989923,16
"NOR_MLT",-0.641601399012152,14
"NOR_MNE",0.525267366102775,6
"NOR_NAM",0.360860157730778,10
"NOR_OMN",1.06763700890394,4
"NOR_PAN",-1.20220487111105,4
"NOR_PER",0.100847186534743,7
"NOR_POL",6.46911521762575,25
"NOR_QAT",-0.270626684732144,4
"NOR_ROU",2.5397696976663,25
"NOR_SAU",0.131268889118128,4
"NOR_SGP",0.235094936077113,15
"NOR_SRB",0.793351228137602,8
"NOR_SWZ",0.618247999445144,9
"NOR_TUN",-1.42288296631187,13
"NOR_TUR",0.00176365962083603,26
"NOR_UKR",0.629992770456385,6
"NOR_ZAF",0.342355583048362,10
"NPL_BGD",5.96665291457207,23
"NPL_IND",2.04433216413553,23
"NPL_LKA",-3.68090102078727,23
"NPL_PAK",-0.790454296035912,23
"NZL_BRN",0.814828292346843,12
"NZL_CHL",0.638766879475206,12
"NZL_CHN",0.592735134364743,10
"NZL_HKG",-0.118104432583591,7
"NZL_IDN",0.190948330230986,6
"NZL_KHM",0.116640951761164,7
"NZL_KOR",-0.230533829560301,3
"NZL_LAO",-0.303529138402974,7
"NZL_MMR",0.672694709034903,8
"NZL_MYS",0.252473343986214,8
"NZL_PHL",0.281335323388325,8
"NZL_SGP",0.336703886175746,17
"NZL_THA",0.335957240935601,13
"NZL_TWN",0.0996595800920588,5
"NZL_VNM",-0.0545289524276079,8
"OMN_CHE",-1.02967673768126,4
"OMN_DZA",2.02782803083529,8
"OMN_EGY",2.34239097184736,20
"OMN_IRQ",1.49605395900447,19
"OMN_ISL",-1.17580690008024,4
"OMN_JOR",0.901366492316048,20
"OMN_LBN",0.996896190303958,20
"OMN_LBY",0.45989158697212,19
"OMN_MAR",3.12161485264297,20
"OMN_NOR",0.115732359165584,4
"OMN_SDN",0.43983281001283,19
"OMN_SGP",-1.18922301714577,5
"OMN_SYR",0.403521335738246,19
"OMN_TUN",1.00002386065175,20
"OMN_USA",0.341268630643675,9
"OMN_YEM",-1.54747396876432,20
"PAK_BTN",-2.99397148196215,16
"PAK_CHN",-0.36063835773307,11
"PAK_CMR",-1.00208031494487,26
"PAK_COL",1.20004206877316,21
"PAK_MAR",0.591601601716326,21
"PAK_MDV",3.28438041967624,23
"PAK_MMR",1.98358060078216,21
"PAK_MUS",-0.728988233145671,11
"PAK_NPL",1.32975725539159,23
"PAK_VEN",1.05458966993088,19
"PAN_ARG",-1.60363348964455,6
"PAN_AUT",-1.90408287998373,5
"PAN_BEL",-0.792246316938865,5
"PAN_BGR",-2.20633245415111,5
"PAN_BOL",-1.2851384655187,6
"PAN_BRA",-2.17255925571806,6
"PAN_CAN",-1.87756362568254,5
"PAN_CHE",-0.670294922693007,4
"PAN_CHL",2.72801864882678,10
"PAN_COL",-1.27864845422845,6
"PAN_CRI",0.424337821051742,10
"PAN_CUB",0.938170361060603,4
"PAN_CYP",4.89145024855796,5
"PAN_CZE",-2.72042359607943,5
"PAN_DEU",-1.65128333651639,5
"PAN_DNK",0.00871550402189039,5
"PAN_ECU",0.390932296640785,6
"PAN_ESP",-0.688834085154561,5
"PAN_EST",-2.83263236731338,5
"PAN_FIN",-1.38615094223251,5
"PAN_FRA",-0.966471803241474,5
"PAN_GBR",0.253171776340473,5
"PAN_GRC",-1.97767186785376,5
"PAN_GTM",0.212668786991977,9
"PAN_HND",-1.85262577627791,9
"PAN_HRV",-3.76362134712677,5
"PAN_HUN",-1.610712699738,5
"PAN_IRL",-0.319015619034944,5
"PAN_ISL",-3.16704347202853,4
"PAN_ITA",-1.0801043785664,5
"PAN_LTU",-5.80199165745352,5
"PAN_LUX",0.630932425797777,5
"PAN_LVA",-2.89115343550418,5
"PAN_MEX",-2.3190209812913,6
"PAN_MLT",-2.69755157365732,5
"PAN_NIC",-1.70165327811177,9
"PAN_NLD",1.81943193961457,5
"PAN_NOR",-0.613536203247132,4
"PAN_PER",-0.928586852898365,6
"PAN_POL",-2.06199694541386,5
"PAN_PRT",-0.409798967861534,5
"PAN_PRY",1.59762968119734,6
"PAN_ROU",-3.98543606047413,5
"PAN_SGP",-2.71190409105953,12
"PAN_SLV",-0.876993966365636,15
"PAN_SVK",-0.901385031113513,5
"PAN_SVN",-1.61463254871367,5
"PAN_SWE",-2.15605633936909,5
"PAN_TWN",1.20171633720161,14
"PAN_URY",-0.679957739473899,6
"PAN_USA",0.853835975466063,6
"PAN_VEN",-0.779161397364554,6
"PCN_CZE",0.626239528980405,11
"PCN_SVK",1.7657730081726,14
"PCN_SWE",-1.08691002648115,8
"PER_AUT",0.653511741191392,5
"PER_BEL",-0.241584473126399,5
"PER_BGR",-1.76820528738145,5
"PER_CAN",0.499512197381967,9
"PER_CHE",1.40439933896516,7
"PER_CHN",0.0632041955430183,8
"PER_CRI",0.0447299277356539,5
"PER_CYP",-0.892301494261805,5
"PER_CZE",-1.56790228318899,5
"PER_DEU",-0.396046410392532,5
"PER_DNK",-0.0745669889502006,5
"PER_ESP",0.275028992333823,5
"PER_EST",-0.436605252828172,5
"PER_FIN",-0.676543014972585,5
"PER_FRA",-0.0795646448014962,5
"PER_GBR",-0.945956692906548,5
"PER_GRC",-1.48228183549105,5
"PER_HRV",-2.97579582505417,5
"PER_HUN",-2.75523415092186,5
"PER_IRL",-0.00836510109059461,5
"PER_ISL",2.27343918757826,7
"PER_ITA",-0.469413626175112,5
"PER_JPN",-0.0193543519778592,6
"PER_LTU",-0.14764047527373,5
"PER_LUX",-0.402209618626223,5
"PER_LVA",0.12259154481059,5
"PER_MAR",-0.0399992567960603,21
"PER_MLT",0.951338529915509,5
"PER_NLD",0.529276474526871,5
"PER_NOR",0.0561432077151863,7
"PER_PAN",0.568994092560433,6
"PER_POL",-1.06871344859188,5
"PER_PRT",-0.287266582424983,5
"PER_SVK",-1.71199650844772,5
"PER_SVN",-0.949443290135233,5
"PER_SWE",-0.591477937788029,5
"PER_USA",-0.0260935230379277,9
"PHL_ARG",2.73742665289639,26
"PHL_AUS",-0.0447596807558376,8
"PHL_BRN",2.11182217227364,26
"PHL_CHN",0.816792243242865,13
"PHL_COL",0.25772163043514,21
"PHL_IDN",-0.347397586802827,26
"PHL_IND",0.882228994652462,26
"PHL_JPN",0.306671079722796,10
"PHL_MAR",1.90242481904618,21
"PHL_MOZ",-2.21339236377297,25
"PHL_MYS",0.0530966940432029,26
"PHL_NZL",0.211244687021016,8
"PHL_SGP",0.306704953537151,26
"PHL_THA",-0.0280135012282357,26
"PHL_VEN",0.13469101325732,19
"PNG_AUT",-1.09702716731441,9
"PNG_BEL",-0.0491350145588433,9
"PNG_BGR",-2.62322693189748,6
"PNG_CZE",-2.52930811405104,9
"PNG_DEU",-0.85588976710344,9
"PNG_DNK",-1.45246400187942,9
"PNG_ESP",1.02542766708044,9
"PNG_EST",-2.87943349277279,8
"PNG_FIN",-4.2284362254809,9
"PNG_FRA",-0.083462186882353,9
"PNG_GBR",-0.766431578657709,9
"PNG_GRC",-4.55363615217491,7
"PNG_HRV",1.26613445836813,5
"PNG_HUN",-8.0328770349062,8
"PNG_IRL",-2.86696944039851,9
"PNG_ITA",-0.0372375359010265,9
"PNG_LUX",5.16127029134116,6
"PNG_MLT",-0.795190389257647,7
"PNG_NLD",0.670001752433164,9
"PNG_POL",-3.96410626422618,9
"PNG_PRT",-0.610403878088038,9
"PNG_ROU",-1.67948536187474,3
"PNG_SVK",-5.3233838487399,9
"PNG_SVN",-3.07919765989574,9
"PNG_SWE",-2.62488396510293,9
"POL_ALB",1.44201601045548,12
"POL_AND",0.879377169850744,14
"POL_ANT",-1.24996418116466,5
"POL_ATG",0.513433924456961,10
"POL_AUT",2.7923747762597,25
"POL_BGR",1.17608577171381,19
"POL_BHS",0.404762809657733,10
"POL_BIH",-0.414306600710434,10
"POL_BLZ",-0.925569760319562,10
"POL_BMU",-6.32629652033187,14
"POL_BRB",-0.147276599096148,10
"POL_CHE",0.750700423745747,25
"POL_CHL",0.284946153644968,14
"POL_CMR",-0.000174598493812406,4
"POL_COL",0.0543653629616465,5
"POL_CRI",-0.392360556551408,5
"POL_CYM",0.0575588165686489,14
"POL_CYP",0.0758436997479393,14
"POL_DEU",0.627118649897962,26
"POL_DMA",-1.25834615784978,10
"POL_DNK",0.435778108829572,26
"POL_DOM",-0.571081788889797,10
"POL_DZA",-0.0733488544300107,14
"POL_EGY",-0.229721601689692,14
"POL_ESP",1.20008508006671,26
"POL_EST",0.671202659799522,14
"POL_FJI",-0.543784540068377,9
"POL_FRA",1.90202017443031,26
"POL_GBR",2.92662961055658,26
"POL_GEO",0.0901459090679713,4
"POL_GRC",-0.689616683729423,26
"POL_GRD",-1.95674637619657,10
"POL_GRL",-0.153153144083364,14
"POL_GTM",-0.400910405850483,5
"POL_GUY",0.797187742669458,10
"POL_HND",-0.253267474820788,5
"POL_HRV",0.727504547206765,15
"POL_IOT",-2.42253497651318,5
"POL_IRL",2.34897273600322,26
"POL_ISL",-0.629203314324215,25
"POL_ISR",0.998704710345802,20
"POL_ITA",0.647076325581223,26
"POL_JAM",-0.922474211109732,10
"POL_JOR",0.02202933694068,14
"POL_KNA",2.98707657962044,10
"POL_KOR",0.372638859266191,7
"POL_LBN",0.218660487436676,14
"POL_LCA",-0.920313145552316,10
"POL_LTU",0.846443284092641,20
"POL_LVA",1.36492819283694,19
"POL_MAR",-0.553352538037481,14
"POL_MDA",-0.201096975795915,4
"POL_MDG",0.274110851041962,6
"POL_MEX",-0.623815131859679,14
"POL_MKD",0.114782353937394,14
"POL_MLT",0.0965932593962852,14
"POL_MSR",-3.82624146263517,4
"POL_MUS",1.110142085736,6
"POL_MYT",-0.0825921240197852,8
"POL_NCL",-0.133176601948703,14
"POL_NIC",0.136508094478331,5
"POL_NLD",1.53820754051738,26
"POL_NOR",4.91681162880162,25
"POL_PAN",-0.5329274634495,5
"POL_PER",0.488198590808631,5
"POL_PNG",0.209510508470043,9
"POL_PRT",1.79642959426486,26
"POL_PSE",-2.86646911350857,14
"POL_PYF",0.512778917518057,14
"POL_ROU",0.99640310943381,21
"POL_SHN",-6.10913439437946,7
"POL_SLV",0.70453656387527,5
"POL_SMR",0.408224016560949,14
"POL_SRB",0.660811248326771,8
"POL_SUR",0.0249223409050326,10
"POL_SVN",1.5890555844087,22
"POL_SWE",3.30425424153844,25
"POL_SYC",0.147998368422091,6
"POL_SYR",-0.919945729820795,14
"POL_TTO",-1.43540946898453,10
"POL_TUN",-0.730514414491415,14
"POL_TUR",0.868545315558862,18
"POL_UKR",-0.306235031536078,4
"POL_VCT",-1.0257787305938,10
"POL_VGB",1.74313881031912,11
"POL_WLF",-2.16948954821722,8
"POL_ZAF",1.214219359954,14
"POL_ZWE",1.16605646273483,6
"PRK_CMR",0.562270475359556,21
"PRK_COL",-0.781327396692492,21
"PRK_VEN",1.38889139851912,12
"PRT_ALB",0.538669710813639,12
"PRT_ATG",-2.57460512017693,10
"PRT_BGR",0.722465517765902,24
"PRT_BHS",-0.23158919613265,10
"PRT_BIH",0.17187032454138,10
"PRT_BLZ",-1.54507554716146,10
"PRT_BRB",0.175114000019022,10
"PRT_CHL",0.395137475399632,15
"PRT_CMR",0.632274018893247,4
"PRT_COL",0.466902609301772,5
"PRT_CRI",0.290576388968127,5
"PRT_DMA",-2.58777438208475,10
"PRT_DOM",0.00469646569175541,10
"PRT_FJI",-1.29299287617662,9
"PRT_FRO",-0.37750688348895,26
"PRT_GEO",-0.101038240372896,4
"PRT_GRD",-1.75522677068745,10
"PRT_GTM",0.940639327480576,5
"PRT_GUY",-0.610459204772012,10
"PRT_HND",0.4398095180291,5
"PRT_HRV",1.5156580926048,16
"PRT_HUN",0.604649758067775,26
"PRT_JAM",-0.36573934198707,10
"PRT_JOR",-0.463496558353109,16
"PRT_KNA",-1.32783556728019,9
"PRT_KOR",0.439062579723224,7
"PRT_LCA",-1.33543578688683,10
"PRT_MDA",0.216452434936538,4
"PRT_MDG",0.923489597984741,6
"PRT_MEX",0.215413644722149,18
"PRT_MKD",2.11386213358933,17
"PRT_MUS",0.510481654139107,6
"PRT_NIC",0.519577609927329,5
"PRT_PAN",0.579120992452861,5
"PRT_PER",0.721993185172053,5
"PRT_PNG",-2.58736381643688,9
"PRT_POL",2.10760730386993,26
"PRT_ROU",3.1612336861723,25
"PRT_SLV",0.118453869179914,5
"PRT_SRB",0.657488927325265,8
"PRT_SUR",0.392980951426589,10
"PRT_SYC",0.810745814237805,6
"PRT_TTO",-0.272666079405195,10
"PRT_UKR",0.00243648705668809,4
"PRT_VCT",-1.44270035114919,10
"PRT_VGB",0.920767923439677,11
"PRT_ZAF",0.493534805549865,18
"PRT_ZWE",-1.95607833675944,6
"PRY_IND",-0.0464781481720287,9
"PRY_PAN",-0.947651835136568,6
"PSE_DZA",-0.424040939313229,9
"PSE_POL",-5.18493278180773,13
"PSE_TUR",1.23310043645034,13
"PYF_CZE",0.39314763687571,14
"PYF_HUN",-3.02842891792701,7
"PYF_POL",-0.0472409637143942,14
"PYF_ROU",-2.18680365719475,5
"PYF_SVK",-1.06341515305267,12
"PYF_SVN",-3.27898321813929,11
"QAT_CHE",0.00589570399341355,4
"QAT_DZA",-0.00232488424661849,9
"QAT_EGY",1.69796872655669,20
"QAT_ISL",-4.63593074446488,4
"QAT_JOR",-0.295429259104208,20
"QAT_NOR",1.32099413768561,4
"QAT_SGP",-0.539128684449409,5
"QAT_TUN",4.2280681593092,20
"ROU_ABW",-7.32222018942559,9
"ROU_ALB",-1.00161348362269,14
"ROU_AND",0.0191051337977937,11
"ROU_ATG",-1.10797970128524,10
"ROU_AUT",0.964423169600086,25
"ROU_BGR",1.09747191808153,19
"ROU_BHS",-4.26842593773095,10
"ROU_BLZ",-3.40377824896285,10
"ROU_BMU",-4.9587613890926,11
"ROU_BRB",-1.06777633380659,10
"ROU_CHE",1.76315844983282,25
"ROU_CRI",-0.615080237394756,5
"ROU_CYM",-3.00784139836294,5
"ROU_CYP",0.57823567919782,14
"ROU_DEU",1.25380761238659,25
"ROU_DMA",-5.3855687364721,7
"ROU_DNK",1.99944738049788,25
"ROU_DOM",0.06622766781961,10
"ROU_ESP",1.55671533151351,25
"ROU_EST",1.63063859527623,14
"ROU_FIN",1.09268633721113,25
"ROU_FJI",-0.759403360851265,9
"ROU_FRA",1.01443800476043,25
"ROU_FRO",0.308024037713645,11
"ROU_GBR",0.949898930857832,25
"ROU_GEO",-0.584563207235107,4
"ROU_GRC",0.877210868752434,25
"ROU_GRD",-5.22991294381957,7
"ROU_GRL",-1.04367055654501,11
"ROU_GTM",-2.5172396299157,5
"ROU_HND",-1.98992376870053,5
"ROU_HRV",1.07696459491094,15
"ROU_HUN",0.577475469327206,21
"ROU_IRL",1.44855246306944,25
"ROU_ISL",2.20368335455222,25
"ROU_ITA",0.920352189984571,25
"ROU_JAM",-2.41993502039914,10
"ROU_JOR",-0.114296936210256,11
"ROU_KNA",-2.68253872287272,7
"ROU_LBN",-0.510845834012098,11
"ROU_LCA",-4.73345318845959,6
"ROU_LTU",1.35596457197705,14
"ROU_LVA",1.45667862345576,14
"ROU_MAR",0.229959682828071,21
"ROU_MDG",-0.471212223577109,6
"ROU_MKD",0.416644307631051,14
"ROU_MLT",-0.700539763704317,14
"ROU_MSR",1.65261778565398,4
"ROU_MUS",0.296769012922728,6
"ROU_MYT",2.98125392814758,5
"ROU_NCL",0.427188634548345,11
"ROU_NLD",0.643162879564844,25
"ROU_NOR",1.87925475775281,25
"ROU_PAN",-2.34703516027766,5
"ROU_PNG",-1.31644019469139,9
"ROU_POL",-0.0264511642031392,21
"ROU_PRT",2.37611148518353,25
"ROU_PYF",-1.44023207587271,11
"ROU_SLV",-0.492568702123426,5
"ROU_SUR",-1.48383931011275,10
"ROU_SVN",0.676954666178252,21
"ROU_SWE",0.846837591760855,25
"ROU_SYC",-0.295898959507343,6
"ROU_SYR",-1.26486945964667,11
"ROU_TCA",-2.48329444023036,7
"ROU_UKR",-0.808407579484354,4
"ROU_VCT",-4.609673461867,10
"ROU_VGB",-2.71717973695574,10
"ROU_ZAF",1.39704872767843,11
"RWA_KEN",1.57972495594562,22
"SAU_CHE",-0.0879634758731611,4
"SAU_DZA",1.41752549803601,9
"SAU_EGY",1.70040353619112,20
"SAU_IRQ",3.51503557816113,20
"SAU_ISL",2.18174977801141,4
"SAU_JOR",1.69018298515934,20
"SAU_LBN",0.745500643416112,20
"SAU_LBY",2.73934770719259,20
"SAU_MAR",0.0936557928572563,20
"SAU_NOR",-0.330688565729355,4
"SAU_SDN",0.856858426371396,20
"SAU_SGP",-0.334187275196998,5
"SAU_SYR",0.11189445114241,20
"SAU_TUN",0.575577938846616,20
"SAU_YEM",0.558071244401716,20
"SDN_ARE",1.63326949152039,20
"SDN_COL",-2.05795684098213,21
"SDN_JOR",-0.715139851610055,20
"SDN_MAR",-0.344243703605695,21
"SDN_MUS",-6.09383959215695,17
"SDN_OMN",-1.31867826525074,19
"SDN_QAT",0.00389938124792678,20
"SDN_SAU",0.938609143877422,20
"SDN_VEN",1.1474942323115,15
"SGP_ARE",-0.862920057862594,5
"SGP_AUS",1.35074827958452,15
"SGP_BHR",0.154449724489803,5
"SGP_BRN",-0.554040240307936,26
"SGP_CHE",0.579323562191575,15
"SGP_CHN",0.0712640884208739,13
"SGP_CMR",-0.437949333981498,26
"SGP_COL",0.338038535203448,21
"SGP_CRI",0.578290800580869,5
"SGP_IRN",0.649931724593681,26
"SGP_ISL",0.453391764942091,15
"SGP_JOR",-0.207045303403621,13
"SGP_JPN",0.777713948029955,16
"SGP_KHM",-1.82225558649767,19
"SGP_KWT",-0.517153923109587,5
"SGP_LAO",0.193841365126849,21
"SGP_MAR",0.174877814730897,21
"SGP_MMR",0.803721454572016,21
"SGP_NOR",-0.454201252415819,15
"SGP_NZL",1.37501180575299,17
"SGP_OMN",-0.359961378443767,5
"SGP_PAN",2.56658454923652,12
"SGP_PHL",0.219125470861168,26
"SGP_QAT",-0.427214918712575,5
"SGP_SAU",-0.0309327669815612,5
"SGP_TWN",-0.0660678000745762,4
"SGP_VEN",-0.421111710097846,19
"SHN_CZE",-1.44186718837004,12
"SHN_EST",-5.60310710565473,6
"SHN_POL",-3.41137872751442,14
"SHN_ROU",-1.17248168040403,3
"SHN_SVK",-2.09571099509471,12
"SHN_SVN",1.27057811706314,14
"SLV_AUT",-1.70412545289899,5
"SLV_BEL",-0.562889603124467,5
"SLV_BGR",-4.4725229591267,4
"SLV_CHL",1.1157528305345,16
"SLV_COL",0.457300379628624,8
"SLV_CUB",0.796922003510443,6
"SLV_CYP",-2.03120412300375,3
"SLV_CZE",-2.62489525065668,5
"SLV_DEU",-1.58938606997354,5
"SLV_DNK",-2.04658959233983,5
"SLV_DOM",1.49914056648847,17
"SLV_ESP",-0.0955848558542252,5
"SLV_EST",0.0543712703632468,5
"SLV_FIN",-0.755039337748345,5
"SLV_FRA",-0.890641339200047,5
"SLV_GBR",-0.6761737589341,5
"SLV_GRC",0.630505861429606,5
"SLV_HRV",-3.72822051922954,5
"SLV_HUN",-2.91853172310338,5
"SLV_IRL",0.0748368496122075,5
"SLV_ITA",0.532504814576667,5
"SLV_LTU",-1.78894914608279,5
"SLV_LUX",0.217096621889734,5
"SLV_LVA",-2.67134308535952,5
"SLV_MEX",-0.487794939668044,17
"SLV_MLT",-1.2325347882269,4
"SLV_NLD",-0.566336144493581,5
"SLV_PAN",1.25020844639171,15
"SLV_POL",-0.834777222095718,5
"SLV_PRT",-0.22443878620918,5
"SLV_ROU",-0.950820387816336,5
"SLV_SVK",-1.06925927748017,5
"SLV_SVN",-0.789492512097536,5
"SLV_SWE",-1.34408403867886,5
"SLV_TWN",1.65138140679839,10
"SLV_USA",0.139911652463742,12
"SMR_BGR",0.555401662373871,11
"SMR_CZE",-0.592210433126354,13
"SMR_EST",1.89937740059467,14
"SMR_HRV",-0.529681776158279,5
"SMR_HUN",2.5480046674099,14
"SMR_POL",0.915341727384057,14
"SMR_SVK",0.595182709722548,14
"SMR_SVN",2.32666426252352,14
"SPM_CZE",-0.408966014981823,12
"SRB_AUT",-0.18984926178641,8
"SRB_BEL",0.218002813420544,8
"SRB_CHE",-0.935050986370107,8
"SRB_CYP",-0.269882973305269,8
"SRB_CZE",-0.0621185819311961,8
"SRB_DEU",-0.10368495651772,8
"SRB_DNK",0.778889303843095,8
"SRB_ESP",0.297185240776829,8
"SRB_EST",0.651218171386369,8
"SRB_FIN",0.446781828705513,8
"SRB_FRA",-0.186676236097214,8
"SRB_GBR",-0.484553619299312,8
"SRB_GRC",-0.461503073578772,8
"SRB_HUN",0.457131232575412,8
"SRB_IRL",-0.00938217678131298,8
"SRB_ISL",0.641461635002627,8
"SRB_ITA",-0.0848300367508926,8
"SRB_LTU",-0.102698807047295,8
"SRB_LUX",0.0914794849010893,8
"SRB_LVA",-0.677020543998542,8
"SRB_MLT",0.439212460920644,8
"SRB_NLD",-0.0833304547513374,8
"SRB_NOR",0.518817092623474,8
"SRB_POL",-0.215021127422221,8
"SRB_PRT",-1.12706685584058,8
"SRB_SVK",0.254232744194591,8
"SRB_SVN",-0.291096572249804,8
"SRB_SWE",-0.165441527975477,8
"SUR_AUT",-1.53603519493332,10
"SUR_BEL",0.706084306275636,10
"SUR_BGR",-1.87312335230598,10
"SUR_CYP",-0.824258645944226,9
"SUR_CZE",-0.427364365905662,10
"SUR_DEU",-2.13915186305036,10
"SUR_DNK",0.520472706670831,10
"SUR_ESP",-1.73815940953463,10
"SUR_EST",-4.80161072167965,9
"SUR_FIN",-0.385590082267477,10
"SUR_FRA",-0.747232825999388,10
"SUR_GBR",-4.22451776136549,10
"SUR_GRC",-4.04732277217339,8
"SUR_HRV",-3.44597305125582,3
"SUR_HUN",-5.10057308191888,6
"SUR_IRL",-3.29502346073377,10
"SUR_ITA",-1.72502455381114,10
"SUR_JAM",4.9188765924889,22
"SUR_LTU",-2.32770565418802,3
"SUR_LUX",-7.58892805599163,10
"SUR_MLT",0.534579745348664,7
"SUR_NLD",-1.38666738524179,10
"SUR_POL",-3.38053548876288,10
"SUR_PRT",-0.106050330217728,10
"SUR_SVK",-0.291456087832275,10
"SUR_SVN",1.74748631778323,10
"SUR_SWE",-1.26145911040147,10
"SUR_TTO",0.041500695963637,23
"SVK_ABW",-0.753129428165253,14
"SVK_AIA",-1.66114737917268,3
"SVK_ALB",0.943379789304888,12
"SVK_AND",-0.507780081019001,14
"SVK_ANT",0.751345120619245,5
"SVK_ATG",-2.05622449655196,9
"SVK_BHS",-4.38361148720813,8
"SVK_BIH",-0.869500871860902,10
"SVK_BLZ",-4.42330328410209,9
"SVK_BMU",-6.64417383307262,14
"SVK_BRB",-0.349846287570716,10
"SVK_CHL",1.63782466046617,14
"SVK_CMR",-1.33032539852447,4
"SVK_COL",0.103093369314062,5
"SVK_CRI",-0.632376862714739,5
"SVK_CYM",1.97372738147178,11
"SVK_CYP",1.05810619013395,14
"SVK_DMA",-4.7962316300461,4
"SVK_DOM",-1.60849724666902,10
"SVK_DZA",0.0455631031114644,14
"SVK_EGY",-0.178783813087584,14
"SVK_EST",0.186317544243401,20
"SVK_FJI",-2.61956700431997,9
"SVK_FRO",-0.208142549338456,14
"SVK_GEO",-0.296670149314646,4
"SVK_GRD",-0.476738354663049,5
"SVK_GRL",-0.324800128029925,12
"SVK_GTM",0.0562793497403519,5
"SVK_GUY",-1.51067201448873,10
"SVK_HND",-1.23489047840078,5
"SVK_HRV",-0.0794966440892476,15
"SVK_JAM",-0.830808606532609,10
"SVK_JOR",-0.999514958463929,14
"SVK_KOR",0.783373636909319,7
"SVK_LBN",-1.02984911574223,14
"SVK_LCA",-6.08751072681457,9
"SVK_MAR",1.16300572843053,14
"SVK_MDA",-0.476204129153783,4
"SVK_MDG",0.257712847351124,6
"SVK_MEX",-0.246880283040636,14
"SVK_MKD",-0.305786195891032,14
"SVK_MLT",0.581528262034995,14
"SVK_MUS",1.30544043978711,6
"SVK_MYT",-0.586565062875477,6
"SVK_NCL",0.752029263570976,14
"SVK_NIC",-0.403820018720346,5
"SVK_PAN",0.490969512348243,5
"SVK_PER",0.416097853381674,5
"SVK_PNG",-2.63297929914296,6
"SVK_PYF",1.68231052047671,14
"SVK_SLV",0.0698364291869829,5
"SVK_SMR",-0.517695644031703,14
"SVK_SRB",-0.285649011541939,8
"SVK_SUR",-1.94930052781721,10
"SVK_SYC",-0.128053676652534,6
"SVK_SYR",-1.80008791344814,14
"SVK_TCA",-2.04484595722845,11
"SVK_TTO",-1.12322090228033,10
"SVK_TUN",0.585515215378729,14
"SVK_TUR",0.709648466667004,20
"SVK_UKR",-0.614965369909247,4
"SVK_VCT",-2.90194003833034,10
"SVK_VGB",-1.35732504745229,10
"SVK_ZAF",0.455005758957119,14
"SVK_ZWE",-1.98851326523487,6
"SVN_ALB",-0.477761604709074,12
"SVN_AND",0.171702178627242,14
"SVN_ANT",0.855518744560064,5
"SVN_ATF",-1.75747310610748,10
"SVN_ATG",-2.93178246785296,10
"SVN_BGR",1.47600824071253,21
"SVN_BHS",0.453344050257321,10
"SVN_BLZ",-1.58881927055504,10
"SVN_BMU",0.714314342588205,14
"SVN_BRB",1.16045798651764,10
"SVN_CHL",1.27609191496797,14
"SVN_CMR",-0.874754399275817,4
"SVN_COL",-0.337572870945638,5
"SVN_CRI",-0.502948777047938,5
"SVN_CYM",-5.40512351717926,6
"SVN_CYP",1.2349153962215,14
"SVN_DMA",-1.09030045122768,7
"SVN_DOM",-0.0301233133951643,10
"SVN_DZA",1.71189382568773,14
"SVN_EGY",-0.769385883275999,14
"SVN_FJI",-2.53496357576323,9
"SVN_FRO",0.329916497345751,14
"SVN_GEO",0.0704518736200959,4
"SVN_GRD",-5.11961898462433,3
"SVN_GRL",-0.713039227961212,12
"SVN_GTM",-0.488876566821527,5
"SVN_GUY",-1.54180490201818,10
"SVN_HND",1.6269649300024,5
"SVN_HRV",-0.252513018486584,20
"SVN_ISR",1.12209557968881,20
"SVN_JAM",-0.0312430503125421,10
"SVN_JOR",-0.498776865329204,14
"SVN_KOR",0.887290592823776,7
"SVN_LBN",0.248705034767602,14
"SVN_LCA",-0.276454739163545,8
"SVN_LTU",0.878579030829318,21
"SVN_MAR",1.24928279111699,14
"SVN_MDA",-0.328433413830178,4
"SVN_MDG",-0.0877504387423975,6
"SVN_MEX",0.491523876007581,14
"SVN_MKD",-0.581341452235087,22
"SVN_MLT",0.990436227707761,14
"SVN_MUS",1.25891539737272,6
"SVN_MYT",0.942681580623132,8
"SVN_NCL",0.935097870399855,14
"SVN_NIC",-0.272446552966097,5
"SVN_PAN",1.86803098223739,5
"SVN_PER",0.700806779182197,5
"SVN_PNG",-3.27210667751608,7
"SVN_POL",0.627617951817345,22
"SVN_PYF",0.32601486047462,14
"SVN_ROU",1.91975351037289,21
"SVN_SLV",0.90577936113026,5
"SVN_SMR",0.864649882916936,14
"SVN_SRB",0.109544233412698,8
"SVN_SUR",0.230835361931856,10
"SVN_SYC",-0.0866682814237336,6
"SVN_SYR",-0.797723469695707,14
"SVN_TTO",1.3430240785105,10
"SVN_TUN",0.508120405816721,14
"SVN_TUR",-0.183131250595744,18
"SVN_UKR",-0.641038989084449,4
"SVN_VCT",-2.04836480141637,10
"SVN_VGB",-0.388445815619242,10
"SVN_WLF",-0.409629863092123,3
"SVN_ZAF",0.284009639625577,14
"SVN_ZWE",-1.39297836650404,6
"SWE_ALB",-0.196076322324957,12
"SWE_ATG",0.0720794766674761,10
"SWE_BGR",7.18933650440359,25
"SWE_BHS",-0.301911545443043,10
"SWE_BIH",-0.531855840098114,10
"SWE_BLZ",-0.221641903229409,10
"SWE_BRB",0.357762410545435,10
"SWE_CHL",0.981853987796399,15
"SWE_CMR",-0.643634837024474,4
"SWE_COL",-0.716210326201033,5
"SWE_CRI",0.374843511279824,5
"SWE_CYP",-0.0176299070016227,23
"SWE_DMA",0.706062677210915,10
"SWE_DOM",0.643580654581119,10
"SWE_DZA",0.660024073080903,23
"SWE_EGY",0.761054178313621,23
"SWE_FJI",-0.743807311475964,9
"SWE_FLK",-3.24611623596873,21
"SWE_FRO",0.399117369965037,23
"SWE_GEO",-0.661480458070536,4
"SWE_GRD",-0.0897096134443011,10
"SWE_GTM",-0.676859178262341,5
"SWE_GUY",0.24502512067466,10
"SWE_HND",-0.763029825626099,5
"SWE_HRV",0.0476202328634731,16
"SWE_HUN",4.40631043960821,25
"SWE_ISR",4.65030893133917,25
"SWE_JAM",-0.664847891158053,10
"SWE_JOR",-0.259419618364377,16
"SWE_KNA",0.327744383056179,10
"SWE_KOR",0.40231125523532,7
"SWE_LBN",0.717257335666775,23
"SWE_LCA",-1.55251150265727,10
"SWE_MAR",0.10169290697869,23
"SWE_MDA",-0.0074846244840685,4
"SWE_MDG",-0.264530824829354,6
"SWE_MEX",-0.961163044856608,18
"SWE_MKD",-0.188643558990373,17
"SWE_MLT",0.742643828468014,23
"SWE_MUS",0.24564395116908,6
"SWE_NIC",-0.805907158206015,5
"SWE_PAN",-0.0175400241462573,5
"SWE_PCN",-4.2020487564311,10
"SWE_PER",0.239293913810291,5
"SWE_PNG",-0.158863471122515,9
"SWE_POL",5.47114387428318,25
"SWE_ROU",2.28909522691135,25
"SWE_SLV",-0.397293569109402,5
"SWE_SRB",0.075133685947225,8
"SWE_SUR",-0.312477328338425,10
"SWE_SYC",0.294165118985131,6
"SWE_SYR",-0.109785414325294,23
"SWE_TTO",0.120491236968137,10
"SWE_TUN",-0.317189138725496,23
"SWE_TUR",0.336921504636125,26
"SWE_UKR",0.00372498113393749,4
"SWE_VCT",-0.721320246715487,10
"SWE_VGB",1.42811179652836,11
"SWE_ZAF",3.60424593976263,18
"SWE_ZWE",0.397434316984706,6
"SWZ_BWA",-0.778711564435208,18
"SWZ_CHE",0.264775095603018,10
"SWZ_MWI",4.76328850226647,18
"SWZ_NOR",1.24518451769098,10
"SWZ_ZAF",-1.22678472838777,18
"SWZ_ZWE",5.08488911121293,22
"SYC_AUT",-1.77093509413858,6
"SYC_BEL",-0.068859479472106,6
"SYC_BGR",-1.61002454430022,5
"SYC_CYP",1.2726338379682,6
"SYC_CZE",0.74996350849466,6
"SYC_DEU",-1.75741868694351,6
"SYC_DNK",1.49394124355749,6
"SYC_ESP",0.259922115098286,6
"SYC_EST",-2.17055771331079,6
"SYC_ETH",-7.13645236974904,14
"SYC_FIN",1.0575730918709,6
"SYC_FRA",0.675436438921908,6
"SYC_GBR",0.156532447620259,6
"SYC_GRC",-3.64050690671853,6
"SYC_HUN",-0.689477165739096,6
"SYC_IRL",-0.800659394693196,6
"SYC_ITA",0.385414702102551,6
"SYC_KEN",-0.950506251229359,17
"SYC_LTU",-3.13351943672141,5
"SYC_LUX",2.69723046789431,5
"SYC_LVA",2.89898952210909,6
"SYC_MDG",1.59077741523806,17
"SYC_MLT",-0.253295303760622,6
"SYC_MUS",2.73747938436241,18
"SYC_NLD",-0.268444265557774,6
"SYC_POL",-0.033761378586868,6
"SYC_PRT",-0.315444579276961,6
"SYC_SDN",-0.33778594809582,15
"SYC_SVK",-1.43978936087657,6
"SYC_SVN",-4.16698170840008,6
"SYC_SWE",-2.43739853331089,6
"SYC_UGA",1.46364296009292,16
"SYC_ZWE",1.46018196969014,17
"SYR_ARE",-0.19636557255273,18
"SYR_AUT",1.63552115947737,23
"SYR_BGR",0.0555055877518295,11
"SYR_CYP",-1.93714313449708,14
"SYR_CZE",-3.67520327298866,14
"SYR_DZA",0.125316079261261,7
"SYR_EST",-0.525288551211571,14
"SYR_FIN",0.244612619765763,23
"SYR_HUN",-0.129781787123877,14
"SYR_KWT",-0.413925365161311,19
"SYR_LBN",-0.718510823702112,20
"SYR_LTU",-0.910303355601785,11
"SYR_LVA",-0.0777815194432631,9
"SYR_MAR",-0.951688647938832,20
"SYR_MLT",-0.930881661611181,14
"SYR_OMN",0.279933145625788,19
"SYR_POL",2.18799579325349,14
"SYR_QAT",-1.85715733240022,19
"SYR_ROU",-1.50826385710868,11
"SYR_SAU",0.784454416966035,20
"SYR_SDN",1.18152257227119,19
"SYR_SVK",-1.25659050108493,14
"SYR_SVN",-2.31132108949111,14
"SYR_SWE",-0.363873811076228,23
"SYR_TUN",-1.71706497898245,20
"SYR_TUR",-0.441217749676914,11
"TCA_CZE",-0.0515893355344521,14
"TCA_EST",-2.77354570560803,6
"TCA_SVK",3.69808431279515,14
"TCA_SVN",-1.80663576362296,14
"TCD_CAF",-3.57424992629687,17
"TCD_CMR",-2.76056043174798,18
"THA_AUS",0.957282879695798,13
"THA_BRN",-0.130514553654319,26
"THA_CHN",0.233875875281664,13
"THA_CMR",-0.275508884053503,26
"THA_COL",1.497749276316,21
"THA_IRN",-0.828559036423431,26
"THA_JPN",0.318926055704327,11
"THA_KHM",-0.573473255607076,19
"THA_MAR",0.670153122827888,21
"THA_MMR",0.973326816915782,21
"THA_NZL",1.12166194681705,13
"THA_PHL",0.460403269394099,26
"THA_VEN",0.942824188701342,19
"TJK_ARM",-1.9813202302296,3
"TJK_UKR",-0.457217441527295,16
"TKM_GEO",-0.91421390683392,18
"TTO_AUT",-1.98093986473423,10
"TTO_BEL",1.595022403036,10
"TTO_BGR",-3.09531633662435,6
"TTO_COL",0.247353170825858,21
"TTO_CYP",-3.9571133082965,9
"TTO_CZE",-3.44968294240168,10
"TTO_DEU",0.432508408357356,10
"TTO_DNK",-3.32710768288419,10
"TTO_ESP",0.931268411652521,10
"TTO_EST",1.96979820556579,10
"TTO_FIN",-1.71340529720037,10
"TTO_FRA",-0.113110269857843,10
"TTO_GBR",-0.288776122832212,10
"TTO_GRC",1.31311945080102,10
"TTO_HRV",-1.027788693811,5
"TTO_HTI",-0.862540092937214,12
"TTO_HUN",-6.17706426291153,9
"TTO_IRL",0.114064977438543,10
"TTO_ITA",0.474870939417579,10
"TTO_LUX",-0.915093597911547,10
"TTO_LVA",-2.01819374913494,3
"TTO_MAR",-2.16392693470371,17
"TTO_MLT",1.67305464078129,8
"TTO_NLD",1.22190828866737,10
"TTO_POL",-0.371177312571939,10
"TTO_PRT",1.16215139696834,10
"TTO_SUR",2.04823638696955,23
"TTO_SVK",0.792888002743832,10
"TTO_SVN",-1.22948173213508,10
"TTO_SWE",-2.23104257421658,10
"TTO_VEN",-2.05833874313035,17
"TUN_ARE",-0.583049989935497,20
"TUN_AUT",1.41598742535289,23
"TUN_BGR",-1.35775581592958,11
"TUN_BHR",-2.04680538605723,20
"TUN_CHE",-0.967945724549996,13
"TUN_CMR",3.38860875559183,26
"TUN_COL",0.353663465744704,21
"TUN_CYP",-0.953290814019903,14
"TUN_CZE",-0.0711974764814003,14
"TUN_EST",0.497207156576523,14
"TUN_FIN",-0.967802235295717,23
"TUN_HRV",-0.965992379305083,5
"TUN_HUN",-1.15945387667127,14
"TUN_ISL",-0.935673089015175,13
"TUN_JOR",-1.75167189751799,20
"TUN_KWT",-0.302565713339069,20
"TUN_LBN",-0.7483091769067,20
"TUN_LTU",-1.10588439048192,14
"TUN_LVA",-1.8619079752237,14
"TUN_MAR",-0.417642902263467,21
"TUN_MLT",-0.409713074755991,14
"TUN_NOR",-0.554706153992866,13
"TUN_OMN",-0.908849527705095,20
"TUN_POL",-0.700935941099441,14
"TUN_QAT",-0.798168516835338,20
"TUN_SAU",-0.95720304581382,20
"TUN_SVK",1.74704677918875,14
"TUN_SVN",-0.189947745445912,14
"TUN_SWE",-0.520014375765914,23
"TUN_SYR",-1.60197180670008,20
"TUN_VEN",-4.13312164713085,18
"TUN_YEM",-0.316799663032936,20
"TUR_ALB",-0.261260425944606,10
"TUR_AUT",0.00273791444969703,26
"TUR_BGR",1.21252347376316,19
"TUR_BIH",0.14429828736301,15
"TUR_CHE",-0.302951985148661,26
"TUR_CYP",-0.453524767046718,14
"TUR_CZE",0.558458622051572,20
"TUR_EST",1.50135783839762,20
"TUR_FIN",0.947567992738033,26
"TUR_GEO",-0.0439049357031036,10
"TUR_HRV",0.940271722053482,15
"TUR_HUN",0.480335871013938,20
"TUR_ISL",1.0701187219186,26
"TUR_JOR",-0.126687424377351,7
"TUR_LTU",1.02601106868845,20
"TUR_LVA",1.32457781170263,18
"TUR_MAR",0.757979013064724,12
"TUR_MKD",-0.188143419531551,18
"TUR_MLT",0.173376648961242,14
"TUR_MNE",0.818718814846414,8
"TUR_MUS",0.726407985823957,5
"TUR_MYS",0.493721857402225,3
"TUR_NOR",-0.07563776944601,26
"TUR_POL",0.491665378660442,18
"TUR_PSE",0.320113384154283,13
"TUR_SVK",0.52126517746443,20
"TUR_SVN",0.509045287390955,18
"TUR_SWE",0.180428337458838,26
"TUR_SYR",0.872128391362859,11
"TWN_GTM",-0.104039030786598,12
"TWN_HND",0.482578560796078,10
"TWN_NIC",-0.245719066350481,10
"TWN_NZL",-0.318433877216149,5
"TWN_PAN",1.5876549682281,14
"TWN_SGP",0.448170548733984,4
"TWN_SLV",0.176323253590915,10
"TZA_BWA",-3.82171830093206,18
"TZA_KEN",1.02762895198606,22
"TZA_MAR",0.539372325324376,20
"TZA_MUS",-0.174370459000321,24
"TZA_MWI",3.79431703791371,23
"TZA_ZAF",-0.822037641044633,18
"UGA_EGY",-0.228808430331156,19
"UGA_KEN",2.54031160010936,24
"UKR_AUT",0.389438102938834,4
"UKR_BEL",0.833717013020649,4
"UKR_BGR",-0.174338122635841,4
"UKR_BLR",-0.425109091070224,14
"UKR_CHE",-0.998319277688859,6
"UKR_CYP",-1.001841007886,4
"UKR_CZE",0.0987651280460837,4
"UKR_DEU",0.63062928681419,4
"UKR_DNK",0.497258315861304,4
"UKR_ESP",0.74052282861534,4
"UKR_FIN",0.570088374395412,4
"UKR_FRA",0.525803171828824,4
"UKR_GBR",1.12640290673021,4
"UKR_GRC",-0.114818995089351,4
"UKR_HRV",0.0657609513049299,4
"UKR_HUN",0.9200051935453,4
"UKR_IRL",0.408684129212714,4
"UKR_ISL",0.0606413934145325,6
"UKR_ITA",0.386668746845854,4
"UKR_LTU",0.186489103529166,4
"UKR_LUX",0.546800469627627,4
"UKR_LVA",0.129152842099537,4
"UKR_MDA",-0.645976466593853,15
"UKR_MKD",-0.499086732891297,17
"UKR_MLT",-0.223646809614574,4
"UKR_MNE",0.391944373177379,5
"UKR_NLD",1.1525598776736,4
"UKR_NOR",-0.52229749885413,6
"UKR_POL",0.237500066975562,4
"UKR_PRT",1.03316549964836,4
"UKR_ROU",0.394507091175419,4
"UKR_SVK",-0.157925397957126,4
"UKR_SVN",0.290998741740165,4
"UKR_SWE",0.738106335976874,4
"UKR_TJK",-2.42641428994815,16
"URY_CUB",2.40939337342761,19
"URY_IND",-0.268270955662612,9
"URY_PAN",0.623659183711559,6
"USA_AUS",-0.0513505864966215,13
"USA_BHR",0.156522808343651,12
"USA_CHL",1.19056555462878,14
"USA_COL",-0.0969061326394609,6
"USA_CRI",0.412091421362301,9
"USA_DOM",-0.0182618201349479,11
"USA_GTM",0.204775391753067,12
"USA_HND",0.242398192814896,12
"USA_JOR",0.0524493707000079,17
"USA_KOR",-0.0408817539652932,6
"USA_MAR",0.587494589465942,12
"USA_MEX",-0.433954647349934,24
"USA_NIC",0.155344629556854,12
"USA_OMN",0.272048027262667,9
"USA_PAN",0.604166351470065,6
"USA_PER",0.439310129668495,9
"USA_SLV",0.359095612345689,12
"VCT_AUT",1.25408109009015,7
"VCT_BEL",-4.97178639028304,10
"VCT_BGR",0.56685971876344,8
"VCT_CZE",-0.919902258223312,10
"VCT_DEU",-3.49871965393341,10
"VCT_DNK",-6.00798042231796,9
"VCT_ESP",-3.47510941820537,10
"VCT_FRA",-0.413938846281981,10
"VCT_GBR",-2.44049837925564,10
"VCT_GRC",-0.822714640643693,10
"VCT_HRV",-3.31349778417355,3
"VCT_HTI",0.00537483587299886,8
"VCT_HUN",-1.8552924724968,3
"VCT_IRL",-1.17414545069836,10
"VCT_ITA",-1.70241634538668,10
"VCT_NLD",-0.435026947128985,10
"VCT_POL",-0.56815239405187,10
"VCT_PRT",-5.82364952507638,4
"VCT_SVK",0.699542764530666,7
"VCT_SVN",-2.05747149275228,6
"VCT_SWE",-3.66047616562392,10
"VEN_BGD",0.772981347224919,13
"VEN_CMR",-2.05884118100976,18
"VEN_CUB",-0.491101727637511,12
"VEN_DZA",-1.91247896776621,17
"VEN_EGY",0.53238253092165,19
"VEN_GIN",-2.59178807340112,8
"VEN_GUY",0.53747087110674,19
"VEN_IDN",-1.77971277192713,19
"VEN_IND",2.74579851513585,19
"VEN_KOR",-1.0749458652271,19
"VEN_LKA",-3.34561587442204,17
"VEN_MAR",1.16860453249603,19
"VEN_MYS",2.04969309884124,19
"VEN_NGA",-3.34058658511788,19
"VEN_NIC",-0.302850595551595,19
"VEN_PAK",-2.36345743818121,19
"VEN_PAN",-3.2196216405472,6
"VEN_PHL",-2.55923836746444,19
"VEN_SGP",3.20556181447156,19
"VEN_THA",-2.50900866060537,19
"VEN_TTO",-3.49728500940095,17
"VEN_TUN",-0.760031720631246,19
"VEN_ZWE",-4.34582918990452,8
"VGB_AUT",-3.36568883636201,11
"VGB_BEL",-8.29487128510841,11
"VGB_BGR",-3.08026283131443,10
"VGB_CYP",5.55422202337534,9
"VGB_CZE",0.236774850345146,11
"VGB_DEU",0.325239902473714,11
"VGB_DNK",-5.03511349940378,10
"VGB_ESP",-2.29516401308188,11
"VGB_EST",-2.01238129271825,10
"VGB_FIN",-0.928488555301104,11
"VGB_FRA",0.588996794993296,11
"VGB_GBR",-1.22080758630109,11
"VGB_GRC",1.30398888923005,8
"VGB_HRV",0.867126169876631,5
"VGB_IRL",-2.10329866821328,11
"VGB_ITA",-0.406816480074725,11
"VGB_LTU",-6.14159164391145,5
"VGB_LVA",-4.09603706705143,8
"VGB_NLD",0.860144215786851,11
"VGB_POL",-1.31445473889018,11
"VGB_PRT",-2.73348167995387,7
"VGB_ROU",-4.67916541591523,8
"VGB_SVK",3.52087478727803,11
"VGB_SVN",-0.0269506579952727,11
"VGB_SWE",0.686011668851657,11
"VNM_AUS",-1.48432399780238,8
"VNM_BRN",3.00555164775795,20
"VNM_CHN",-0.404256622274615,13
"VNM_COL",-1.22209716891144,21
"VNM_JPN",-0.312094557184215,10
"VNM_MAR",-0.123489648749923,21
"VNM_NZL",-0.0089945956001205,8
"VNM_VEN",0.0638255712530545,19
"WLF_SVN",-2.9355358060662,5
"YEM_ARE",2.87560934106117,18
"YEM_DZA",-1.19745537285921,7
"YEM_MAR",-2.32802827986342,17
"YEM_OMN",1.83686211978453,20
"YEM_SAU",1.19222631708323,20
"YEM_TUN",0.616758064024809,20
"ZAF_AUT",-1.2799731616353,18
"ZAF_BGR",-0.011107195721652,11
"ZAF_BWA",-3.10923832640923,18
"ZAF_CHE",-0.554108321788712,10
"ZAF_CYP",-1.68743318186935,14
"ZAF_CZE",0.684126815305504,14
"ZAF_DEU",-0.539105508714495,18
"ZAF_DNK",1.28486291148651,18
"ZAF_ESP",-0.184552785131331,18
"ZAF_EST",1.0893685487779,14
"ZAF_FIN",-0.148858908089767,18
"ZAF_FRA",-1.97233487228086,18
"ZAF_GBR",-1.18899888052178,18
"ZAF_GRC",-0.935927506611005,18
"ZAF_HRV",-0.402312147879068,5
"ZAF_HUN",-0.982698309127916,14
"ZAF_IRL",1.3358015935759,18
"ZAF_ISL",-0.83252050689204,10
"ZAF_ITA",-0.145633601861525,18
"ZAF_LTU",0.628992443164241,14
"ZAF_LVA",0.402608740876083,14
"ZAF_MLT",0.00578361747853241,14
"ZAF_MOZ",-0.175536779365127,18
"ZAF_MUS",-1.01583829567506,18
"ZAF_MWI",-0.0851132707858677,18
"ZAF_NAM",-1.4182332899375,18
"ZAF_NLD",-1.41747574192603,18
"ZAF_NOR",0.394715330802807,10
"ZAF_POL",-0.190008662173743,14
"ZAF_PRT",-0.67720833908318,18
"ZAF_ROU",-0.339682184028891,11
"ZAF_SVK",-1.93766951023004,14
"ZAF_SVN",-0.446512163477315,14
"ZAF_SWE",-0.126253924825933,18
"ZAF_SWZ",-2.62601363576934,18
"ZAF_TZA",-0.407782769575464,18
"ZAF_ZMB",0.496373531309716,18
"ZAF_ZWE",1.13999297362057,18
"ZMB_BWA",-0.322759318673837,18
"ZMB_EGY",2.23418261023675,19
"ZMB_KEN",0.955240707488849,23
"ZMB_MWI",2.44158696636884,24
"ZMB_SYC",-1.3151868407319,14
"ZMB_ZAF",-0.95110374500777,18
"ZMB_ZWE",3.88987054007013,24
"ZWE_AUT",-3.91874821525004,6
"ZWE_BEL",1.04628970556057,6
"ZWE_BGR",-1.85356605451539,6
"ZWE_BWA",-1.11901010296827,18
"ZWE_CMR",-1.01516721985191,24
"ZWE_COD",1.56619951682017,24
"ZWE_COL",-0.0563289495819394,20
"ZWE_CYP",-5.21092158170762,6
"ZWE_CZE",-3.50175289687703,6
"ZWE_DEU",-1.62293006674471,6
"ZWE_DNK",-3.99503707832321,6
"ZWE_ESP",-1.18314726493548,6
"ZWE_EST",1.0961761208017,6
"ZWE_FIN",-2.30199124571304,6
"ZWE_FRA",0.406294484185962,6
"ZWE_GBR",-1.1699443055775,6
"ZWE_GRC",-1.75714647440675,6
"ZWE_HRV",-0.607320135574355,5
"ZWE_HUN",-0.58664472173907,6
"ZWE_IRL",-3.38103133266516,6
"ZWE_ITA",-1.04730537520486,6
"ZWE_KEN",-0.162293524056853,24
"ZWE_LTU",-1.50493350675679,4
"ZWE_LUX",-1.87061869956951,6
"ZWE_LVA",-5.46835578226208,3
"ZWE_MAR",-2.57403671998655,21
"ZWE_MDG",-3.23025379612581,24
"ZWE_MLT",0.145167144608296,4
"ZWE_MUS",0.515410976660643,24
"ZWE_MWI",0.703080828915679,24
"ZWE_NLD",-0.665526684700724,6
"ZWE_PHL",-2.84662289805465,25
"ZWE_POL",-0.557987673163018,6
"ZWE_PRT",-1.47050101686521,6
"ZWE_SVK",-5.60612758584738,6
"ZWE_SVN",-0.651153772652949,6
"ZWE_SWE",-1.70356155289013,6
"ZWE_SWZ",0.500617527521836,24
"ZWE_SYC",-2.88071183743796,16
"ZWE_VEN",-4.84077162063838,8
"ZWE_ZAF",-1.48084372271016,18
"ZWE_ZMB",3.39622831125929,24
