"panel","year","instrument","grid_point","value","extra"
"real",1988,"mean_excess","p80",691.88090001155,35.1420344228726
"real",1988,"mean_excess","p81",726.268469528271,33.0016286585153
"real",1988,"mean_excess","p82",762.833362263649,29.8114824492049
"real",1988,"mean_excess","p83",804.073965563777,27.7246386800164
"real",1988,"mean_excess","p84",850.424855971033,26.0519443447722
"real",1988,"mean_excess","p85",901.787335908833,23.9664933700397
"real",1988,"mean_excess","p86",960.548562216334,21.9864128827304
"real",1988,"mean_excess","p87",1027.49661937286,20.4803843242106
"real",1988,"mean_excess","p88",1103.55881172057,18.6568255213301
"real",1988,"mean_excess","p89",1191.6166372721,16.8751772480064
"real",1988,"mean_excess","p90",1297.08469185055,15.5660685684417
"real",1988,"mean_excess","p91",1423.80032537703,14.0964816264812
"real",1988,"mean_excess","p92",1576.54598981155,12.6733785768315
"real",1988,"mean_excess","p93",1769.08680038868,11.4821366751061
"real",1988,"mean_excess","p94",2010.26091652057,9.91920214328235
"real",1988,"mean_excess","p95",2337.42762923835,8.65667028342687
"real",1988,"mean_excess","p96",2759.72049610468,6.58283844669802
"real",1988,"mean_excess","p97",3400.42382327662,5.16237243371624
"real",1988,"mean_excess","p98",4531.85417118485,4.06872448736347
"real",1988,"mean_excess","p99",7178.90321611807,2.89962214265971
"real",1988,"max_to_sum","p1",0.0749376359538895,1186737.951044
"real",1988,"max_to_sum","p2",0.394721421427374,20036365372.8603
"real",1988,"max_to_sum","p3",0.70937292855036,991493445232682
"real",1988,"max_to_sum","p4",0.880441179374593,71042613634023759872
"real",1989,"mean_excess","p80",869.727010276191,25.2639232653409
"real",1989,"mean_excess","p81",911.571888737159,23.6681681095589
"real",1989,"mean_excess","p82",956.278058733333,21.7139146996401
"real",1989,"mean_excess","p83",1006.29365374772,19.960011225958
"real",1989,"mean_excess","p84",1061.14902640833,18.3272833883122
"real",1989,"mean_excess","p85",1124.00373558941,17.0517993224798
"real",1989,"mean_excess","p86",1195.21635540196,16.093154567178
"real",1989,"mean_excess","p87",1275.41121491505,14.8132836029641
"real",1989,"mean_excess","p88",1367.80765090653,13.827641813982
"real",1989,"mean_excess","p89",1473.18301605558,12.6558896684403
"real",1989,"mean_excess","p90",1596.14658574286,11.3708281879328
"real",1989,"mean_excess","p91",1742.90554740863,10.3474911745798
"real",1989,"mean_excess","p92",1922.07246588873,9.32315252273585
"real",1989,"mean_excess","p93",2141.4178583565,8.34918447730685
"real",1989,"mean_excess","p94",2426.75985819316,7.47802653926999
"real",1989,"mean_excess","p95",2784.70919892241,6.3520822477621
"real",1989,"mean_excess","p96",3291.0218604218,5.38972613823738
"real",1989,"mean_excess","p97",4028.67154892183,4.40268909542075
"real",1989,"mean_excess","p98",5355.85653557185,3.61010704536608
"real",1989,"mean_excess","p99",8638.21877590215,2.90178237207156
"real",1989,"max_to_sum","p1",0.0531201912149193,1740361.612931
"real",1989,"max_to_sum","p2",0.240785752955092,35495023153.0014
"real",1989,"max_to_sum","p3",0.37919398480814,2083703571485758
"real",1989,"max_to_sum","p4",0.466143662818769,1.56702785480441e+20
"real",1990,"mean_excess","p80",973.533315597865,26.3025153043213
"real",1990,"mean_excess","p81",1019.94700235749,24.2439552764657
"real",1990,"mean_excess","p82",1070.92122497107,22.578234892663
"real",1990,"mean_excess","p83",1127.40631044158,21.0583955285675
"real",1990,"mean_excess","p84",1189.82144814011,19.2466594721473
"real",1990,"mean_excess","p85",1258.07017658763,17.395892269911
"real",1990,"mean_excess","p86",1336.7428548731,16.1445441591303
"real",1990,"mean_excess","p87",1429.17200171437,15.4562446358104
"real",1990,"mean_excess","p88",1535.02774836492,14.4904255871294
"real",1990,"mean_excess","p89",1652.30395952632,13.0337295108076
"real",1990,"mean_excess","p90",1792.48114485325,11.946519907376
"real",1990,"mean_excess","p91",1956.95157588424,10.627470670855
"real",1990,"mean_excess","p92",2165.10643746973,9.94555041567317
"real",1990,"mean_excess","p93",2416.59036605232,8.92670868164976
"real",1990,"mean_excess","p94",2736.24388317085,7.80472680020644
"real",1990,"mean_excess","p95",3139.20118798902,6.53739772784602
"real",1990,"mean_excess","p96",3710.47604671878,5.55786094983521
"real",1990,"mean_excess","p97",4528.84964648661,4.35772764452141
"real",1990,"mean_excess","p98",6050.27050406285,3.72652104822199
"real",1990,"mean_excess","p99",9564.10210691192,2.77950847947132
"real",1990,"max_to_sum","p1",0.044203575512764,2022274.646407
"real",1990,"max_to_sum","p2",0.191721996891301,41679560407.5351
"real",1990,"max_to_sum","p3",0.304862931583662,2343084703821674
"real",1990,"max_to_sum","p4",0.37396642379897,1.70748751141836e+20
"real",1991,"mean_excess","p80",1080.32855619103,30.3768803817128
"real",1991,"mean_excess","p81",1131.19088544326,27.377350319102
"real",1991,"mean_excess","p82",1188.62390107412,25.5624230777428
"real",1991,"mean_excess","p83",1251.22831906627,23.3899900995784
"real",1991,"mean_excess","p84",1320.8170745298,21.4001254192155
"real",1991,"mean_excess","p85",1399.11261549476,19.7028860235254
"real",1991,"mean_excess","p86",1487.58094213551,17.9604282851306
"real",1991,"mean_excess","p87",1586.38923535178,16.2339660813739
"real",1991,"mean_excess","p88",1702.54087181439,15.0656987733565
"real",1991,"mean_excess","p89",1836.54318015697,13.8450209463108
"real",1991,"mean_excess","p90",1998.97651007708,13.1027848378982
"real",1991,"mean_excess","p91",2189.68195275671,12.0253712561965
"real",1991,"mean_excess","p92",2419.07523359751,10.8408422886204
"real",1991,"mean_excess","p93",2703.22703042856,9.53537152001682
"real",1991,"mean_excess","p94",3056.13968817245,8.19341398614286
"real",1991,"mean_excess","p95",3504.3804055719,6.71662445962537
"real",1991,"mean_excess","p96",4152.65233554457,5.73908434068687
"real",1991,"mean_excess","p97",5035.83643355845,4.35015445343703
"real",1991,"mean_excess","p98",6715.54003133272,3.66919457186883
"real",1991,"mean_excess","p99",10402.5938098088,2.63854742913855
"real",1991,"max_to_sum","p1",0.0384306886092356,2449785.381477
"real",1991,"max_to_sum","p2",0.180268731093965,49169071632.479
"real",1991,"max_to_sum","p3",0.317346694735443,2629569391556126
"real",1991,"max_to_sum","p4",0.415181477945422,1.89228632021772e+20
"real",1992,"mean_excess","p80",1029.7358027096,29.8136463392035
"real",1992,"mean_excess","p81",1079.16237994872,27.4954145861126
"real",1992,"mean_excess","p82",1133.67399332672,25.6757065697487
"real",1992,"mean_excess","p83",1194.06352885873,23.7223236453416
"real",1992,"mean_excess","p84",1261.5165678519,21.9920734393055
"real",1992,"mean_excess","p85",1334.96230825478,19.7028431045223
"real",1992,"mean_excess","p86",1420.36525097005,18.333614309817
"real",1992,"mean_excess","p87",1514.95760695356,16.5226110054462
"real",1992,"mean_excess","p88",1624.70832977974,15.2295935039705
"real",1992,"mean_excess","p89",1752.75592900043,13.9529500435725
"real",1992,"mean_excess","p90",1905.0105876342,12.8937177902452
"real",1992,"mean_excess","p91",2085.48822404979,11.75144799872
"real",1992,"mean_excess","p92",2304.95722921221,10.6453298667264
"real",1992,"mean_excess","p93",2578.59635082839,9.59417860683302
"real",1992,"mean_excess","p94",2896.82462603139,7.84640760200076
"real",1992,"mean_excess","p95",3328.83456090149,6.59228227533087
"real",1992,"mean_excess","p96",3931.35023172679,5.53651141726623
"real",1992,"mean_excess","p97",4818.2388035997,4.46706718306405
"real",1992,"mean_excess","p98",6309.6093794006,3.45177075258787
"real",1992,"mean_excess","p99",9720.64708016747,2.46578504372295
"real",1992,"max_to_sum","p1",0.0340217816675346,2891469.868313
"real",1992,"max_to_sum","p2",0.168778484403391,57336920734.7124
"real",1992,"max_to_sum","p3",0.299654854785776,3176916894289390
"real",1992,"max_to_sum","p4",0.389140925452803,2.40655609438271e+20
"real",1993,"mean_excess","p80",957.337617648285,29.219788966155
"real",1993,"mean_excess","p81",1002.62413073956,26.7451648525125
"real",1993,"mean_excess","p82",1053.01252893089,24.6249165628864
"real",1993,"mean_excess","p83",1109.38287145799,22.9704126466234
"real",1993,"mean_excess","p84",1171.29368252647,21.228469281376
"real",1993,"mean_excess","p85",1239.56815916809,19.1229787709133
"real",1993,"mean_excess","p86",1317.15541666273,17.4341135923935
"real",1993,"mean_excess","p87",1405.09841536225,15.9757785249169
"real",1993,"mean_excess","p88",1506.66682038992,14.6233467648816
"real",1993,"mean_excess","p89",1625.87461744279,13.5193995860237
"real",1993,"mean_excess","p90",1764.83938784465,12.3325614230006
"real",1993,"mean_excess","p91",1926.01722922562,10.9898905786818
"real",1993,"mean_excess","p92",2119.80693062185,9.63691141756641
"real",1993,"mean_excess","p93",2366.9182571586,8.67440059013336
"real",1993,"mean_excess","p94",2678.50044961277,7.69916167854617
"real",1993,"mean_excess","p95",3065.13880972446,6.32531872753259
"real",1993,"mean_excess","p96",3606.73450737479,5.26393536578246
"real",1993,"mean_excess","p97",4439.51269305391,4.42895178798093
"real",1993,"mean_excess","p98",5830.88387519194,3.48965395212698
"real",1993,"mean_excess","p99",9235.14253609332,2.73507979046754
"real",1993,"max_to_sum","p1",0.0362659804680616,2990096.541344
"real",1993,"max_to_sum","p2",0.195954908935526,60008548250.4588
"real",1993,"max_to_sum","p3",0.332486459242727,3835128665851225
"real",1993,"max_to_sum","p4",0.405564409385938,3.40940583139083e+20
"real",1994,"mean_excess","p80",973.012048471253,30.7430861510466
"real",1994,"mean_excess","p81",1019.52699352786,28.1762184764577
"real",1994,"mean_excess","p82",1071.25605849671,26.181451562437
"real",1994,"mean_excess","p83",1128.12385667612,24.079423119855
"real",1994,"mean_excess","p84",1191.61587502156,22.2355159394692
"real",1994,"mean_excess","p85",1263.46629399848,20.6052174584988
"real",1994,"mean_excess","p86",1342.62635875179,18.65140750254
"real",1994,"mean_excess","p87",1432.5800878065,16.9102694260105
"real",1994,"mean_excess","p88",1535.88700413241,15.3483894181673
"real",1994,"mean_excess","p89",1653.30700755489,13.6403624531194
"real",1994,"mean_excess","p90",1792.94712945171,12.322286797388
"real",1994,"mean_excess","p91",1962.52430270828,11.3141408524786
"real",1994,"mean_excess","p92",2164.43492167247,10.1067663630276
"real",1994,"mean_excess","p93",2417.09641014419,9.00379087841322
"real",1994,"mean_excess","p94",2737.1354907462,7.93981102221522
"real",1994,"mean_excess","p95",3161.99297378333,6.92950195242784
"real",1994,"mean_excess","p96",3689.37650409021,5.33506383855884
"real",1994,"mean_excess","p97",4562.87475671688,4.59239425634476
"real",1994,"mean_excess","p98",5992.37702103426,3.54603391196959
"real",1994,"mean_excess","p99",9538.18003390163,2.78468251454712
"real",1994,"max_to_sum","p1",0.0343572845231097,3570399.383033
"real",1994,"max_to_sum","p2",0.190239254526918,79099024037.0468
"real",1994,"max_to_sum","p3",0.325855966002134,5664756075603477
"real",1994,"max_to_sum","p4",0.397781848574346,5.69242817029247e+20
"real",1995,"mean_excess","p80",1079.921137,32.581307189197
"real",1995,"mean_excess","p81",1132.08700369498,30.0318771860215
"real",1995,"mean_excess","p82",1189.84654213659,27.8704148467122
"real",1995,"mean_excess","p83",1253.10155037805,25.4481539955092
"real",1995,"mean_excess","p84",1324.45579042522,23.6482083534189
"real",1995,"mean_excess","p85",1404.4936219485,21.9428382164221
"real",1995,"mean_excess","p86",1494.59219549218,20.2228168508761
"real",1995,"mean_excess","p87",1596.06112678113,18.3581758783884
"real",1995,"mean_excess","p88",1709.02000978725,16.0866360116623
"real",1995,"mean_excess","p89",1842.10853010432,14.4382630969933
"real",1995,"mean_excess","p90",2000.08809624127,13.1069449496705
"real",1995,"mean_excess","p91",2182.54561726747,11.4676936433749
"real",1995,"mean_excess","p92",2411.23428257259,10.3914283500409
"real",1995,"mean_excess","p93",2700.55524662041,9.51830761281609
"real",1995,"mean_excess","p94",3054.54681251231,8.20958027429787
"real",1995,"mean_excess","p95",3534.49981033122,7.1816058940285
"real",1995,"mean_excess","p96",4147.59371422921,5.63414833732698
"real",1995,"mean_excess","p97",5091.05248138038,4.55615035202972
"real",1995,"mean_excess","p98",6711.77040568127,3.56279830355379
"real",1995,"mean_excess","p99",10680.8650548504,2.76264532266096
"real",1995,"max_to_sum","p1",0.0323544335121567,4263684.546545
"real",1995,"max_to_sum","p2",0.184870227008365,102936822202.649
"real",1995,"max_to_sum","p3",0.339952121371919,7722160812091881
"real",1995,"max_to_sum","p4",0.4407968202373,8.21555693566866e+20
"real",1996,"mean_excess","p80",1096.83415309024,32.9426942341369
"real",1996,"mean_excess","p81",1149.56199794711,30.1517884873976
"real",1996,"mean_excess","p82",1208.4321288728,27.9253029485585
"real",1996,"mean_excess","p83",1272.93533983224,25.6534555276131
"real",1996,"mean_excess","p84",1344.77991458051,23.5646143501392
"real",1996,"mean_excess","p85",1424.56209527794,21.401479867249
"real",1996,"mean_excess","p86",1514.02190668907,19.3143475307183
"real",1996,"mean_excess","p87",1614.3297029049,17.2002671377994
"real",1996,"mean_excess","p88",1732.09355642143,15.767947104755
"real",1996,"mean_excess","p89",1867.94839011124,14.3192285006115
"real",1996,"mean_excess","p90",2028.00057129358,13.0210627270487
"real",1996,"mean_excess","p91",2217.49707436892,11.6348248277549
"real",1996,"mean_excess","p92",2447.08616356523,10.3954217477479
"real",1996,"mean_excess","p93",2731.04607845899,9.20402770871493
"real",1996,"mean_excess","p94",3093.21554904338,8.08232870542629
"real",1996,"mean_excess","p95",3564.62568766524,6.90042149665442
"real",1996,"mean_excess","p96",4195.56110591541,5.58875192417489
"real",1996,"mean_excess","p97",5141.34390160878,4.50450138392039
"real",1996,"mean_excess","p98",6795.70444726122,3.59633540150133
"real",1996,"mean_excess","p99",10706.0345592348,2.7246428330443
"real",1996,"max_to_sum","p1",0.0329542846902312,4492208.902349
"real",1996,"max_to_sum","p2",0.198666998651046,110310775065.614
"real",1996,"max_to_sum","p3",0.381031655450308,8514407713396472
"real",1996,"max_to_sum","p4",0.515753975282893,9.31203821351984e+20
"real",1997,"mean_excess","p80",1138.51942171853,34.5379942312834
"real",1997,"mean_excess","p81",1193.32332557154,31.6659134115439
"real",1997,"mean_excess","p82",1253.9628001691,29.0219204663563
"real",1997,"mean_excess","p83",1320.69956825006,26.3781711802033
"real",1997,"mean_excess","p84",1395.06189852318,24.0420748062623
"real",1997,"mean_excess","p85",1478.62303613274,22.0059307207321
"real",1997,"mean_excess","p86",1572.4776299812,20.0095453949239
"real",1997,"mean_excess","p87",1678.47266918962,18.0354835051736
"real",1997,"mean_excess","p88",1800.08834861803,16.26607696843
"real",1997,"mean_excess","p89",1942.06764310722,14.7738830788712
"real",1997,"mean_excess","p90",2105.38249035711,13.0725293627204
"real",1997,"mean_excess","p91",2299.86366728681,11.6492513362986
"real",1997,"mean_excess","p92",2535.85132828337,10.3025287515984
"real",1997,"mean_excess","p93",2831.30135715933,9.16557703432077
"real",1997,"mean_excess","p94",3204.22850479713,8.00494665426824
"real",1997,"mean_excess","p95",3691.78599375837,6.82926589978791
"real",1997,"mean_excess","p96",4360.96206861292,5.68089316402497
"real",1997,"mean_excess","p97",5281.99791531833,4.28138660405302
"real",1997,"mean_excess","p98",7014.78389439713,3.54398919258708
"real",1997,"mean_excess","p99",10974.7139433684,2.61667701314257
"real",1997,"max_to_sum","p1",0.0321464221765878,4956154.973073
"real",1997,"max_to_sum","p2",0.192049040988851,132173046613.393
"real",1997,"max_to_sum","p3",0.357387383812511,11316010660395612
"real",1997,"max_to_sum","p4",0.47999541882144,1.34237233942794e+21
"real",1998,"mean_excess","p80",1075.09538017897,34.1930075294583
"real",1998,"mean_excess","p81",1127.59760980637,31.7768345593241
"real",1998,"mean_excess","p82",1185.23343166607,29.3130913350516
"real",1998,"mean_excess","p83",1248.94121217924,27.1249917856542
"real",1998,"mean_excess","p84",1319.96356082343,24.9187006989894
"real",1998,"mean_excess","p85",1398.67934109026,22.5365249436746
"real",1998,"mean_excess","p86",1488.61005378699,20.7267988733872
"real",1998,"mean_excess","p87",1587.98517847599,18.4643617995272
"real",1998,"mean_excess","p88",1703.75373961181,16.6919612649923
"real",1998,"mean_excess","p89",1838.25354432319,15.0987320123119
"real",1998,"mean_excess","p90",1995.96588487148,13.6705663039399
"real",1998,"mean_excess","p91",2182.24295364557,12.125228909562
"real",1998,"mean_excess","p92",2411.28330692629,10.886268207892
"real",1998,"mean_excess","p93",2694.94105942862,9.66472606589242
"real",1998,"mean_excess","p94",3054.49901330713,8.48005947719559
"real",1998,"mean_excess","p95",3526.72302772696,7.22754565348036
"real",1998,"mean_excess","p96",4185.33148208686,6.06211026014242
"real",1998,"mean_excess","p97",5092.49315729802,4.59166063174048
"real",1998,"mean_excess","p98",6779.50686134932,3.73603444142557
"real",1998,"mean_excess","p99",10787.761969375,2.80202863336756
"real",1998,"max_to_sum","p1",0.0335100903572393,4901979.378922
"real",1998,"max_to_sum","p2",0.194514116257139,138721262717.083
"real",1998,"max_to_sum","p3",0.355701623397871,12461071538411192
"real",1998,"max_to_sum","p4",0.477668762592315,1.52426849787374e+21
"real",1999,"mean_excess","p80",1134.78552756982,37.6001429714905
"real",1999,"mean_excess","p81",1190.35482361799,34.6838490306661
"real",1999,"mean_excess","p82",1251.28186350785,31.6816883707223
"real",1999,"mean_excess","p83",1318.95907755986,29.2731977409994
"real",1999,"mean_excess","p84",1393.73433483791,26.480013895399
"real",1999,"mean_excess","p85",1478.08483539286,24.3614513797268
"real",1999,"mean_excess","p86",1573.34230603375,22.218763210933
"real",1999,"mean_excess","p87",1680.27774184125,19.8625309045801
"real",1999,"mean_excess","p88",1804.09400124818,18.0750521546607
"real",1999,"mean_excess","p89",1947.28563886891,16.2290631993208
"real",1999,"mean_excess","p90",2115.16903355894,14.5864664635199
"real",1999,"mean_excess","p91",2315.10970210976,12.9594954868186
"real",1999,"mean_excess","p92",2560.20317353642,11.586571112771
"real",1999,"mean_excess","p93",2860.83565454244,10.186251474728
"real",1999,"mean_excess","p94",3250.83651179379,8.97770763560073
"real",1999,"mean_excess","p95",3749.97652698007,7.53009824430388
"real",1999,"mean_excess","p96",4452.12786403803,6.27300491875916
"real",1999,"mean_excess","p97",5461.38538448212,4.8614843814699
"real",1999,"mean_excess","p98",7242.76966295739,3.82817692445941
"real",1999,"mean_excess","p99",11635.0304265044,2.95513528194002
"real",1999,"max_to_sum","p1",0.0343333257137059,5388956.728976
"real",1999,"max_to_sum","p2",0.206999923852357,165375417778.137
"real",1999,"max_to_sum","p3",0.384463014999394,16474306537211748
"real",1999,"max_to_sum","p4",0.519895942303809,2.25406197229336e+21
"real",2000,"mean_excess","p80",1337.23534902077,47.8165632617471
"real",2000,"mean_excess","p81",1403.63164002862,43.9143640077002
"real",2000,"mean_excess","p82",1476.23450404112,39.8775595692047
"real",2000,"mean_excess","p83",1557.47130876219,36.5629146963755
"real",2000,"mean_excess","p84",1647.24149850878,33.1309211060907
"real",2000,"mean_excess","p85",1748.26180829362,29.9363566140404
"real",2000,"mean_excess","p86",1862.06999738133,26.8800521131976
"real",2000,"mean_excess","p87",1990.36340650132,23.8804476683395
"real",2000,"mean_excess","p88",2140.45752335873,21.6676236778574
"real",2000,"mean_excess","p89",2311.63204042253,19.1322645108039
"real",2000,"mean_excess","p90",2516.36485598523,17.1945148574749
"real",2000,"mean_excess","p91",2754.20541298352,14.8682991489557
"real",2000,"mean_excess","p92",3048.20493560947,13.0775961544678
"real",2000,"mean_excess","p93",3418.81458346674,11.6044411754594
"real",2000,"mean_excess","p94",3886.43345426314,10.0096379058494
"real",2000,"mean_excess","p95",4505.73357245131,8.43640549906978
"real",2000,"mean_excess","p96",5349.02906494751,6.80604978248979
"real",2000,"mean_excess","p97",6657.4091443828,5.54449364599456
"real",2000,"mean_excess","p98",8803.99487406742,4.07103544245911
"real",2000,"mean_excess","p99",14148.1321971405,3.02687193758896
"real",2000,"max_to_sum","p1",0.0310143848741591,7119984.93200082
"real",2000,"max_to_sum","p2",0.176176626101437,276780955548.046
"real",2000,"max_to_sum","p3",0.32669527675893,32959748102746980
"real",2000,"max_to_sum","p4",0.447593774801756,5.31232881348275e+21
"real",2001,"mean_excess","p80",1270.30687747825,46.0872672493408
"real",2001,"mean_excess","p81",1332.88446051343,42.0796908405986
"real",2001,"mean_excess","p82",1401.71566765372,37.9194011524577
"real",2001,"mean_excess","p83",1478.07838984781,34.5255803334293
"real",2001,"mean_excess","p84",1562.80012919702,31.1561590084335
"real",2001,"mean_excess","p85",1658.47084229104,28.4459359555487
"real",2001,"mean_excess","p86",1765.45813600819,25.4912233787851
"real",2001,"mean_excess","p87",1887.53150464501,22.7717829106486
"real",2001,"mean_excess","p88",2025.92165425921,20.0770890681715
"real",2001,"mean_excess","p89",2188.16977785423,17.9694086058532
"real",2001,"mean_excess","p90",2378.64831740199,16.0067578006743
"real",2001,"mean_excess","p91",2611.53865267271,14.5740881024756
"real",2001,"mean_excess","p92",2884.75220561485,12.5879591108064
"real",2001,"mean_excess","p93",3230.65160169018,11.1065441889216
"real",2001,"mean_excess","p94",3673.10300480504,9.69987373108935
"real",2001,"mean_excess","p95",4264.25164708437,8.37603806561445
"real",2001,"mean_excess","p96",5061.50023009326,6.72585644525105
"real",2001,"mean_excess","p97",6308.25904478397,5.5607578491159
"real",2001,"mean_excess","p98",8360.9081486772,4.12682825651473
"real",2001,"mean_excess","p99",13388.8124192692,3.02719060319849
"real",2001,"max_to_sum","p1",0.0295811734014097,6970844.18631754
"real",2001,"max_to_sum","p2",0.170648024183676,249172598371.124
"real",2001,"max_to_sum","p3",0.329837840346721,26582868304763884
"real",2001,"max_to_sum","p4",0.468558807952577,3.85868195799382e+21
"real",2002,"mean_excess","p80",1331.34455529111,48.1159105877861
"real",2002,"mean_excess","p81",1397.23897487612,43.9142398103632
"real",2002,"mean_excess","p82",1468.94668628143,39.2846795994431
"real",2002,"mean_excess","p83",1549.54027559154,35.9145334418209
"real",2002,"mean_excess","p84",1639.58569921424,32.8987302903654
"real",2002,"mean_excess","p85",1738.25343900701,29.0395449746906
"real",2002,"mean_excess","p86",1851.44801907599,26.2315095496733
"real",2002,"mean_excess","p87",1980.12154306978,23.5778216468276
"real",2002,"mean_excess","p88",2126.69216115563,20.9930063261262
"real",2002,"mean_excess","p89",2297.88833981066,18.7210777906827
"real",2002,"mean_excess","p90",2498.56008284797,16.5736026484539
"real",2002,"mean_excess","p91",2738.74462119542,14.7582419325927
"real",2002,"mean_excess","p92",3028.55785901968,12.8672545708306
"real",2002,"mean_excess","p93",3392.40380334322,11.3029971325822
"real",2002,"mean_excess","p94",3866.92739843312,10.0949953764496
"real",2002,"mean_excess","p95",4488.41575783791,8.58958112506206
"real",2002,"mean_excess","p96",5321.64749820459,6.79954912393886
"real",2002,"mean_excess","p97",6579.39663274781,5.36205410383261
"real",2002,"mean_excess","p98",8731.17026109947,4.01392009034303
"real",2002,"mean_excess","p99",14206.4769721958,3.13252225026776
"real",2002,"max_to_sum","p1",0.0269282256932132,7500616.27371488
"real",2002,"max_to_sum","p2",0.147858024286498,275908114980.016
"real",2002,"max_to_sum","p3",0.283798287901378,29033827228923732
"real",2002,"max_to_sum","p4",0.406319601743706,4.09591534076148e+21
"real",2003,"mean_excess","p80",1510.68436962171,48.4943452550012
"real",2003,"mean_excess","p81",1585.1760423458,44.0981877918674
"real",2003,"mean_excess","p82",1667.11951688681,39.892352938046
"real",2003,"mean_excess","p83",1758.48189802836,36.237799693334
"real",2003,"mean_excess","p84",1859.82306447413,32.8070701741747
"real",2003,"mean_excess","p85",1972.95726445515,29.4365432852633
"real",2003,"mean_excess","p86",2101.60988305208,26.542863672099
"real",2003,"mean_excess","p87",2246.90476334767,23.705098332622
"real",2003,"mean_excess","p88",2413.84310507757,21.1690449793277
"real",2003,"mean_excess","p89",2607.75080092194,18.7638057715487
"real",2003,"mean_excess","p90",2834.33276709449,16.5493050003699
"real",2003,"mean_excess","p91",3103.8111297407,14.5008026999809
"real",2003,"mean_excess","p92",3435.64438142821,12.8277289586833
"real",2003,"mean_excess","p93",3853.60649810903,11.4968074527541
"real",2003,"mean_excess","p94",4377.67128792874,9.86021446721609
"real",2003,"mean_excess","p95",5078.72391704781,8.3926121671429
"real",2003,"mean_excess","p96",6014.74327314139,6.67131861844079
"real",2003,"mean_excess","p97",7379.70160779754,5.09312951062086
"real",2003,"mean_excess","p98",9748.49267983933,3.83822222565204
"real",2003,"mean_excess","p99",15851.0666538048,3.08530214201366
"real",2003,"max_to_sum","p1",0.024766731003028,8714694.38879082
"real",2003,"max_to_sum","p2",0.138829796877105,335551364733.115
"real",2003,"max_to_sum","p3",0.275932833637959,36438388820720216
"real",2003,"max_to_sum","p4",0.403571707879136,5.37728039082323e+21
"real",2004,"mean_excess","p80",2019.26132362242,52.5924222575692
"real",2004,"mean_excess","p81",2119.29338048676,47.5045290079566
"real",2004,"mean_excess","p82",2229.40230077913,43.0503792010383
"real",2004,"mean_excess","p83",2351.49557882011,38.7106735183755
"real",2004,"mean_excess","p84",2487.84949500795,35.179620544723
"real",2004,"mean_excess","p85",2640.43266877515,31.5301290702553
"real",2004,"mean_excess","p86",2812.54786990418,28.151593152829
"real",2004,"mean_excess","p87",3009.39733390257,25.4594938572958
"real",2004,"mean_excess","p88",3233.68959108002,22.4666681957882
"real",2004,"mean_excess","p89",3495.41652826675,19.9459355042179
"real",2004,"mean_excess","p90",3793.63679716129,16.9676631352508
"real",2004,"mean_excess","p91",4157.70014339014,14.930425155931
"real",2004,"mean_excess","p92",4596.78760043678,13.005169056213
"real",2004,"mean_excess","p93",5152.25932937934,11.4781537529604
"real",2004,"mean_excess","p94",5861.22106397302,9.96148706276478
"real",2004,"mean_excess","p95",6778.05100361265,8.27725271089533
"real",2004,"mean_excess","p96",7946.78620391165,6.14958514635489
"real",2004,"mean_excess","p97",9799.58426924717,4.92612392026474
"real",2004,"mean_excess","p98",12739.7580653739,3.56139242195758
"real",2004,"mean_excess","p99",20113.3663123845,2.68187562517342
"real",2004,"max_to_sum","p1",0.0229005022788547,11921646.6857902
"real",2004,"max_to_sum","p2",0.13792568813437,540402500500.324
"real",2004,"max_to_sum","p3",0.297224417785771,68463528609713960
"real",2004,"max_to_sum","p4",0.448064624288835,1.23989343879692e+22
"real",2005,"mean_excess","p80",2205.07167878593,50.6827209195443
"real",2005,"mean_excess","p81",2314.83033338963,46.5724614861107
"real",2005,"mean_excess","p82",2434.07129478432,41.3283014772956
"real",2005,"mean_excess","p83",2567.4326105097,37.4642526236652
"real",2005,"mean_excess","p84",2715.13425424243,33.5019091792327
"real",2005,"mean_excess","p85",2880.5120433249,30.1057476171523
"real",2005,"mean_excess","p86",3067.54682248791,26.9369727792667
"real",2005,"mean_excess","p87",3281.08312426409,24.1924343665391
"real",2005,"mean_excess","p88",3525.437898252,21.5372298288884
"real",2005,"mean_excess","p89",3808.49122826371,19.0677124700485
"real",2005,"mean_excess","p90",4135.17420184923,16.5145564733703
"real",2005,"mean_excess","p91",4524.82857834464,14.2793322108311
"real",2005,"mean_excess","p92",5002.88949004108,12.5139578099602
"real",2005,"mean_excess","p93",5590.16812071241,10.7604257295852
"real",2005,"mean_excess","p94",6358.44007739213,9.47357945820287
"real",2005,"mean_excess","p95",7327.75470030032,7.76013585371076
"real",2005,"mean_excess","p96",8607.97318050748,5.99099734238511
"real",2005,"mean_excess","p97",10537.5670612718,4.66694929414515
"real",2005,"mean_excess","p98",13894.4022276415,3.63058680459315
"real",2005,"mean_excess","p99",21488.809080428,2.54034944098008
"real",2005,"max_to_sum","p1",0.0236228434793702,13268063.8533031
"real",2005,"max_to_sum","p2",0.145323785602293,675993855167.815
"real",2005,"max_to_sum","p3",0.301872196935513,101999034430978784
"real",2005,"max_to_sum","p4",0.43897656259968,2.19845493601925e+22
"real",2006,"mean_excess","p80",2510.32063694296,51.3545283649877
"real",2006,"mean_excess","p81",2634.21191522348,46.2340134877451
"real",2006,"mean_excess","p82",2771.59129709465,42.1251549392359
"real",2006,"mean_excess","p83",2922.68024099771,37.7099461154418
"real",2006,"mean_excess","p84",3090.96611302884,33.751024048576
"real",2006,"mean_excess","p85",3278.13777775857,29.9811859443116
"real",2006,"mean_excess","p86",3490.74822563727,26.8001902764747
"real",2006,"mean_excess","p87",3732.72480700637,23.9313469511846
"real",2006,"mean_excess","p88",4007.39707725438,20.966983838798
"real",2006,"mean_excess","p89",4328.72849393809,18.6141339459129
"real",2006,"mean_excess","p90",4702.87302054276,16.3615150136784
"real",2006,"mean_excess","p91",5145.37361916387,14.1537667143182
"real",2006,"mean_excess","p92",5686.86420915243,12.3678391725205
"real",2006,"mean_excess","p93",6354.00988185529,10.6584972123756
"real",2006,"mean_excess","p94",7189.57300560569,8.93503103621705
"real",2006,"mean_excess","p95",8265.16285085656,7.29919841213919
"real",2006,"mean_excess","p96",9723.01770384182,5.80211479178332
"real",2006,"mean_excess","p97",11863.3459469952,4.50970683715527
"real",2006,"mean_excess","p98",15558.9762318007,3.47011386074151
"real",2006,"mean_excess","p99",23891.3935568444,2.44938442345669
"real",2006,"max_to_sum","p1",0.0211910692640763,15457834.1948249
"real",2006,"max_to_sum","p2",0.125190036953337,857103490240.904
"real",2006,"max_to_sum","p3",0.250729899462675,140183991083353632
"real",2006,"max_to_sum","p4",0.353732262372876,3.2548530868653e+22
"real",2007,"mean_excess","p80",2867.46456985275,50.3352110329136
"real",2007,"mean_excess","p81",3008.89690349009,45.5694163752682
"real",2007,"mean_excess","p82",3164.33562880288,40.9656608551218
"real",2007,"mean_excess","p83",3337.79117422076,37.1133177150547
"real",2007,"mean_excess","p84",3528.98022236602,33.1013174555104
"real",2007,"mean_excess","p85",3743.73026074506,29.6706558522059
"real",2007,"mean_excess","p86",3987.46563311618,26.6514647313835
"real",2007,"mean_excess","p87",4262.43183342928,23.6929807958808
"real",2007,"mean_excess","p88",4572.77008413118,20.5505538324756
"real",2007,"mean_excess","p89",4934.06088236569,17.9107085418772
"real",2007,"mean_excess","p90",5353.65871528864,15.5042277163587
"real",2007,"mean_excess","p91",5864.42518575929,13.8247379244553
"real",2007,"mean_excess","p92",6477.88604876481,12.03137982521
"real",2007,"mean_excess","p93",7215.88353001273,10.1248695046688
"real",2007,"mean_excess","p94",8153.53216584053,8.52368053973833
"real",2007,"mean_excess","p95",9400.40932831866,7.17389703634176
"real",2007,"mean_excess","p96",11043.6677815375,5.69015041494746
"real",2007,"mean_excess","p97",13383.5411648879,4.32355222542389
"real",2007,"mean_excess","p98",17542.7366294657,3.38625475048312
"real",2007,"mean_excess","p99",26409.1786317068,2.30352721944483
"real",2007,"max_to_sum","p1",0.0191749042323269,18048644.5067894
"real",2007,"max_to_sum","p2",0.113023059100887,1059713656999.07
"real",2007,"max_to_sum","p3",0.229629394130259,180511927552370272
"real",2007,"max_to_sum","p4",0.325523274121145,4.40685877683794e+22
"real",2008,"mean_excess","p80",3204.86680087896,45.5106323103207
"real",2008,"mean_excess","p81",3362.75992652008,41.6205868043371
"real",2008,"mean_excess","p82",3535.43513722302,37.4446000021272
"real",2008,"mean_excess","p83",3725.32342206556,33.3068736117764
"real",2008,"mean_excess","p84",3936.00193272011,29.5604393095742
"real",2008,"mean_excess","p85",4175.22415156248,26.7222480721912
"real",2008,"mean_excess","p86",4440.29074104733,23.6054002069245
"real",2008,"mean_excess","p87",4744.95794943357,21.2415201186825
"real",2008,"mean_excess","p88",5090.62845203041,18.791422195819
"real",2008,"mean_excess","p89",5489.62366123737,16.5513216853149
"real",2008,"mean_excess","p90",5953.35608328877,14.3702859319511
"real",2008,"mean_excess","p91",6502.52957385889,12.4950474504163
"real",2008,"mean_excess","p92",7154.95320259692,10.6642635905994
"real",2008,"mean_excess","p93",7964.13085533111,9.15649205279879
"real",2008,"mean_excess","p94",8988.89208818111,7.82167992781866
"real",2008,"mean_excess","p95",10308.0987072331,6.47395818377755
"real",2008,"mean_excess","p96",12073.3885689618,5.22051497274385
"real",2008,"mean_excess","p97",14595.4784047927,4.03758783941247
"real",2008,"mean_excess","p98",18828.71287413,3.0700660837599
"real",2008,"mean_excess","p99",28081.4488501919,2.14037260795751
"real",2008,"max_to_sum","p1",0.0178283438837313,20415906.044085
"real",2008,"max_to_sum","p2",0.109676959864188,1207935981031.06
"real",2008,"max_to_sum","p3",0.229176217792571,210411481704052128
"real",2008,"max_to_sum","p4",0.326809058150567,5.37062164561365e+22
"real",2009,"mean_excess","p80",2583.80007738051,45.105989739739
"real",2009,"mean_excess","p81",2710.94345401473,41.0629949265527
"real",2009,"mean_excess","p82",2849.58013054328,36.6242303134389
"real",2009,"mean_excess","p83",3003.39751699431,33.0620122234769
"real",2009,"mean_excess","p84",3173.95422278153,29.4890092882957
"real",2009,"mean_excess","p85",3366.76547874064,26.7143143693469
"real",2009,"mean_excess","p86",3583.14653768187,23.9607920777855
"real",2009,"mean_excess","p87",3823.60365411418,20.9145748557666
"real",2009,"mean_excess","p88",4103.26429409492,18.6014032833202
"real",2009,"mean_excess","p89",4421.81285697928,16.192096160423
"real",2009,"mean_excess","p90",4797.62351346584,14.3134952155929
"real",2009,"mean_excess","p91",5249.48280135865,12.7225642341301
"real",2009,"mean_excess","p92",5788.31920897085,11.0499655602121
"real",2009,"mean_excess","p93",6448.89735588436,9.48094074433507
"real",2009,"mean_excess","p94",7272.48519991867,7.98163172116387
"real",2009,"mean_excess","p95",8358.94900997185,6.69509434990733
"real",2009,"mean_excess","p96",9818.71233277728,5.41006127919955
"real",2009,"mean_excess","p97",11908.2718739441,4.20828395092418
"real",2009,"mean_excess","p98",15542.830660466,3.29281284493828
"real",2009,"mean_excess","p99",23574.4545625607,2.3283798561511
"real",2009,"max_to_sum","p1",0.0191554581516852,16443348.4378075
"real",2009,"max_to_sum","p2",0.12258500908355,809334853074.093
"real",2009,"max_to_sum","p3",0.275756564684756,113324170818218656
"real",2009,"max_to_sum","p4",0.429850464185973,2.28988574458552e+22
"real",2010,"mean_excess","p80",2704.10858802367,41.56882814105
"real",2010,"mean_excess","p81",2835.29191317748,37.4811115945071
"real",2010,"mean_excess","p82",2979.81663197577,33.6675158158025
"real",2010,"mean_excess","p83",3139.73067330969,30.448300934353
"real",2010,"mean_excess","p84",3318.40978160614,27.5521521189613
"real",2010,"mean_excess","p85",3516.56296930062,24.6962799223897
"real",2010,"mean_excess","p86",3741.75832632136,22.2896407170545
"real",2010,"mean_excess","p87",3993.57398163964,19.7673239772114
"real",2010,"mean_excess","p88",4279.90621185337,17.3146305358418
"real",2010,"mean_excess","p89",4614.43302658101,15.3808790298092
"real",2010,"mean_excess","p90",5001.52929338593,13.5066414835947
"real",2010,"mean_excess","p91",5460.83980780144,11.7995950020301
"real",2010,"mean_excess","p92",6023.47290163993,10.4801047239599
"real",2010,"mean_excess","p93",6702.24450097588,8.9784698309547
"real",2010,"mean_excess","p94",7562.4396498463,7.69492875178299
"real",2010,"mean_excess","p95",8680.32541818328,6.43937433373332
"real",2010,"mean_excess","p96",10204.3728203768,5.30761893402485
"real",2010,"mean_excess","p97",12403.2809604019,4.16984484684618
"real",2010,"mean_excess","p98",16271.7995684993,3.33935172077926
"real",2010,"mean_excess","p99",24475.5872822225,2.3059317207838
"real",2010,"max_to_sum","p1",0.0224239312098029,17406174.7600425
"real",2010,"max_to_sum","p2",0.153829771228671,990352471894.948
"real",2010,"max_to_sum","p3",0.325356745974245,182761814112091808
"real",2010,"max_to_sum","p4",0.474096414255109,4.89546215486378e+22
"real",2011,"mean_excess","p80",3179.4568826939,42.442044184558
"real",2011,"mean_excess","p81",3333.50782597423,38.0249853808759
"real",2011,"mean_excess","p82",3503.45734637861,34.0492842851331
"real",2011,"mean_excess","p83",3688.60936478786,29.980875280021
"real",2011,"mean_excess","p84",3895.84986465029,26.7954408642486
"real",2011,"mean_excess","p85",4131.34460616099,24.3837962049342
"real",2011,"mean_excess","p86",4392.24917396901,21.7219955575134
"real",2011,"mean_excess","p87",4687.67523942695,19.3181774428166
"real",2011,"mean_excess","p88",5020.1757816751,16.7558163472189
"real",2011,"mean_excess","p89",5412.66550776583,15.0247411131528
"real",2011,"mean_excess","p90",5867.11268385292,13.2627188141736
"real",2011,"mean_excess","p91",6403.57745745768,11.5710023984784
"real",2011,"mean_excess","p92",7064.73935553488,10.3265205246959
"real",2011,"mean_excess","p93",7867.52305111071,8.98114917968977
"real",2011,"mean_excess","p94",8843.49558429595,7.43782335142898
"real",2011,"mean_excess","p95",10131.1687012149,6.22603697983258
"real",2011,"mean_excess","p96",11871.0537439628,5.07568838917799
"real",2011,"mean_excess","p97",14482.54039992,4.12179866118688
"real",2011,"mean_excess","p98",18753.4444876813,3.14365884720477
"real",2011,"mean_excess","p99",28396.9712739791,2.29970328251285
"real",2011,"max_to_sum","p1",0.0206209784762696,20636928.3636914
"real",2011,"max_to_sum","p2",0.141389480219585,1280830182816.13
"real",2011,"max_to_sum","p3",0.302276053102121,254952475860265824
"real",2011,"max_to_sum","p4",0.441662327402521,7.42552125448028e+22
"real",2012,"mean_excess","p80",3207.52679679355,41.2430361415479
"real",2012,"mean_excess","p81",3362.39892286458,36.8091600232795
"real",2012,"mean_excess","p82",3534.2198374385,33.3732554387967
"real",2012,"mean_excess","p83",3723.51390211642,30.0348263518751
"real",2012,"mean_excess","p84",3933.09087547428,26.864508533735
"real",2012,"mean_excess","p85",4167.48780736188,24.0455959982625
"real",2012,"mean_excess","p86",4430.63193423029,21.4376243362394
"real",2012,"mean_excess","p87",4733.70553782035,19.4795930652708
"real",2012,"mean_excess","p88",5073.29288149543,17.1572755879379
"real",2012,"mean_excess","p89",5466.21700289438,15.1453500827237
"real",2012,"mean_excess","p90",5926.60378982308,13.3779899079434
"real",2012,"mean_excess","p91",6474.66271038791,11.8224612632533
"real",2012,"mean_excess","p92",7132.99342846518,10.3329421034943
"real",2012,"mean_excess","p93",7936.11460660791,8.89037532326675
"real",2012,"mean_excess","p94",8944.19917259255,7.55577794426497
"real",2012,"mean_excess","p95",10262.0423243845,6.35761873710592
"real",2012,"mean_excess","p96",12029.6462035659,5.16489602351828
"real",2012,"mean_excess","p97",14731.3108220718,4.25807964026841
"real",2012,"mean_excess","p98",19014.9511391494,3.17566248235862
"real",2012,"mean_excess","p99",28398.7770966447,2.20148906016123
"real",2012,"max_to_sum","p1",0.0217134100840642,20882468.3483401
"real",2012,"max_to_sum","p2",0.149780300594104,1372666500641.44
"real",2012,"max_to_sum","p3",0.312911623854701,297925655081105536
"real",2012,"max_to_sum","p4",0.451945456771028,9.35305397896681e+22
"real",2013,"mean_excess","p80",3182.72061829595,41.059039471749
"real",2013,"mean_excess","p81",3336.86658077751,36.9361737806358
"real",2013,"mean_excess","p82",3506.12548144224,33.1327265725626
"real",2013,"mean_excess","p83",3693.30710353378,29.6157402226434
"real",2013,"mean_excess","p84",3902.04441892433,26.7536540737243
"real",2013,"mean_excess","p85",4134.85920996319,23.9321097762864
"real",2013,"mean_excess","p86",4398.48783513266,21.6567591283908
"real",2013,"mean_excess","p87",4693.30690491349,19.188636912398
"real",2013,"mean_excess","p88",5026.81599570188,16.719973689062
"real",2013,"mean_excess","p89",5421.22461769662,15.0526791682562
"real",2013,"mean_excess","p90",5876.74847857261,13.2384093246142
"real",2013,"mean_excess","p91",6419.83776716975,11.7242151480649
"real",2013,"mean_excess","p92",7066.43055902323,10.1952293356793
"real",2013,"mean_excess","p93",7844.89741424899,8.59953711748923
"real",2013,"mean_excess","p94",8833.4289258294,7.3246373336814
"real",2013,"mean_excess","p95",10124.6951638864,6.1601020070645
"real",2013,"mean_excess","p96",11877.4185514089,5.07931023714944
"real",2013,"mean_excess","p97",14581.5861736365,4.26631872531029
"real",2013,"mean_excess","p98",18976.6913067516,3.27501373400063
"real",2013,"mean_excess","p99",28515.6641630418,2.30088457528735
"real",2013,"max_to_sum","p1",0.0224089890628544,20944128.9674233
"real",2013,"max_to_sum","p2",0.158917101572544,1386112565959.77
"real",2013,"max_to_sum","p3",0.33255808951682,310875278793978752
"real",2013,"max_to_sum","p4",0.475189658328401,1.02110709072691e+23
"real",2014,"mean_excess","p80",3285.97274811304,41.0807283943904
"real",2014,"mean_excess","p81",3445.74492583876,37.192096954284
"real",2014,"mean_excess","p82",3621.70759529405,33.4999032739754
"real",2014,"mean_excess","p83",3816.21887502489,30.3082877214606
"real",2014,"mean_excess","p84",4030.16760947839,26.9624261189761
"real",2014,"mean_excess","p85",4269.42664540326,23.913560747856
"real",2014,"mean_excess","p86",4539.00458268895,21.3676871132405
"real",2014,"mean_excess","p87",4845.5059871317,19.1380928908827
"real",2014,"mean_excess","p88",5199.69632949358,17.2364580022055
"real",2014,"mean_excess","p89",5595.20826231142,14.9202848527465
"real",2014,"mean_excess","p90",6065.12910698993,13.1942903512359
"real",2014,"mean_excess","p91",6616.69128130386,11.4690646522319
"real",2014,"mean_excess","p92",7295.0865686947,10.1858918288828
"real",2014,"mean_excess","p93",8113.2966660003,8.77807894475759
"real",2014,"mean_excess","p94",9172.68274135346,7.65885632269645
"real",2014,"mean_excess","p95",10473.7023166993,6.21548850899262
"real",2014,"mean_excess","p96",12289.4414543411,5.11719504068701
"real",2014,"mean_excess","p97",15096.4520266696,4.283512859382
"real",2014,"mean_excess","p98",19671.1615690213,3.31072147355539
"real",2014,"mean_excess","p99",29670.1612220633,2.32608472902614
"real",2014,"max_to_sum","p1",0.023124867788129,21488398.3366205
"real",2014,"max_to_sum","p2",0.164513796796537,1500943289207.52
"real",2014,"max_to_sum","p3",0.346348497028409,354271818045103488
"real",2014,"max_to_sum","p4",0.497279471735402,1.22611918097691e+23
"real",2015,"mean_excess","p80",2887.15259647877,42.6915837120093
"real",2015,"mean_excess","p81",3026.95035351697,38.0713870948366
"real",2015,"mean_excess","p82",3181.5247471015,34.298516240613
"real",2015,"mean_excess","p83",3352.49323453746,30.8882337250268
"real",2015,"mean_excess","p84",3541.92771855043,27.8036629637772
"real",2015,"mean_excess","p85",3753.17907926593,24.7735554362632
"real",2015,"mean_excess","p86",3992.76625702365,22.3005883511694
"real",2015,"mean_excess","p87",4264.73558887987,20.0318381664468
"real",2015,"mean_excess","p88",4573.99107665339,17.7809916481638
"real",2015,"mean_excess","p89",4931.99239008005,15.7704946420624
"real",2015,"mean_excess","p90",5345.68068062409,13.7581100204951
"real",2015,"mean_excess","p91",5843.138954561,12.1692529993582
"real",2015,"mean_excess","p92",6448.30361072274,10.7743819672101
"real",2015,"mean_excess","p93",7191.19411540078,9.39306598587834
"real",2015,"mean_excess","p94",8139.99978236021,8.16347449655143
"real",2015,"mean_excess","p95",9370.3763342123,6.88279558431661
"real",2015,"mean_excess","p96",11025.2630232505,5.57252184851993
"real",2015,"mean_excess","p97",13495.895351744,4.46830438131088
"real",2015,"mean_excess","p98",17887.0114772627,3.61463289009337
"real",2015,"mean_excess","p99",27896.0921414027,2.66376771599213
"real",2015,"max_to_sum","p1",0.0277270228739571,19134493.7732201
"real",2015,"max_to_sum","p2",0.206611235560529,1362343112254.6
"real",2015,"max_to_sum","p3",0.438616573129202,340467463606668096
"real",2015,"max_to_sum","p4",0.626519520766881,1.26457986736792e+23
"real",2016,"mean_excess","p80",2847.88877361369,44.2015832708788
"real",2016,"mean_excess","p81",2987.09543013904,39.9466574809799
"real",2016,"mean_excess","p82",3140.22041681989,35.800579094148
"real",2016,"mean_excess","p83",3310.42505198031,32.5288469587516
"real",2016,"mean_excess","p84",3498.21970006243,29.0999102889175
"real",2016,"mean_excess","p85",3706.90497054049,25.7729146076883
"real",2016,"mean_excess","p86",3945.55034987682,23.350458715898
"real",2016,"mean_excess","p87",4216.37146968317,21.0432768581955
"real",2016,"mean_excess","p88",4520.31658942524,18.3917164209896
"real",2016,"mean_excess","p89",4874.43824806703,16.2466622952969
"real",2016,"mean_excess","p90",5285.52931131817,14.1830438355385
"real",2016,"mean_excess","p91",5785.13674766554,12.6542178394536
"real",2016,"mean_excess","p92",6388.69119091997,11.2130179130515
"real",2016,"mean_excess","p93",7128.58500022927,9.7549290173003
"real",2016,"mean_excess","p94",8067.78948054723,8.39928856942444
"real",2016,"mean_excess","p95",9287.53358611186,7.03353289939473
"real",2016,"mean_excess","p96",10916.9943998556,5.61024764288911
"real",2016,"mean_excess","p97",13407.0319959022,4.55477322676587
"real",2016,"mean_excess","p98",17737.2882585315,3.63223476073201
"real",2016,"mean_excess","p99",27215.1567721708,2.54271161047667
"real",2016,"max_to_sum","p1",0.0266855349605305,18922834.4994863
"real",2016,"max_to_sum","p2",0.196490311763018,1297726183418.19
"real",2016,"max_to_sum","p3",0.423945621947526,303721935435914560
"real",2016,"max_to_sum","p4",0.61253628475599,1.06149168810311e+23
"real",2017,"mean_excess","p80",3140.77284557022,43.9962779674556
"real",2017,"mean_excess","p81",3294.76295708387,40.0000093261622
"real",2017,"mean_excess","p82",3463.39464594074,35.9467914803935
"real",2017,"mean_excess","p83",3649.35001371889,32.1353167114263
"real",2017,"mean_excess","p84",3858.72708881871,29.319106598567
"real",2017,"mean_excess","p85",4092.94696128504,26.6095544759694
"real",2017,"mean_excess","p86",4355.21205848797,23.8227809952087
"real",2017,"mean_excess","p87",4648.38510027201,20.8497807240587
"real",2017,"mean_excess","p88",4982.56312876959,18.1061395892971
"real",2017,"mean_excess","p89",5374.25956262081,16.1008641693852
"real",2017,"mean_excess","p90",5833.63132055451,14.2950146692439
"real",2017,"mean_excess","p91",6377.16563525147,12.5740974901865
"real",2017,"mean_excess","p92",7030.96669583745,10.951860470205
"real",2017,"mean_excess","p93",7844.02196887093,9.5481963146284
"real",2017,"mean_excess","p94",8866.14469890559,8.16211028470944
"real",2017,"mean_excess","p95",10199.1385185526,6.85526659097773
"real",2017,"mean_excess","p96",12042.1176145214,5.67226291719389
"real",2017,"mean_excess","p97",14636.1640693793,4.36263722712621
"real",2017,"mean_excess","p98",19113.0301637034,3.35391665451763
"real",2017,"mean_excess","p99",29183.3570630721,2.3930641789532
"real",2017,"max_to_sum","p1",0.0256102805282932,20933499.490438
"real",2017,"max_to_sum","p2",0.192810160364052,1490673145880.38
"real",2017,"max_to_sum","p3",0.426371791900827,361393261741670912
"real",2017,"max_to_sum","p4",0.621324393086909,1.32955492488142e+23
"real",2018,"mean_excess","p80",3448.91334743543,44.9155646968136
"real",2018,"mean_excess","p81",3617.69208537626,40.6280751247936
"real",2018,"mean_excess","p82",3803.45368837956,36.4665184538435
"real",2018,"mean_excess","p83",4008.06197417547,32.6670667201325
"real",2018,"mean_excess","p84",4235.9162142718,29.3216228278924
"real",2018,"mean_excess","p85",4488.57077223628,25.9414073873063
"real",2018,"mean_excess","p86",4778.91731209668,23.5374586715138
"real",2018,"mean_excess","p87",5102.73911203369,20.8296672972306
"real",2018,"mean_excess","p88",5473.04008387705,18.4020156312111
"real",2018,"mean_excess","p89",5904.5790176421,16.3327276171452
"real",2018,"mean_excess","p90",6407.53260990596,14.4171210414249
"real",2018,"mean_excess","p91",6996.20127499947,12.4828253626373
"real",2018,"mean_excess","p92",7717.29753872808,10.9501165438574
"real",2018,"mean_excess","p93",8597.18190729969,9.38960763088966
"real",2018,"mean_excess","p94",9721.30161004551,8.10104353210381
"real",2018,"mean_excess","p95",11166.9646153498,6.75376445084806
"real",2018,"mean_excess","p96",13227.190092166,5.74139748174407
"real",2018,"mean_excess","p97",16058.4285488815,4.36286337107998
"real",2018,"mean_excess","p98",21012.5536287908,3.40226507177102
"real",2018,"mean_excess","p99",31890.1097245024,2.37669466790911
"real",2018,"max_to_sum","p1",0.0250213088413053,22983414.2909288
"real",2018,"max_to_sum","p2",0.189428249886507,1745839805416.47
"real",2018,"max_to_sum","p3",0.422306688290316,450345417109653952
"real",2018,"max_to_sum","p4",0.617024078282779,1.77254048906868e+23
"real",2019,"mean_excess","p80",3411.68899389754,43.5337483904887
"real",2019,"mean_excess","p81",3578.82086837627,39.6783695086626
"real",2019,"mean_excess","p82",3764.15471730135,36.3226737073096
"real",2019,"mean_excess","p83",3967.04948212193,32.7063922283518
"real",2019,"mean_excess","p84",4191.17565899962,28.9502232797116
"real",2019,"mean_excess","p85",4443.30465653307,26.0172814199242
"real",2019,"mean_excess","p86",4728.77685518844,23.4020253236207
"real",2019,"mean_excess","p87",5045.66538700214,20.4587366919439
"real",2019,"mean_excess","p88",5415.89667697973,18.3240865757999
"real",2019,"mean_excess","p89",5835.76710272067,16.0237410060376
"real",2019,"mean_excess","p90",6325.84173895209,13.9254274851013
"real",2019,"mean_excess","p91",6907.88867750767,12.1667439145353
"real",2019,"mean_excess","p92",7609.60790357048,10.5432683191669
"real",2019,"mean_excess","p93",8482.95421849103,9.22517657382153
"real",2019,"mean_excess","p94",9593.39663472031,7.97257748131071
"real",2019,"mean_excess","p95",10992.0492404303,6.55207282026507
"real",2019,"mean_excess","p96",13021.7209487853,5.59947422759386
"real",2019,"mean_excess","p97",15781.2620111305,4.28258555180231
"real",2019,"mean_excess","p98",20707.6292361391,3.3776489356896
"real",2019,"mean_excess","p99",31548.9689640718,2.4005023344643
"real",2019,"max_to_sum","p1",0.0217190070600589,22280439.1820428
"real",2019,"max_to_sum","p2",0.148541210280892,1576450974262.45
"real",2019,"max_to_sum","p3",0.31958566668134,354571519051404992
"real",2019,"max_to_sum","p4",0.465690111509407,1.17749165676033e+23
"control_lognormal",1988,"mean_excess","p80",1194.67728069374,70.3785745346119
"control_lognormal",1988,"mean_excess","p81",1255.86576040551,65.3770597258995
"control_lognormal",1988,"mean_excess","p82",1322.65049801451,60.3109071474988
"control_lognormal",1988,"mean_excess","p83",1396.6585089538,54.9808275987563
"control_lognormal",1988,"mean_excess","p84",1480.52491210075,51.9945558286344
"control_lognormal",1988,"mean_excess","p85",1574.37382172859,47.9117835900714
"control_lognormal",1988,"mean_excess","p86",1680.88219163616,42.3825357066365
"control_lognormal",1988,"mean_excess","p87",1803.69669495355,39.5536120789002
"control_lognormal",1988,"mean_excess","p88",1944.15971761221,35.5914716008547
"control_lognormal",1988,"mean_excess","p89",2107.18944000587,31.3375168370043
"control_lognormal",1988,"mean_excess","p90",2304.82425223212,29.1649004237652
"control_lognormal",1988,"mean_excess","p91",2542.05876648366,25.5888179086659
"control_lognormal",1988,"mean_excess","p92",2834.15139660114,23.1050302819681
"control_lognormal",1988,"mean_excess","p93",3200.34261556711,20.3175506674823
"control_lognormal",1988,"mean_excess","p94",3671.98646299578,17.2675083289959
"control_lognormal",1988,"mean_excess","p95",4317.90180861564,14.8493867669224
"control_lognormal",1988,"mean_excess","p96",5253.88647930352,12.2831242766693
"control_lognormal",1988,"mean_excess","p97",6764.3895980747,10.7376036995998
"control_lognormal",1988,"mean_excess","p98",9580.33668831062,8.95252043249809
"control_lognormal",1988,"mean_excess","p99",17198.3971232848,7.16888912205868
"control_lognormal",1988,"max_to_sum","p1",0.16699168083116,2006947.78240421
"control_lognormal",1988,"max_to_sum","p2",0.599812060299663,187260692159.517
"control_lognormal",1988,"max_to_sum","p3",0.838542633207309,44891857866840704
"control_lognormal",1988,"max_to_sum","p4",0.939183064344156,1.34330114070319e+22
"control_lognormal",1989,"mean_excess","p80",2751.17204048492,98.9482669772167
"control_lognormal",1989,"mean_excess","p81",2892.82763871598,91.4024684389769
"control_lognormal",1989,"mean_excess","p82",3047.7006920076,83.4854179021109
"control_lognormal",1989,"mean_excess","p83",3222.07884393183,76.2775965391746
"control_lognormal",1989,"mean_excess","p84",3414.96109684055,69.045527758005
"control_lognormal",1989,"mean_excess","p85",3636.45397651126,64.1575342036109
"control_lognormal",1989,"mean_excess","p86",3886.05392677791,59.6188634759703
"control_lognormal",1989,"mean_excess","p87",4176.7051966932,55.8357790767166
"control_lognormal",1989,"mean_excess","p88",4507.82335188534,50.4812220776084
"control_lognormal",1989,"mean_excess","p89",4897.72344972586,46.1758676490233
"control_lognormal",1989,"mean_excess","p90",5365.24193152296,41.3714164127906
"control_lognormal",1989,"mean_excess","p91",5927.63921034382,37.396143292761
"control_lognormal",1989,"mean_excess","p92",6639.27371982413,34.9709910790952
"control_lognormal",1989,"mean_excess","p93",7520.82032744366,30.4470058993578
"control_lognormal",1989,"mean_excess","p94",8694.10317144647,26.5377733920664
"control_lognormal",1989,"mean_excess","p95",10277.8809441186,22.3845242241268
"control_lognormal",1989,"mean_excess","p96",12628.4437936213,18.8567583779328
"control_lognormal",1989,"mean_excess","p97",16384.1359053926,15.8134571163065
"control_lognormal",1989,"mean_excess","p98",23605.1779161454,12.6009470983325
"control_lognormal",1989,"mean_excess","p99",41647.2205592922,7.22858534954381
"control_lognormal",1989,"max_to_sum","p1",0.450510747209196,5278091.47444031
"control_lognormal",1989,"max_to_sum","p2",0.979136471754797,5774586738156.16
"control_lognormal",1989,"max_to_sum","p3",0.999125624176263,13456313859070869504
"control_lognormal",1989,"max_to_sum","p4",0.999954869777254,3.19703855867038e+25
"control_lognormal",1990,"mean_excess","p80",3685.59107291981,117.638422023547
"control_lognormal",1990,"mean_excess","p81",3876.94546676233,110.136980636674
"control_lognormal",1990,"mean_excess","p82",4085.25429292514,98.6971785783156
"control_lognormal",1990,"mean_excess","p83",4318.87875544817,91.7791977609908
"control_lognormal",1990,"mean_excess","p84",4584.1825435941,85.8842257004869
"control_lognormal",1990,"mean_excess","p85",4880.74151530522,79.8054852327598
"control_lognormal",1990,"mean_excess","p86",5218.32037390835,73.8963778939308
"control_lognormal",1990,"mean_excess","p87",5605.04930942148,67.3386755339216
"control_lognormal",1990,"mean_excess","p88",6057.86027737944,60.6185890373188
"control_lognormal",1990,"mean_excess","p89",6585.14524423094,54.7022307411746
"control_lognormal",1990,"mean_excess","p90",7212.5599542562,48.9063227962157
"control_lognormal",1990,"mean_excess","p91",7985.99288515603,44.5630808484956
"control_lognormal",1990,"mean_excess","p92",8931.29094038696,39.6281182265764
"control_lognormal",1990,"mean_excess","p93",10137.9775958849,35.5431849149781
"control_lognormal",1990,"mean_excess","p94",11734.9781455617,30.7611288900029
"control_lognormal",1990,"mean_excess","p95",13938.4024924297,27.6297853008407
"control_lognormal",1990,"mean_excess","p96",17090.9780715757,21.6529521891145
"control_lognormal",1990,"mean_excess","p97",22311.3678018313,18.0660883471574
"control_lognormal",1990,"mean_excess","p98",32321.2777949784,15.0954506302951
"control_lognormal",1990,"mean_excess","p99",59013.6004611917,9.83097695044364
"control_lognormal",1990,"max_to_sum","p1",0.291807365017523,7340232.03034502
"control_lognormal",1990,"max_to_sum","p2",0.843885030043928,5436617667759.95
"control_lognormal",1990,"max_to_sum","p3",0.972582887726983,10103956980936945664
"control_lognormal",1990,"max_to_sum","p4",0.995131538767618,2.11516211634733e+25
"control_lognormal",1991,"mean_excess","p80",2640.7974476753,85.4490868791477
"control_lognormal",1991,"mean_excess","p81",2775.18730347136,78.8620417252803
"control_lognormal",1991,"mean_excess","p82",2924.73314360868,74.0971510501804
"control_lognormal",1991,"mean_excess","p83",3089.87980007254,67.3128799488972
"control_lognormal",1991,"mean_excess","p84",3274.90998891268,61.3093276469245
"control_lognormal",1991,"mean_excess","p85",3483.7507620292,55.9970504168566
"control_lognormal",1991,"mean_excess","p86",3722.86358149505,50.6467056510825
"control_lognormal",1991,"mean_excess","p87",3995.15450906823,46.0901663347744
"control_lognormal",1991,"mean_excess","p88",4313.13676161621,42.8720188086037
"control_lognormal",1991,"mean_excess","p89",4684.73050271951,39.1713277706895
"control_lognormal",1991,"mean_excess","p90",5122.17734927068,34.5114883435241
"control_lognormal",1991,"mean_excess","p91",5654.38874748548,31.0191582354415
"control_lognormal",1991,"mean_excess","p92",6315.1751808304,28.1565839319119
"control_lognormal",1991,"mean_excess","p93",7159.73293850054,25.1147708806813
"control_lognormal",1991,"mean_excess","p94",8249.59715250671,21.734933689827
"control_lognormal",1991,"mean_excess","p95",9756.0296584523,19.1965441167058
"control_lognormal",1991,"mean_excess","p96",11933.6471840513,16.2057870670521
"control_lognormal",1991,"mean_excess","p97",15346.3106794074,12.5836214916145
"control_lognormal",1991,"mean_excess","p98",21916.8983158348,10.4077293185953
"control_lognormal",1991,"mean_excess","p99",39248.4858876934,7.50691691522527
"control_lognormal",1991,"max_to_sum","p1",0.184099613272535,5809400.14839792
"control_lognormal",1991,"max_to_sum","p2",0.561297067691518,2037865711069.95
"control_lognormal",1991,"max_to_sum","p3",0.697332590102024,1754335050803687680
"control_lognormal",1991,"max_to_sum","p4",0.770152090622076,1.69887009693634e+24
"control_lognormal",1992,"mean_excess","p80",4299.102941153,151.661723558453
"control_lognormal",1992,"mean_excess","p81",4521.49594737312,139.634480826435
"control_lognormal",1992,"mean_excess","p82",4765.97632135768,127.77217256318
"control_lognormal",1992,"mean_excess","p83",5040.79287628133,117.437192114567
"control_lognormal",1992,"mean_excess","p84",5349.22917231693,107.772217951756
"control_lognormal",1992,"mean_excess","p85",5697.49945917236,98.1386407185993
"control_lognormal",1992,"mean_excess","p86",6093.06651151289,87.6719651796168
"control_lognormal",1992,"mean_excess","p87",6549.84381049889,80.3156447512552
"control_lognormal",1992,"mean_excess","p88",7075.71238506503,72.8622113171865
"control_lognormal",1992,"mean_excess","p89",7699.61147935257,66.375172510644
"control_lognormal",1992,"mean_excess","p90",8446.93382915719,61.127527855
"control_lognormal",1992,"mean_excess","p91",9350.69736280926,54.3578061053176
"control_lognormal",1992,"mean_excess","p92",10473.2463548531,48.3120987168092
"control_lognormal",1992,"mean_excess","p93",11911.6252356862,43.7665712108564
"control_lognormal",1992,"mean_excess","p94",13787.9350918946,38.3709060048303
"control_lognormal",1992,"mean_excess","p95",16356.7056546392,30.787890992044
"control_lognormal",1992,"mean_excess","p96",20139.3507371765,24.9719486733029
"control_lognormal",1992,"mean_excess","p97",26201.5419719156,18.9767425508883
"control_lognormal",1992,"mean_excess","p98",37648.3417259252,13.6554405795599
"control_lognormal",1992,"mean_excess","p99",68798.6152305286,9.00342494340278
"control_lognormal",1992,"max_to_sum","p1",0.230109154457664,11620473.9960089
"control_lognormal",1992,"max_to_sum","p2",0.61170573569836,11688880718954.7
"control_lognormal",1992,"max_to_sum","p3",0.733882405775511,26052340357890420736
"control_lognormal",1992,"max_to_sum","p4",0.805240788154648,6.34899805196251e+25
"control_lognormal",1993,"mean_excess","p80",3182.08449342667,111.42929371526
"control_lognormal",1993,"mean_excess","p81",3344.74938933316,103.084163269865
"control_lognormal",1993,"mean_excess","p82",3526.17059463692,95.158243093274
"control_lognormal",1993,"mean_excess","p83",3728.77745544103,88.491876959322
"control_lognormal",1993,"mean_excess","p84",3955.10154431258,83.2266619271112
"control_lognormal",1993,"mean_excess","p85",4210.63647503176,75.4181353343218
"control_lognormal",1993,"mean_excess","p86",4503.02644675661,69.8083131462095
"control_lognormal",1993,"mean_excess","p87",4835.64829513457,63.577117568638
"control_lognormal",1993,"mean_excess","p88",5224.91441203739,58.1083059986426
"control_lognormal",1993,"mean_excess","p89",5678.01726700923,50.841033675106
"control_lognormal",1993,"mean_excess","p90",6218.44788272485,44.794639490123
"control_lognormal",1993,"mean_excess","p91",6869.67830310047,39.6934215966711
"control_lognormal",1993,"mean_excess","p92",7684.60833470971,35.6410412141555
"control_lognormal",1993,"mean_excess","p93",8716.33585577202,31.2093926272174
"control_lognormal",1993,"mean_excess","p94",10057.3701882663,26.8220195567104
"control_lognormal",1993,"mean_excess","p95",11934.480292141,23.9093371202458
"control_lognormal",1993,"mean_excess","p96",14670.2182556182,20.2399248680363
"control_lognormal",1993,"mean_excess","p97",19043.728742839,16.6734325107721
"control_lognormal",1993,"mean_excess","p98",27297.5424067477,12.5546948699473
"control_lognormal",1993,"mean_excess","p99",49387.1556935438,8.37933964176695
"control_lognormal",1993,"max_to_sum","p1",0.283745962391611,9588404.39464985
"control_lognormal",1993,"max_to_sum","p2",0.915493331890375,8085313798205.87
"control_lognormal",1993,"max_to_sum","p3",0.991930500681216,20302375385280753664
"control_lognormal",1993,"max_to_sum","p4",0.999013297369292,5.48444722448863e+25
"control_lognormal",1994,"mean_excess","p80",3643.80525409763,131.411497681775
"control_lognormal",1994,"mean_excess","p81",3831.49643398989,121.444246157774
"control_lognormal",1994,"mean_excess","p82",4039.7452372674,112.673600152239
"control_lognormal",1994,"mean_excess","p83",4271.42421102506,103.158656472864
"control_lognormal",1994,"mean_excess","p84",4531.78373077093,95.3581076114335
"control_lognormal",1994,"mean_excess","p85",4828.06547319086,88.3734287629919
"control_lognormal",1994,"mean_excess","p86",5163.63615542639,81.5336779847407
"control_lognormal",1994,"mean_excess","p87",5548.92587332588,74.4687359092531
"control_lognormal",1994,"mean_excess","p88",5997.3297474538,68.5130515491287
"control_lognormal",1994,"mean_excess","p89",6522.88829992904,61.6380896467764
"control_lognormal",1994,"mean_excess","p90",7154.47755247187,57.3175788820717
"control_lognormal",1994,"mean_excess","p91",7916.30112363162,50.9691107364801
"control_lognormal",1994,"mean_excess","p92",8865.20130850218,46.096782982522
"control_lognormal",1994,"mean_excess","p93",10078.3574781396,40.6584538883056
"control_lognormal",1994,"mean_excess","p94",11673.0380296953,35.8577131990887
"control_lognormal",1994,"mean_excess","p95",13863.7094404166,30.5174382926541
"control_lognormal",1994,"mean_excess","p96",17081.505263168,25.3557901377364
"control_lognormal",1994,"mean_excess","p97",22256.3051594599,19.9215537627072
"control_lognormal",1994,"mean_excess","p98",31997.2738155245,14.3270619430041
"control_lognormal",1994,"mean_excess","p99",57853.189021792,8.71492427112929
"control_lognormal",1994,"max_to_sum","p1",0.0894207070283287,12905693.1814632
"control_lognormal",1994,"max_to_sum","p2",0.235380968716355,5658059693157.14
"control_lognormal",1994,"max_to_sum","p3",0.312078340348754,4924868951315278848
"control_lognormal",1994,"max_to_sum","p4",0.366634319187405,4.83776342303626e+24
"control_lognormal",1995,"mean_excess","p80",4501.45674894431,161.986029339822
"control_lognormal",1995,"mean_excess","p81",4734.55183737276,150.247020116702
"control_lognormal",1995,"mean_excess","p82",4992.85025638289,138.226012369659
"control_lognormal",1995,"mean_excess","p83",5280.99327938806,127.19999812962
"control_lognormal",1995,"mean_excess","p84",5604.68260283369,117.469119393105
"control_lognormal",1995,"mean_excess","p85",5970.37120320448,107.740631967965
"control_lognormal",1995,"mean_excess","p86",6386.74106627415,98.0204595016691
"control_lognormal",1995,"mean_excess","p87",6864.95572037127,88.3048489867002
"control_lognormal",1995,"mean_excess","p88",7420.2411024402,79.0218679630364
"control_lognormal",1995,"mean_excess","p89",8075.84908876059,72.0695284363281
"control_lognormal",1995,"mean_excess","p90",8857.95764198656,64.9089429963843
"control_lognormal",1995,"mean_excess","p91",9806.04357996184,57.4314556567344
"control_lognormal",1995,"mean_excess","p92",10980.3197894362,50.0176474068048
"control_lognormal",1995,"mean_excess","p93",12486.456972312,44.9250118831807
"control_lognormal",1995,"mean_excess","p94",14466.3215202794,38.864436635107
"control_lognormal",1995,"mean_excess","p95",17203.8408095187,33.4605572241085
"control_lognormal",1995,"mean_excess","p96",21220.6704293372,27.5580145198615
"control_lognormal",1995,"mean_excess","p97",27679.2041785828,21.1220889811925
"control_lognormal",1995,"mean_excess","p98",40209.9593295445,16.9209239650631
"control_lognormal",1995,"mean_excess","p99",74833.1041638502,11.6225009228463
"control_lognormal",1995,"max_to_sum","p1",0.189503039700895,17167887.4039598
"control_lognormal",1995,"max_to_sum","p2",0.654509492386191,16171493267399.7
"control_lognormal",1995,"max_to_sum","p3",0.846204860154338,40693364204891865088
"control_lognormal",1995,"max_to_sum","p4",0.922940321246485,1.21383184721137e+26
"control_lognormal",1996,"mean_excess","p80",3013.15977989543,111.280536575962
"control_lognormal",1996,"mean_excess","p81",3167.71467849311,102.588589954025
"control_lognormal",1996,"mean_excess","p82",3339.53424321402,93.5199586993411
"control_lognormal",1996,"mean_excess","p83",3529.93915263986,85.1213497739509
"control_lognormal",1996,"mean_excess","p84",3744.12883782937,78.6994346341353
"control_lognormal",1996,"mean_excess","p85",3985.16652132194,71.5466669816705
"control_lognormal",1996,"mean_excess","p86",4259.78503068971,65.3312414498276
"control_lognormal",1996,"mean_excess","p87",4573.93172888584,58.6357233396664
"control_lognormal",1996,"mean_excess","p88",4938.97596105838,52.9963807586057
"control_lognormal",1996,"mean_excess","p89",5369.96108852541,48.8105366184923
"control_lognormal",1996,"mean_excess","p90",5882.08297178129,44.1755132162097
"control_lognormal",1996,"mean_excess","p91",6505.16812819023,39.4525548098486
"control_lognormal",1996,"mean_excess","p92",7270.02615834882,34.6068645739233
"control_lognormal",1996,"mean_excess","p93",8251.54270529956,31.3988718285261
"control_lognormal",1996,"mean_excess","p94",9535.31934911542,27.4921685896516
"control_lognormal",1996,"mean_excess","p95",11286.969040269,23.1372955715839
"control_lognormal",1996,"mean_excess","p96",13867.5549622547,19.7803781207681
"control_lognormal",1996,"mean_excess","p97",17973.5292169127,15.7210356187745
"control_lognormal",1996,"mean_excess","p98",25689.1952705291,11.8648050205562
"control_lognormal",1996,"mean_excess","p99",46470.6151886852,8.19039301948808
"control_lognormal",1996,"max_to_sum","p1",0.142375942298576,11975442.7459677
"control_lognormal",1996,"max_to_sum","p2",0.551697659926723,5269328067156.92
"control_lognormal",1996,"max_to_sum","p3",0.775802201863868,6389009923130909696
"control_lognormal",1996,"max_to_sum","p4",0.887160389372793,9.52600089218879e+24
"control_lognormal",1997,"mean_excess","p80",4358.96673780653,160.642842756862
"control_lognormal",1997,"mean_excess","p81",4583.14926686278,146.762550054843
"control_lognormal",1997,"mean_excess","p82",4833.18017130222,135.132951755016
"control_lognormal",1997,"mean_excess","p83",5111.68242927432,123.205545226914
"control_lognormal",1997,"mean_excess","p84",5424.50994706679,112.949215130784
"control_lognormal",1997,"mean_excess","p85",5777.58029434116,102.358090458093
"control_lognormal",1997,"mean_excess","p86",6180.65952144641,93.8765006620173
"control_lognormal",1997,"mean_excess","p87",6642.44853995771,83.8923200458704
"control_lognormal",1997,"mean_excess","p88",7180.63441021507,76.2561164178775
"control_lognormal",1997,"mean_excess","p89",7812.54297353729,68.2658326359969
"control_lognormal",1997,"mean_excess","p90",8569.87077341205,62.2730898687628
"control_lognormal",1997,"mean_excess","p91",9482.22487079212,55.3901539167963
"control_lognormal",1997,"mean_excess","p92",10619.2710959866,48.9675119573834
"control_lognormal",1997,"mean_excess","p93",12062.3136589981,42.1562254625307
"control_lognormal",1997,"mean_excess","p94",13976.0950286915,37.2321147413201
"control_lognormal",1997,"mean_excess","p95",16612.801273578,31.9503113635323
"control_lognormal",1997,"mean_excess","p96",20435.6926830503,24.995257069876
"control_lognormal",1997,"mean_excess","p97",26679.8181161469,20.3929213831813
"control_lognormal",1997,"mean_excess","p98",38833.0434960981,16.9909680922797
"control_lognormal",1997,"mean_excess","p99",72487.9852890084,12.1179380220133
"control_lognormal",1997,"max_to_sum","p1",0.206625112782209,18376316.3793025
"control_lognormal",1997,"max_to_sum","p2",0.630591479069374,22863095372115.5
"control_lognormal",1997,"max_to_sum","p3",0.830699741515756,65899271507831422976
"control_lognormal",1997,"max_to_sum","p4",0.923075767268466,2.25179526733781e+26
"control_lognormal",1998,"mean_excess","p80",3177.48606738834,117.710438711437
"control_lognormal",1998,"mean_excess","p81",3340.94851192826,108.237392038528
"control_lognormal",1998,"mean_excess","p82",3522.69500626802,101.053184662702
"control_lognormal",1998,"mean_excess","p83",3724.25819666807,93.9572517806325
"control_lognormal",1998,"mean_excess","p84",3950.49884442198,85.4648754999837
"control_lognormal",1998,"mean_excess","p85",4206.56084598614,78.460204661389
"control_lognormal",1998,"mean_excess","p86",4498.57793583015,72.3677617077744
"control_lognormal",1998,"mean_excess","p87",4831.88463916091,65.9460360372978
"control_lognormal",1998,"mean_excess","p88",5221.82826488318,60.7900682222701
"control_lognormal",1998,"mean_excess","p89",5676.89291023765,53.8994850951052
"control_lognormal",1998,"mean_excess","p90",6218.32224215035,48.3994398259669
"control_lognormal",1998,"mean_excess","p91",6875.47017309051,42.6151636934831
"control_lognormal",1998,"mean_excess","p92",7692.33467296539,38.0132127558359
"control_lognormal",1998,"mean_excess","p93",8728.34275062073,33.2554104116869
"control_lognormal",1998,"mean_excess","p94",10081.8211365867,28.6861459654686
"control_lognormal",1998,"mean_excess","p95",11953.6263803545,24.567499240999
"control_lognormal",1998,"mean_excess","p96",14673.5724784426,20.0667129056136
"control_lognormal",1998,"mean_excess","p97",19030.8393441294,16.143487586231
"control_lognormal",1998,"mean_excess","p98",27439.0442419289,13.1167909304969
"control_lognormal",1998,"mean_excess","p99",49828.9189413502,8.50982167920763
"control_lognormal",1998,"max_to_sum","p1",0.138871428385492,14072585.8387923
"control_lognormal",1998,"max_to_sum","p2",0.563038310318115,6783216391544.19
"control_lognormal",1998,"max_to_sum","p3",0.817631943022747,9128566356191307776
"control_lognormal",1998,"max_to_sum","p4",0.927744724633647,1.57223964202832e+25
"control_lognormal",1999,"mean_excess","p80",3350.55141313604,138.266391310039
"control_lognormal",1999,"mean_excess","p81",3523.13245975489,125.014355014657
"control_lognormal",1999,"mean_excess","p82",3714.41810369672,113.107404106374
"control_lognormal",1999,"mean_excess","p83",3927.25754067428,104.075144376713
"control_lognormal",1999,"mean_excess","p84",4167.11473324593,95.6850825512219
"control_lognormal",1999,"mean_excess","p85",4437.17503875767,88.2664492867415
"control_lognormal",1999,"mean_excess","p86",4745.97352833117,80.9669438468754
"control_lognormal",1999,"mean_excess","p87",5099.54035671925,72.5418241431123
"control_lognormal",1999,"mean_excess","p88",5510.63287761404,66.8625433275976
"control_lognormal",1999,"mean_excess","p89",5993.30353086134,59.4881963992704
"control_lognormal",1999,"mean_excess","p90",6566.66412433324,53.0505768981181
"control_lognormal",1999,"mean_excess","p91",7266.0048962386,47.3126106251603
"control_lognormal",1999,"mean_excess","p92",8126.65791179634,40.6543655349339
"control_lognormal",1999,"mean_excess","p93",9220.66100439553,35.5908694444963
"control_lognormal",1999,"mean_excess","p94",10669.5483071802,31.1420949005502
"control_lognormal",1999,"mean_excess","p95",12640.0447641296,26.046486861618
"control_lognormal",1999,"mean_excess","p96",15568.5146274033,22.3591709764513
"control_lognormal",1999,"mean_excess","p97",20255.996495228,17.7391768321395
"control_lognormal",1999,"mean_excess","p98",29125.534656083,13.5617915879507
"control_lognormal",1999,"mean_excess","p99",53680.5872865348,9.77891352206172
"control_lognormal",1999,"max_to_sum","p1",0.305451414705284,15483065.0845691
"control_lognormal",1999,"max_to_sum","p2",0.935550419631451,23907323748272
"control_lognormal",1999,"max_to_sum","p3",0.994419436870083,1.0637207632524e+20
"control_lognormal",1999,"max_to_sum","p4",0.99940900664447,5.00556450403292e+26
"control_lognormal",2000,"mean_excess","p80",24427.5128616701,972.740316238782
"control_lognormal",2000,"mean_excess","p81",25711.2512901219,885.785902850429
"control_lognormal",2000,"mean_excess","p82",27131.3476172041,801.862577313063
"control_lognormal",2000,"mean_excess","p83",28723.9037169321,725.130209588854
"control_lognormal",2000,"mean_excess","p84",30507.4760479964,653.007468024821
"control_lognormal",2000,"mean_excess","p85",32534.2479380662,574.651116509335
"control_lognormal",2000,"mean_excess","p86",34849.879756985,510.282622107807
"control_lognormal",2000,"mean_excess","p87",37510.1905275474,458.143009992788
"control_lognormal",2000,"mean_excess","p88",40623.3086986764,410.524382502857
"control_lognormal",2000,"mean_excess","p89",44281.4492120379,358.023823206948
"control_lognormal",2000,"mean_excess","p90",48685.613811291,318.05971849479
"control_lognormal",2000,"mean_excess","p91",54038.636706215,279.186503770006
"control_lognormal",2000,"mean_excess","p92",60748.0065836674,247.205800914518
"control_lognormal",2000,"mean_excess","p93",69356.4176308187,213.649703995145
"control_lognormal",2000,"mean_excess","p94",80771.1685775928,187.302998357991
"control_lognormal",2000,"mean_excess","p95",96746.9714188124,156.481069629061
"control_lognormal",2000,"mean_excess","p96",120476.149567003,124.612246373332
"control_lognormal",2000,"mean_excess","p97",159903.934359084,96.8512460295542
"control_lognormal",2000,"mean_excess","p98",237616.913734107,72.8075520096794
"control_lognormal",2000,"mean_excess","p99",466787.780542626,49.5977602234475
"control_lognormal",2000,"max_to_sum","p1",0.254349972633755,126520092.120448
"control_lognormal",2000,"max_to_sum","p2",0.581984520152019,1779389223901067
"control_lognormal",2000,"max_to_sum","p3",0.773659274499875,4.3074857355885e+22
"control_lognormal",2000,"max_to_sum","p4",0.882091787876133,1.21576881655164e+30
"control_lognormal",2001,"mean_excess","p80",9287.37047728917,400.896329412378
"control_lognormal",2001,"mean_excess","p81",9771.95894048141,364.416582302075
"control_lognormal",2001,"mean_excess","p82",10312.2866234069,334.233558385495
"control_lognormal",2001,"mean_excess","p83",10912.6172795992,299.634141000483
"control_lognormal",2001,"mean_excess","p84",11587.6901440473,272.241342623346
"control_lognormal",2001,"mean_excess","p85",12350.6800575091,241.983236075728
"control_lognormal",2001,"mean_excess","p86",13221.7947960418,217.284554309993
"control_lognormal",2001,"mean_excess","p87",14229.2891444061,195.224674684803
"control_lognormal",2001,"mean_excess","p88",15397.798291692,174.089198023566
"control_lognormal",2001,"mean_excess","p89",16774.348411617,153.464060371874
"control_lognormal",2001,"mean_excess","p90",18416.6798887636,130.532049522653
"control_lognormal",2001,"mean_excess","p91",20424.1059247648,111.189717194993
"control_lognormal",2001,"mean_excess","p92",22913.9561793341,95.0919269135329
"control_lognormal",2001,"mean_excess","p93",26098.3131364367,81.2442566820165
"control_lognormal",2001,"mean_excess","p94",30296.7816232395,66.4138550424561
"control_lognormal",2001,"mean_excess","p95",36109.0341935032,53.4424339108341
"control_lognormal",2001,"mean_excess","p96",44735.8621810415,42.3076746601962
"control_lognormal",2001,"mean_excess","p97",58811.5382214006,33.331662522157
"control_lognormal",2001,"mean_excess","p98",85975.2416664741,24.0033140565517
"control_lognormal",2001,"mean_excess","p99",162260.595709536,15.426361379336
"control_lognormal",2001,"max_to_sum","p1",0.0908865580532095,49628820.8657516
"control_lognormal",2001,"max_to_sum","p2",0.212595077594486,95700459362625.8
"control_lognormal",2001,"max_to_sum","p3",0.276567220477997,3.31818148438202e+20
"control_lognormal",2001,"max_to_sum","p4",0.324017937901654,1.27751321233662e+27
"control_lognormal",2002,"mean_excess","p80",11512.1890586504,506.970528581673
"control_lognormal",2002,"mean_excess","p81",12115.1187687463,460.859113396425
"control_lognormal",2002,"mean_excess","p82",12781.5397611331,411.94211530088
"control_lognormal",2002,"mean_excess","p83",13527.970240792,364.800281273168
"control_lognormal",2002,"mean_excess","p84",14367.9185459299,331.015794529407
"control_lognormal",2002,"mean_excess","p85",15314.099665428,293.14652190335
"control_lognormal",2002,"mean_excess","p86",16397.4113419154,258.073420346504
"control_lognormal",2002,"mean_excess","p87",17648.2607869668,235.18842665464
"control_lognormal",2002,"mean_excess","p88",19097.0154912,207.048457410094
"control_lognormal",2002,"mean_excess","p89",20811.5986116353,181.754068988579
"control_lognormal",2002,"mean_excess","p90",22864.8957360472,159.629500721112
"control_lognormal",2002,"mean_excess","p91",25352.9152868636,136.215084278747
"control_lognormal",2002,"mean_excess","p92",28464.9376837624,117.22107668965
"control_lognormal",2002,"mean_excess","p93",32449.4893755643,100.287229572532
"control_lognormal",2002,"mean_excess","p94",37701.6475979964,83.0851049792585
"control_lognormal",2002,"mean_excess","p95",45051.8129732059,71.1393504604419
"control_lognormal",2002,"mean_excess","p96",55987.5839675282,59.7254778409885
"control_lognormal",2002,"mean_excess","p97",73925.8562518699,48.8716632927231
"control_lognormal",2002,"mean_excess","p98",109021.68239276,35.3466500454501
"control_lognormal",2002,"mean_excess","p99",210258.383988602,24.195342195911
"control_lognormal",2002,"max_to_sum","p1",0.335132507130027,63191697.8956651
"control_lognormal",2002,"max_to_sum","p2",0.821455111284243,545970684123284
"control_lognormal",2002,"max_to_sum","p3",0.937400117698086,1.01322229275122e+22
"control_lognormal",2002,"max_to_sum","p4",0.975771397959978,2.06138084659216e+29
"control_lognormal",2003,"mean_excess","p80",21675.1182342176,865.655595265081
"control_lognormal",2003,"mean_excess","p81",22810.439060519,788.88302490464
"control_lognormal",2003,"mean_excess","p82",24070.4609890967,702.957279727374
"control_lognormal",2003,"mean_excess","p83",25483.2632299891,630.273208272291
"control_lognormal",2003,"mean_excess","p84",27066.0515016226,564.077898709131
"control_lognormal",2003,"mean_excess","p85",28859.4395982397,513.768998003055
"control_lognormal",2003,"mean_excess","p86",30914.0088714604,459.180085481378
"control_lognormal",2003,"mean_excess","p87",33274.480398787,410.415064126279
"control_lognormal",2003,"mean_excess","p88",36023.5469140365,360.268968017997
"control_lognormal",2003,"mean_excess","p89",39282.1712048967,320.105980954846
"control_lognormal",2003,"mean_excess","p90",43169.3638089967,275.897172347494
"control_lognormal",2003,"mean_excess","p91",47911.4972862297,238.253978982208
"control_lognormal",2003,"mean_excess","p92",53853.188185191,208.527513142858
"control_lognormal",2003,"mean_excess","p93",61457.2131785081,185.72037007256
"control_lognormal",2003,"mean_excess","p94",71545.2584741895,156.393384277045
"control_lognormal",2003,"mean_excess","p95",85655.2493821838,128.150468015536
"control_lognormal",2003,"mean_excess","p96",106671.265669431,107.701943879247
"control_lognormal",2003,"mean_excess","p97",141239.986818625,79.2653545719143
"control_lognormal",2003,"mean_excess","p98",209652.524801235,56.5586665229675
"control_lognormal",2003,"mean_excess","p99",409228.716561885,38.9457572199529
"control_lognormal",2003,"max_to_sum","p1",0.308706194427422,121729437.611035
"control_lognormal",2003,"max_to_sum","p2",0.717280625592712,1968760189692274
"control_lognormal",2003,"max_to_sum","p3",0.884166690919534,6.00189963870116e+22
"control_lognormal",2003,"max_to_sum","p4",0.951504645720553,2.09581490844876e+30
"control_lognormal",2004,"mean_excess","p80",37687.9488921224,1164.10700879015
"control_lognormal",2004,"mean_excess","p81",39668.1108685018,1039.21593996772
"control_lognormal",2004,"mean_excess","p82",41860.2367926902,939.495596032178
"control_lognormal",2004,"mean_excess","p83",44317.3761541021,843.199857126196
"control_lognormal",2004,"mean_excess","p84",47071.3023713185,764.462147986252
"control_lognormal",2004,"mean_excess","p85",50201.3271775769,688.234056328487
"control_lognormal",2004,"mean_excess","p86",53775.9609469599,610.561593703235
"control_lognormal",2004,"mean_excess","p87",57883.1359661796,541.657446246871
"control_lognormal",2004,"mean_excess","p88",62684.7580661682,469.866267946958
"control_lognormal",2004,"mean_excess","p89",68354.5975017577,407.006356121503
"control_lognormal",2004,"mean_excess","p90",75132.3234147083,362.833605252587
"control_lognormal",2004,"mean_excess","p91",83433.6830152973,320.094031602107
"control_lognormal",2004,"mean_excess","p92",93750.0710829394,274.502775980503
"control_lognormal",2004,"mean_excess","p93",107033.029678705,234.134517004139
"control_lognormal",2004,"mean_excess","p94",124682.638329244,191.383307753774
"control_lognormal",2004,"mean_excess","p95",149223.205865079,156.884631545174
"control_lognormal",2004,"mean_excess","p96",185974.179666784,125.665612005002
"control_lognormal",2004,"mean_excess","p97",246732.619644739,94.1501101117712
"control_lognormal",2004,"mean_excess","p98",366299.740305851,67.2513650643542
"control_lognormal",2004,"mean_excess","p99",717559.957057087,43.5370762758573
"control_lognormal",2004,"max_to_sum","p1",0.682036690738446,217075666.337956
"control_lognormal",2004,"max_to_sum","p2",0.993068186309283,22072864308918136
"control_lognormal",2004,"max_to_sum","p3",0.999795263902568,3.24597797643078e+24
"control_lognormal",2004,"max_to_sum","p4",0.999993215097156,4.80483492901424e+32
"control_lognormal",2005,"mean_excess","p80",13962.800601857,389.796714850664
"control_lognormal",2005,"mean_excess","p81",14691.185867218,345.292116617978
"control_lognormal",2005,"mean_excess","p82",15500.776362081,313.688743284447
"control_lognormal",2005,"mean_excess","p83",16404.5703499949,284.082151496119
"control_lognormal",2005,"mean_excess","p84",17418.6126648798,251.362210360708
"control_lognormal",2005,"mean_excess","p85",18562.4605933438,224.140358009121
"control_lognormal",2005,"mean_excess","p86",19870.5220201717,197.33852406664
"control_lognormal",2005,"mean_excess","p87",21378.4889325358,176.284151996922
"control_lognormal",2005,"mean_excess","p88",23127.8726272034,150.919252711316
"control_lognormal",2005,"mean_excess","p89",25191.8416035012,131.57301779336
"control_lognormal",2005,"mean_excess","p90",27653.3800370717,115.643427117292
"control_lognormal",2005,"mean_excess","p91",30662.9243323033,102.188469189876
"control_lognormal",2005,"mean_excess","p92",34404.4083100759,88.7624487438513
"control_lognormal",2005,"mean_excess","p93",39161.2722422152,72.7596906715107
"control_lognormal",2005,"mean_excess","p94",45468.9688134064,61.0021707060502
"control_lognormal",2005,"mean_excess","p95",54101.7688066858,47.4661952148072
"control_lognormal",2005,"mean_excess","p96",66948.0052809649,38.2031936637855
"control_lognormal",2005,"mean_excess","p97",87837.5024407591,29.2176235125882
"control_lognormal",2005,"mean_excess","p98",127937.04729901,20.6752215267279
"control_lognormal",2005,"mean_excess","p99",236391.181680951,11.5758420168915
"control_lognormal",2005,"max_to_sum","p1",0.08722251544692,82068778.7713964
"control_lognormal",2005,"max_to_sum","p2",0.316660139134099,161815365394858
"control_lognormal",2005,"max_to_sum","p3",0.471140647703831,7.78518899564164e+20
"control_lognormal",2005,"max_to_sum","p4",0.562679326622712,4.66622153822578e+27
"control_lognormal",2006,"mean_excess","p80",14304.1387998368,359.445402125897
"control_lognormal",2006,"mean_excess","p81",15050.4347173614,323.104293491164
"control_lognormal",2006,"mean_excess","p82",15878.0928397261,287.197801018242
"control_lognormal",2006,"mean_excess","p83",16801.4406380429,253.863240322463
"control_lognormal",2006,"mean_excess","p84",17838.9543305956,225.737572167882
"control_lognormal",2006,"mean_excess","p85",19009.6727784321,202.926164188901
"control_lognormal",2006,"mean_excess","p86",20347.8558440967,179.563153228021
"control_lognormal",2006,"mean_excess","p87",21888.7381789928,159.09088341161
"control_lognormal",2006,"mean_excess","p88",23677.7888476422,137.393336367902
"control_lognormal",2006,"mean_excess","p89",25788.762393392,120.869717431113
"control_lognormal",2006,"mean_excess","p90",28295.3920038918,102.919835184124
"control_lognormal",2006,"mean_excess","p91",31359.2432283623,89.0823246625189
"control_lognormal",2006,"mean_excess","p92",35178.702291965,78.3911040523096
"control_lognormal",2006,"mean_excess","p93",40050.5328056763,67.2947021129068
"control_lognormal",2006,"mean_excess","p94",46505.655957496,57.8891867948723
"control_lognormal",2006,"mean_excess","p95",55373.1054398448,47.1887063917459
"control_lognormal",2006,"mean_excess","p96",68384.3775982743,35.545473011628
"control_lognormal",2006,"mean_excess","p97",89590.1823608782,27.1408262566663
"control_lognormal",2006,"mean_excess","p98",130485.76600259,20.0330282201561
"control_lognormal",2006,"mean_excess","p99",240979.468547628,11.5523121829092
"control_lognormal",2006,"max_to_sum","p1",0.200384120767963,86109659.288115
"control_lognormal",2006,"max_to_sum","p2",0.755050714507718,394324921482305
"control_lognormal",2006,"max_to_sum","p3",0.939489499007575,5.46831586135732e+21
"control_lognormal",2006,"max_to_sum","p4",0.983986162663083,9.00889874224561e+28
"control_lognormal",2007,"mean_excess","p80",164983.273582911,3813.92577925267
"control_lognormal",2007,"mean_excess","p81",173648.158351206,3400.64879482306
"control_lognormal",2007,"mean_excess","p82",183274.081887998,3065.88739225917
"control_lognormal",2007,"mean_excess","p83",194067.056395291,2767.69203938992
"control_lognormal",2007,"mean_excess","p84",206167.135633088,2454.88657640664
"control_lognormal",2007,"mean_excess","p85",219874.607455179,2146.13702330875
"control_lognormal",2007,"mean_excess","p86",235590.979610119,1905.35246728285
"control_lognormal",2007,"mean_excess","p87",253663.479985937,1693.13776681805
"control_lognormal",2007,"mean_excess","p88",274738.044916705,1495.52474996172
"control_lognormal",2007,"mean_excess","p89",299718.024587672,1304.13004356189
"control_lognormal",2007,"mean_excess","p90",329584.589521801,1125.31924998303
"control_lognormal",2007,"mean_excess","p91",366054.786176316,950.093641165836
"control_lognormal",2007,"mean_excess","p92",411762.719036092,792.788350989118
"control_lognormal",2007,"mean_excess","p93",470317.47062672,676.865824677344
"control_lognormal",2007,"mean_excess","p94",548244.153440853,546.314369340338
"control_lognormal",2007,"mean_excess","p95",657582.973035828,443.295568408618
"control_lognormal",2007,"mean_excess","p96",820722.278877489,345.504159092851
"control_lognormal",2007,"mean_excess","p97",1091760.89192193,267.776232840812
"control_lognormal",2007,"mean_excess","p98",1633424.77232196,196.855239675102
"control_lognormal",2007,"mean_excess","p99",3237696.39153106,126.802789521003
"control_lognormal",2007,"max_to_sum","p1",0.826727483490967,1011215160.07823
"control_lognormal",2007,"max_to_sum","p2",0.997113968289347,700917808565787904
"control_lognormal",2007,"max_to_sum","p3",0.999920961118627,5.84321907830269e+26
"control_lognormal",2007,"max_to_sum","p4",0.999997580081839,4.88455315746109e+35
"control_lognormal",2008,"mean_excess","p80",27993.1244429056,536.744441045314
"control_lognormal",2008,"mean_excess","p81",29456.6552493622,485.09316619819
"control_lognormal",2008,"mean_excess","p82",31081.3683402221,437.489908286666
"control_lognormal",2008,"mean_excess","p83",32893.1219368157,383.318446782038
"control_lognormal",2008,"mean_excess","p84",34928.8814564575,336.796688234825
"control_lognormal",2008,"mean_excess","p85",37238.6918885065,291.53392975821
"control_lognormal",2008,"mean_excess","p86",39866.6920924,254.17402707438
"control_lognormal",2008,"mean_excess","p87",42895.0193701887,223.855523880031
"control_lognormal",2008,"mean_excess","p88",46416.0054361703,193.165652134671
"control_lognormal",2008,"mean_excess","p89",50568.8974708986,168.151759338344
"control_lognormal",2008,"mean_excess","p90",55544.310447442,142.015231359877
"control_lognormal",2008,"mean_excess","p91",61585.7878927961,120.642778813195
"control_lognormal",2008,"mean_excess","p92",69106.2135883404,102.665323087778
"control_lognormal",2008,"mean_excess","p93",78704.4317268279,85.4785473791932
"control_lognormal",2008,"mean_excess","p94",91371.421565989,68.8324087556533
"control_lognormal",2008,"mean_excess","p95",109001.896194009,55.5688439982305
"control_lognormal",2008,"mean_excess","p96",134818.944905466,41.5971199158044
"control_lognormal",2008,"mean_excess","p97",176956.74450309,31.3132552959796
"control_lognormal",2008,"mean_excess","p98",258120.21973752,22.2226145855992
"control_lognormal",2008,"mean_excess","p99",475176.20334775,11.4860801947751
"control_lognormal",2008,"max_to_sum","p1",0.117434802845965,173551445.945437
"control_lognormal",2008,"max_to_sum","p2",0.52204317154335,795689632216622
"control_lognormal",2008,"max_to_sum","p3",0.796877728477048,1.06238881313085e+22
"control_lognormal",2008,"max_to_sum","p4",0.914090676657745,1.88760430043656e+29
"control_lognormal",2009,"mean_excess","p80",82102.4339281566,1833.58549204744
"control_lognormal",2009,"mean_excess","p81",86420.0342279493,1666.41248340071
"control_lognormal",2009,"mean_excess","p82",91216.8686781206,1514.30007694422
"control_lognormal",2009,"mean_excess","p83",96556.5612408126,1329.91090719141
"control_lognormal",2009,"mean_excess","p84",102581.422142341,1179.38689228288
"control_lognormal",2009,"mean_excess","p85",109406.968891622,1036.65310462312
"control_lognormal",2009,"mean_excess","p86",117205.504747791,913.773031035666
"control_lognormal",2009,"mean_excess","p87",126171.002315893,813.332591559236
"control_lognormal",2009,"mean_excess","p88",136657.902445403,720.670230411721
"control_lognormal",2009,"mean_excess","p89",149041.542552067,625.250489489774
"control_lognormal",2009,"mean_excess","p90",163835.00224077,533.325100904139
"control_lognormal",2009,"mean_excess","p91",181957.493747617,458.371280157768
"control_lognormal",2009,"mean_excess","p92",204577.984826097,384.841032919689
"control_lognormal",2009,"mean_excess","p93",233610.555299378,316.684125345133
"control_lognormal",2009,"mean_excess","p94",272096.833652856,257.498536520553
"control_lognormal",2009,"mean_excess","p95",326002.896513666,209.106547068659
"control_lognormal",2009,"mean_excess","p96",406543.341005527,163.933368939899
"control_lognormal",2009,"mean_excess","p97",539546.477328185,126.211235070532
"control_lognormal",2009,"mean_excess","p98",803380.155016817,87.3702184247939
"control_lognormal",2009,"mean_excess","p99",1570691.74919824,43.3314151831227
"control_lognormal",2009,"max_to_sum","p1",0.408268287495576,507360910.203772
"control_lognormal",2009,"max_to_sum","p2",0.874680124114095,49054182667283120
"control_lognormal",2009,"max_to_sum","p3",0.969459264084605,9.16765766583868e+24
"control_lognormal",2009,"max_to_sum","p4",0.991641646761498,1.85650381429229e+33
"control_lognormal",2010,"mean_excess","p80",235706.91554297,4893.10380134082
"control_lognormal",2010,"mean_excess","p81",248081.020011795,4395.6006779372
"control_lognormal",2010,"mean_excess","p82",261871.516223196,3874.67127021562
"control_lognormal",2010,"mean_excess","p83",277234.287200123,3482.78935331397
"control_lognormal",2010,"mean_excess","p84",294568.184127809,3047.79598022802
"control_lognormal",2010,"mean_excess","p85",314148.579623431,2714.78704368751
"control_lognormal",2010,"mean_excess","p86",336591.176177809,2365.49754096909
"control_lognormal",2010,"mean_excess","p87",362399.625937269,2093.2276128412
"control_lognormal",2010,"mean_excess","p88",392590.576415689,1779.60797511285
"control_lognormal",2010,"mean_excess","p89",428275.671376757,1556.40608947151
"control_lognormal",2010,"mean_excess","p90",470940.893442131,1340.12814121931
"control_lognormal",2010,"mean_excess","p91",523227.098376287,1135.63768354713
"control_lognormal",2010,"mean_excess","p92",588347.428551375,974.308395232383
"control_lognormal",2010,"mean_excess","p93",672257.629631683,797.392553079304
"control_lognormal",2010,"mean_excess","p94",783648.512699173,638.202166670306
"control_lognormal",2010,"mean_excess","p95",939959.389126618,523.951396225238
"control_lognormal",2010,"mean_excess","p96",1173182.33239838,408.795123968126
"control_lognormal",2010,"mean_excess","p97",1562061.11794081,304.162409517262
"control_lognormal",2010,"mean_excess","p98",2333732.60771623,214.923151818329
"control_lognormal",2010,"mean_excess","p99",4627447.17883154,113.768421133484
"control_lognormal",2010,"max_to_sum","p1",0.65261104922005,1469101239.52254
"control_lognormal",2010,"max_to_sum","p2",0.959169991652744,958333593432610560
"control_lognormal",2010,"max_to_sum","p3",0.993138694925188,8.87377759187744e+26
"control_lognormal",2010,"max_to_sum","p4",0.998766214298378,8.45981269554267e+35
"control_lognormal",2011,"mean_excess","p80",53751.3525859124,974.172833362793
"control_lognormal",2011,"mean_excess","p81",56567.2592481041,873.90825024034
"control_lognormal",2011,"mean_excess","p82",59704.0713714026,776.65379952377
"control_lognormal",2011,"mean_excess","p83",63196.884958817,689.160045207097
"control_lognormal",2011,"mean_excess","p84",67122.7276912831,608.156365107979
"control_lognormal",2011,"mean_excess","p85",71582.5189739933,533.634131355451
"control_lognormal",2011,"mean_excess","p86",76657.6969730007,464.087107367575
"control_lognormal",2011,"mean_excess","p87",82507.5289126199,405.366210084409
"control_lognormal",2011,"mean_excess","p88",89345.7456899369,352.354060052036
"control_lognormal",2011,"mean_excess","p89",97392.0944694194,306.781999652505
"control_lognormal",2011,"mean_excess","p90",107029.161586005,265.446522963257
"control_lognormal",2011,"mean_excess","p91",118819.304809584,226.661420574215
"control_lognormal",2011,"mean_excess","p92",133466.243784905,190.212764863718
"control_lognormal",2011,"mean_excess","p93",152221.39475907,156.982244653695
"control_lognormal",2011,"mean_excess","p94",177222.715212353,130.005172789001
"control_lognormal",2011,"mean_excess","p95",211933.16416605,106.178266228499
"control_lognormal",2011,"mean_excess","p96",263585.170843016,84.4357909700768
"control_lognormal",2011,"mean_excess","p97",348648.504003107,61.0258819686152
"control_lognormal",2011,"mean_excess","p98",515133.188151847,42.8955776908926
"control_lognormal",2011,"mean_excess","p99",987285.073453824,23.1277249930182
"control_lognormal",2011,"max_to_sum","p1",0.210512388994345,338410976.605593
"control_lognormal",2011,"max_to_sum","p2",0.71814325578435,7066967855809572
"control_lognormal",2011,"max_to_sum","p3",0.910370808938139,3.97143976263259e+23
"control_lognormal",2011,"max_to_sum","p4",0.96781494692548,2.66131375956985e+31
"control_lognormal",2012,"mean_excess","p80",126392.083599681,2133.91033674271
"control_lognormal",2012,"mean_excess","p81",133032.791667214,1917.94961170739
"control_lognormal",2012,"mean_excess","p82",140410.359720687,1735.5125662865
"control_lognormal",2012,"mean_excess","p83",148652.095624807,1538.65492504276
"control_lognormal",2012,"mean_excess","p84",157919.572202737,1345.07148609913
"control_lognormal",2012,"mean_excess","p85",168419.510088139,1182.56535785004
"control_lognormal",2012,"mean_excess","p86",180414.813674495,1040.93574123058
"control_lognormal",2012,"mean_excess","p87",194246.999820446,906.206982332017
"control_lognormal",2012,"mean_excess","p88",210369.24579418,771.360617811133
"control_lognormal",2012,"mean_excess","p89",229415.057343987,668.826882811259
"control_lognormal",2012,"mean_excess","p90",252248.302051573,574.043505036854
"control_lognormal",2012,"mean_excess","p91",280126.806614087,489.642796101363
"control_lognormal",2012,"mean_excess","p92",314911.148569642,405.099646312412
"control_lognormal",2012,"mean_excess","p93",359539.996506428,328.809143730333
"control_lognormal",2012,"mean_excess","p94",418989.389982243,278.668591539218
"control_lognormal",2012,"mean_excess","p95",501929.054975767,223.922238267955
"control_lognormal",2012,"mean_excess","p96",625830.951576182,175.319129654254
"control_lognormal",2012,"mean_excess","p97",830845.460533258,127.493735208151
"control_lognormal",2012,"mean_excess","p98",1236671.23729978,88.641038612308
"control_lognormal",2012,"mean_excess","p99",2417047.14528004,45.0021122444759
"control_lognormal",2012,"max_to_sum","p1",0.374305999144805,796902728.381753
"control_lognormal",2012,"max_to_sum","p2",0.783552247003967,113552380364513872
"control_lognormal",2012,"max_to_sum","p3",0.921396588041483,2.88037945674526e+25
"control_lognormal",2012,"max_to_sum","p4",0.972013051888691,8.14434775872148e+33
"control_lognormal",2013,"mean_excess","p80",65428.2630083288,1073.07661264053
"control_lognormal",2013,"mean_excess","p81",68855.9521738454,955.91678228222
"control_lognormal",2013,"mean_excess","p82",72662.4913784431,853.674917132457
"control_lognormal",2013,"mean_excess","p83",76926.4825763007,748.390917467025
"control_lognormal",2013,"mean_excess","p84",81709.841506574,679.670595633729
"control_lognormal",2013,"mean_excess","p85",87141.1080928004,597.823727178686
"control_lognormal",2013,"mean_excess","p86",93322.4975907626,520.790252171277
"control_lognormal",2013,"mean_excess","p87",100448.962384651,457.436178327524
"control_lognormal",2013,"mean_excess","p88",108782.483971238,402.841180791908
"control_lognormal",2013,"mean_excess","p89",118581.98021648,346.184491298666
"control_lognormal",2013,"mean_excess","p90",130367.737911201,301.1220534861
"control_lognormal",2013,"mean_excess","p91",144714.432951618,265.164121441352
"control_lognormal",2013,"mean_excess","p92",162557.102628716,216.035088666791
"control_lognormal",2013,"mean_excess","p93",185524.232037948,179.678127322017
"control_lognormal",2013,"mean_excess","p94",215913.747662456,145.803475048338
"control_lognormal",2013,"mean_excess","p95",258253.666703018,110.907172524665
"control_lognormal",2013,"mean_excess","p96",321237.591787407,87.7180643848146
"control_lognormal",2013,"mean_excess","p97",424673.534123762,63.7687395632882
"control_lognormal",2013,"mean_excess","p98",627151.921248647,41.0973086212649
"control_lognormal",2013,"mean_excess","p99",1206529.06178112,24.974340023372
"control_lognormal",2013,"max_to_sum","p1",0.173405890507322,417175160.672786
"control_lognormal",2013,"max_to_sum","p2",0.456441564176536,11465140761432172
"control_lognormal",2013,"max_to_sum","p3",0.647955339879826,5.84254129685712e+23
"control_lognormal",2013,"max_to_sum","p4",0.791008148827574,3.4621684511906e+31
"control_lognormal",2014,"mean_excess","p80",88194.3985956231,1366.36120961361
"control_lognormal",2014,"mean_excess","p81",92819.8805448878,1234.48398890247
"control_lognormal",2014,"mean_excess","p82",97974.4075946196,1115.32813939464
"control_lognormal",2014,"mean_excess","p83",103714.859693476,1000.13257878112
"control_lognormal",2014,"mean_excess","p84",110169.027618277,892.633295620298
"control_lognormal",2014,"mean_excess","p85",117501.047259749,780.123098301446
"control_lognormal",2014,"mean_excess","p86",125855.029106026,702.778593404102
"control_lognormal",2014,"mean_excess","p87",135483.808495487,620.726976192571
"control_lognormal",2014,"mean_excess","p88",146744.491274413,544.060821678283
"control_lognormal",2014,"mean_excess","p89",159998.091804668,472.94138762151
"control_lognormal",2014,"mean_excess","p90",175882.142664996,409.317198453737
"control_lognormal",2014,"mean_excess","p91",195324.582426762,346.734587388082
"control_lognormal",2014,"mean_excess","p92",219498.950645005,287.257654863469
"control_lognormal",2014,"mean_excess","p93",250516.737592808,240.306505621497
"control_lognormal",2014,"mean_excess","p94",291862.720946605,194.255950322923
"control_lognormal",2014,"mean_excess","p95",349338.276635577,154.805286674751
"control_lognormal",2014,"mean_excess","p96",435069.052843731,121.51363955916
"control_lognormal",2014,"mean_excess","p97",577038.410324394,88.6091891484261
"control_lognormal",2014,"mean_excess","p98",854154.707885678,54.5284531771899
"control_lognormal",2014,"mean_excess","p99",1647594.93264731,28.036874989192
"control_lognormal",2014,"max_to_sum","p1",0.544028614267777,558560180.972071
"control_lognormal",2014,"max_to_sum","p2",0.987361314387256,93520608279795520
"control_lognormal",2014,"max_to_sum","p3",0.999594145370099,2.80705835667154e+25
"control_lognormal",2014,"max_to_sum","p4",0.999983585731131,8.5265626793244e+33
"control_lognormal",2015,"mean_excess","p80",36148.2764756341,642.251686523131
"control_lognormal",2015,"mean_excess","p81",38040.1106923815,567.451017141254
"control_lognormal",2015,"mean_excess","p82",40141.1630037844,505.818070294009
"control_lognormal",2015,"mean_excess","p83",42486.217963502,444.797340082831
"control_lognormal",2015,"mean_excess","p84",45113.1279041193,391.854657851374
"control_lognormal",2015,"mean_excess","p85",48095.5557716383,344.882654021697
"control_lognormal",2015,"mean_excess","p86",51502.6602358474,308.769226654818
"control_lognormal",2015,"mean_excess","p87",55423.2747823086,268.354269054022
"control_lognormal",2015,"mean_excess","p88",59990.3731479457,234.241340762598
"control_lognormal",2015,"mean_excess","p89",65376.9313558938,203.984592846873
"control_lognormal",2015,"mean_excess","p90",71818.6123062847,174.168327026799
"control_lognormal",2015,"mean_excess","p91",79668.9189100248,148.648086644622
"control_lognormal",2015,"mean_excess","p92",89439.5211736897,125.426385664634
"control_lognormal",2015,"mean_excess","p93",101957.720917534,106.767575474787
"control_lognormal",2015,"mean_excess","p94",118544.477582095,89.078262751773
"control_lognormal",2015,"mean_excess","p95",141537.677408457,71.2330709874904
"control_lognormal",2015,"mean_excess","p96",175600.488701339,55.0298761520215
"control_lognormal",2015,"mean_excess","p97",231165.004987272,39.9291135716607
"control_lognormal",2015,"mean_excess","p98",338800.782173186,27.275343634269
"control_lognormal",2015,"mean_excess","p99",632479.8392477,13.8143422980218
"control_lognormal",2015,"max_to_sum","p1",0.110551225368545,232528872.63653
"control_lognormal",2015,"max_to_sum","p2",0.444758233905484,1485788171349561
"control_lognormal",2015,"max_to_sum","p3",0.70904976214091,2.39576725443724e+22
"control_lognormal",2015,"max_to_sum","p4",0.854664280056708,5.10935682374687e+29
"control_lognormal",2016,"mean_excess","p80",64862.4394498523,1277.07545160966
"control_lognormal",2016,"mean_excess","p81",68265.8678164473,1151.46134521856
"control_lognormal",2016,"mean_excess","p82",72056.9166138777,1016.04063195356
"control_lognormal",2016,"mean_excess","p83",76280.7717129501,910.392854950734
"control_lognormal",2016,"mean_excess","p84",81029.9280262239,811.472910878755
"control_lognormal",2016,"mean_excess","p85",86408.6201685684,718.462883505719
"control_lognormal",2016,"mean_excess","p86",92549.5325758523,626.447719427977
"control_lognormal",2016,"mean_excess","p87",99628.3282621309,543.199129764505
"control_lognormal",2016,"mean_excess","p88",107874.103091218,461.608362577765
"control_lognormal",2016,"mean_excess","p89",117619.902998758,410.013710999721
"control_lognormal",2016,"mean_excess","p90",129294.260079172,355.603391510984
"control_lognormal",2016,"mean_excess","p91",143579.95333364,300.528042699488
"control_lognormal",2016,"mean_excess","p92",161348.372856137,252.017842391117
"control_lognormal",2016,"mean_excess","p93",184141.659323832,211.323309364707
"control_lognormal",2016,"mean_excess","p94",214394.242266017,169.8216205161
"control_lognormal",2016,"mean_excess","p95",256577.819326101,136.612149466937
"control_lognormal",2016,"mean_excess","p96",319456.817798998,107.467707043352
"control_lognormal",2016,"mean_excess","p97",423475.233629559,84.3217527413109
"control_lognormal",2016,"mean_excess","p98",627150.351199027,54.4541048554594
"control_lognormal",2016,"mean_excess","p99",1215454.19066397,31.8877224589881
"control_lognormal",2016,"max_to_sum","p1",0.203475866741404,418352633.325039
"control_lognormal",2016,"max_to_sum","p2",0.497784311341607,14556924294262078
"control_lognormal",2016,"max_to_sum","p3",0.670957637496838,9.19329384152216e+23
"control_lognormal",2016,"max_to_sum","p4",0.788173655985612,6.66192503834417e+31
"control_lognormal",2017,"mean_excess","p80",60083.5971595516,1017.4372970652
"control_lognormal",2017,"mean_excess","p81",63234.4044672386,913.262106408497
"control_lognormal",2017,"mean_excess","p82",66733.685706818,819.525293712714
"control_lognormal",2017,"mean_excess","p83",70641.4355019629,725.919439203999
"control_lognormal",2017,"mean_excess","p84",75035.662099395,647.30008862119
"control_lognormal",2017,"mean_excess","p85",80010.0549907364,567.245439539095
"control_lognormal",2017,"mean_excess","p86",85692.5149485005,503.850731934322
"control_lognormal",2017,"mean_excess","p87",92242.7340844398,445.605363432355
"control_lognormal",2017,"mean_excess","p88",99891.4500520932,377.471326416588
"control_lognormal",2017,"mean_excess","p89",108898.251458507,326.624110709186
"control_lognormal",2017,"mean_excess","p90",119684.933564294,279.220157358253
"control_lognormal",2017,"mean_excess","p91",132835.429016154,235.373349352107
"control_lognormal",2017,"mean_excess","p92",149223.510371157,195.919381618887
"control_lognormal",2017,"mean_excess","p93",170234.705393053,163.747085012998
"control_lognormal",2017,"mean_excess","p94",198130.590062596,134.967970699138
"control_lognormal",2017,"mean_excess","p95",236941.334342299,108.079950020302
"control_lognormal",2017,"mean_excess","p96",294674.547616812,84.1118212891443
"control_lognormal",2017,"mean_excess","p97",389837.930037457,64.0288634731957
"control_lognormal",2017,"mean_excess","p98",576311.318202474,44.8812872141424
"control_lognormal",2017,"mean_excess","p99",1108427.0733128,25.0147626218907
"control_lognormal",2017,"max_to_sum","p1",0.13628065535841,388777532.806167
"control_lognormal",2017,"max_to_sum","p2",0.406235588631319,6910234381589881
"control_lognormal",2017,"max_to_sum","p3",0.618405747770361,2.40509702337062e+23
"control_lognormal",2017,"max_to_sum","p4",0.769394816168624,1.02421760176395e+31
"control_lognormal",2018,"mean_excess","p80",41495.8145600566,696.078428009167
"control_lognormal",2018,"mean_excess","p81",43666.7747888055,621.698676114173
"control_lognormal",2018,"mean_excess","p82",46083.2575502782,544.007922004661
"control_lognormal",2018,"mean_excess","p83",48776.9428946856,492.975661389501
"control_lognormal",2018,"mean_excess","p84",51801.3144914565,433.142379879282
"control_lognormal",2018,"mean_excess","p85",55225.3589756978,381.778026511477
"control_lognormal",2018,"mean_excess","p86",59145.4610228037,334.501537470586
"control_lognormal",2018,"mean_excess","p87",63648.6092138611,292.708719965856
"control_lognormal",2018,"mean_excess","p88",68889.6392632804,252.540843935936
"control_lognormal",2018,"mean_excess","p89",75095.0264582784,220.060901237652
"control_lognormal",2018,"mean_excess","p90",82497.3177288733,188.796727159308
"control_lognormal",2018,"mean_excess","p91",91515.4963516817,160.80650134119
"control_lognormal",2018,"mean_excess","p92",102719.869465273,131.956857963355
"control_lognormal",2018,"mean_excess","p93",117089.705203635,107.030915649902
"control_lognormal",2018,"mean_excess","p94",136121.709815999,89.385971300092
"control_lognormal",2018,"mean_excess","p95",162473.386315617,70.9507202730879
"control_lognormal",2018,"mean_excess","p96",201435.037886488,54.1069863572569
"control_lognormal",2018,"mean_excess","p97",264933.207742723,37.7642189029188
"control_lognormal",2018,"mean_excess","p98",387659.650856292,25.9322050902774
"control_lognormal",2018,"mean_excess","p99",724594.981131544,14.0385745916136
"control_lognormal",2018,"max_to_sum","p1",0.10121119794906,268836211.677939
"control_lognormal",2018,"max_to_sum","p2",0.332113610148871,2229184377337129
"control_lognormal",2018,"max_to_sum","p3",0.47077058079641,4.2789743303767e+22
"control_lognormal",2018,"max_to_sum","p4",0.558421339513846,9.81529422221174e+29
"control_lognormal",2019,"mean_excess","p80",40824.4431050096,665.706031792304
"control_lognormal",2019,"mean_excess","p81",42958.3917445911,595.054321138517
"control_lognormal",2019,"mean_excess","p82",45334.2088532209,524.988424589622
"control_lognormal",2019,"mean_excess","p83",47980.1205302391,469.386782838962
"control_lognormal",2019,"mean_excess","p84",50963.0549462217,417.063513525852
"control_lognormal",2019,"mean_excess","p85",54332.2292361594,376.816022708814
"control_lognormal",2019,"mean_excess","p86",58184.7929618101,327.909789312681
"control_lognormal",2019,"mean_excess","p87",62609.2301899909,284.958867925869
"control_lognormal",2019,"mean_excess","p88",67780.5436440173,249.178441888981
"control_lognormal",2019,"mean_excess","p89",73855.6516091753,214.04992278888
"control_lognormal",2019,"mean_excess","p90",81156.2831886975,185.700929984546
"control_lognormal",2019,"mean_excess","p91",89996.2771408142,152.379316932291
"control_lognormal",2019,"mean_excess","p92",101060.304320752,129.219199923951
"control_lognormal",2019,"mean_excess","p93",115157.19749444,106.850837282098
"control_lognormal",2019,"mean_excess","p94",133881.078422934,86.8368922305506
"control_lognormal",2019,"mean_excess","p95",159752.968036577,68.5715114698648
"control_lognormal",2019,"mean_excess","p96",198194.459937382,53.2132867980894
"control_lognormal",2019,"mean_excess","p97",260318.26110255,36.9065671959616
"control_lognormal",2019,"mean_excess","p98",379755.172061969,23.6255266283021
"control_lognormal",2019,"mean_excess","p99",704785.942096172,12.700272739639
"control_lognormal",2019,"max_to_sum","p1",0.209792455413373,258948696.229044
"control_lognormal",2019,"max_to_sum","p2",0.729642528209552,4044799978370821
"control_lognormal",2019,"max_to_sum","p3",0.920370020084018,1.74200068140401e+23
"control_lognormal",2019,"max_to_sum","p4",0.976732418812645,8.91741084938061e+30
"control_pareto",1988,"mean_excess","p80",0.00264031049290572,1.81240868922245
"control_pareto",1988,"mean_excess","p81",0.00273311122250418,1.81839347608719
"control_pareto",1988,"mean_excess","p82",0.00282899145629849,1.8168592901345
"control_pareto",1988,"mean_excess","p83",0.00292343344425783,1.79711764247657
"control_pareto",1988,"mean_excess","p84",0.00304042878071107,1.79908233799781
"control_pareto",1988,"mean_excess","p85",0.00317643100535083,1.81111288168614
"control_pareto",1988,"mean_excess","p86",0.00332110211187661,1.80945040335993
"control_pareto",1988,"mean_excess","p87",0.00348125915375369,1.80704887619039
"control_pareto",1988,"mean_excess","p88",0.00365952691444634,1.8002055416906
"control_pareto",1988,"mean_excess","p89",0.00387480052310327,1.80710440057308
"control_pareto",1988,"mean_excess","p90",0.00413594955949907,1.8274838929012
"control_pareto",1988,"mean_excess","p91",0.0044330188808199,1.83084027918409
"control_pareto",1988,"mean_excess","p92",0.00481406669202,1.86342002405479
"control_pareto",1988,"mean_excess","p93",0.00517613991935736,1.79311768674878
"control_pareto",1988,"mean_excess","p94",0.00576102135678017,1.83361341712908
"control_pareto",1988,"mean_excess","p95",0.00647863570420581,1.83085127294157
"control_pareto",1988,"mean_excess","p96",0.00742409786832564,1.78690345451446
"control_pareto",1988,"mean_excess","p97",0.00886627874389706,1.75883184203098
"control_pareto",1988,"mean_excess","p98",0.0112758894496203,1.68390385133755
"control_pareto",1988,"mean_excess","p99",0.015768217103035,1.37107627021401
"control_pareto",1988,"max_to_sum","p1",0.0220081396658719,11.973115864179
"control_pareto",1988,"max_to_sum","p2",0.434462669953467,0.159819059477495
"control_pareto",1988,"max_to_sum","p3",0.844288653621648,0.0216710823859393
"control_pareto",1988,"max_to_sum","p4",0.959463095392315,0.00502497377924634
"control_pareto",1989,"mean_excess","p80",0.00439774980751453,2.6845097632737
"control_pareto",1989,"mean_excess","p81",0.00458451258276128,2.72411869591908
"control_pareto",1989,"mean_excess","p82",0.00476645136173614,2.71992426205828
"control_pareto",1989,"mean_excess","p83",0.00497722027621201,2.73234663278705
"control_pareto",1989,"mean_excess","p84",0.00520804399283172,2.74393893911839
"control_pareto",1989,"mean_excess","p85",0.00547526032312343,2.76907215010729
"control_pareto",1989,"mean_excess","p86",0.0057628512895292,2.77722097924794
"control_pareto",1989,"mean_excess","p87",0.0061004202090513,2.79886889371166
"control_pareto",1989,"mean_excess","p88",0.00648218394710839,2.81938993765871
"control_pareto",1989,"mean_excess","p89",0.00692346145547416,2.84016499666847
"control_pareto",1989,"mean_excess","p90",0.00747991354069076,2.91040715172669
"control_pareto",1989,"mean_excess","p91",0.00807663402180144,2.896381389484
"control_pareto",1989,"mean_excess","p92",0.00884013346573806,2.92095935508033
"control_pareto",1989,"mean_excess","p93",0.00983939354394771,3.01188228867025
"control_pareto",1989,"mean_excess","p94",0.0110783392824528,3.03878048112834
"control_pareto",1989,"mean_excess","p95",0.012765483924832,3.1016943237967
"control_pareto",1989,"mean_excess","p96",0.0151676559717299,3.13944583744531
"control_pareto",1989,"mean_excess","p97",0.0190280923253053,3.25582334495345
"control_pareto",1989,"mean_excess","p98",0.0264865423761582,3.49991092650101
"control_pareto",1989,"mean_excess","p99",0.0455259066314542,3.59653058472449
"control_pareto",1989,"max_to_sum","p1",0.0949412056866291,18.1392362960456
"control_pareto",1989,"max_to_sum","p2",0.849777263683477,3.49013619603544
"control_pareto",1989,"max_to_sum","p3",0.973772766898543,5.24521866806144
"control_pareto",1989,"max_to_sum","p4",0.994217358884891,8.84735843377067
"control_pareto",1990,"mean_excess","p80",0.00260992716472125,1.70148207413325
"control_pareto",1990,"mean_excess","p81",0.00269153497677684,1.69387033569903
"control_pareto",1990,"mean_excess","p82",0.00277928421217164,1.68581960532129
"control_pareto",1990,"mean_excess","p83",0.0028786124591546,1.68306183090961
"control_pareto",1990,"mean_excess","p84",0.00298007193032671,1.66709508891633
"control_pareto",1990,"mean_excess","p85",0.00310399869372006,1.66948710400028
"control_pareto",1990,"mean_excess","p86",0.00324037274967682,1.66947167135996
"control_pareto",1990,"mean_excess","p87",0.00338241969099964,1.65540559828318
"control_pareto",1990,"mean_excess","p88",0.00356814189196306,1.66918147004974
"control_pareto",1990,"mean_excess","p89",0.00378174201069994,1.68639077826867
"control_pareto",1990,"mean_excess","p90",0.00400244286217631,1.673889875156
"control_pareto",1990,"mean_excess","p91",0.00426969230348195,1.66608040841892
"control_pareto",1990,"mean_excess","p92",0.00461475970232104,1.68557681280068
"control_pareto",1990,"mean_excess","p93",0.00499819197370352,1.66963885175468
"control_pareto",1990,"mean_excess","p94",0.00546660808714003,1.63758428106103
"control_pareto",1990,"mean_excess","p95",0.00609363194970772,1.62153021304541
"control_pareto",1990,"mean_excess","p96",0.00698857006494963,1.62044157188861
"control_pareto",1990,"mean_excess","p97",0.00837888407972507,1.63292684195729
"control_pareto",1990,"mean_excess","p98",0.0108637957362976,1.67500885855889
"control_pareto",1990,"mean_excess","p99",0.0166135946513897,1.64798946099999
"control_pareto",1990,"max_to_sum","p1",0.0336688160907383,14.5207857009831
"control_pareto",1990,"max_to_sum","p2",0.703671472359866,0.339676872701592
"control_pareto",1990,"max_to_sum","p3",0.966261076496847,0.120937057917068
"control_pareto",1990,"max_to_sum","p4",0.99501492980488,0.0574172315848922
"control_pareto",1991,"mean_excess","p80",0.00338788733608745,2.2853511400338
"control_pareto",1991,"mean_excess","p81",0.00350700363588092,2.27728549868576
"control_pareto",1991,"mean_excess","p82",0.00364275881182677,2.28067821915438
"control_pareto",1991,"mean_excess","p83",0.00379473230952347,2.28961578869462
"control_pareto",1991,"mean_excess","p84",0.00395834932612507,2.29005168849668
"control_pareto",1991,"mean_excess","p85",0.00414554193379017,2.30019141594933
"control_pareto",1991,"mean_excess","p86",0.00436611951201271,2.32555209739484
"control_pareto",1991,"mean_excess","p87",0.00461234933960658,2.34926166255744
"control_pareto",1991,"mean_excess","p88",0.0048661395792233,2.33081799379171
"control_pareto",1991,"mean_excess","p89",0.00515568950532251,2.30885813750428
"control_pareto",1991,"mean_excess","p90",0.00552157663256662,2.32457922960145
"control_pareto",1991,"mean_excess","p91",0.00591774620061749,2.29401278296737
"control_pareto",1991,"mean_excess","p92",0.00645342104053446,2.32898206885914
"control_pareto",1991,"mean_excess","p93",0.00710474827282545,2.34451086693143
"control_pareto",1991,"mean_excess","p94",0.00795931879188103,2.38735401855099
"control_pareto",1991,"mean_excess","p95",0.00900306056065496,2.34562683476783
"control_pareto",1991,"mean_excess","p96",0.0105347952665496,2.35130586264209
"control_pareto",1991,"mean_excess","p97",0.0128458607377945,2.32886524659861
"control_pareto",1991,"mean_excess","p98",0.0169949440210022,2.30777492498246
"control_pareto",1991,"mean_excess","p99",0.0278220084299061,2.39545269029413
"control_pareto",1991,"max_to_sum","p1",0.0245913782830816,17.3289718473213
"control_pareto",1991,"max_to_sum","p2",0.278264427967486,0.652609875890336
"control_pareto",1991,"max_to_sum","p3",0.412560957765194,0.18757669233378
"control_pareto",1991,"max_to_sum","p4",0.481396422892269,0.0685046115170242
"control_pareto",1992,"mean_excess","p80",0.00324074801277277,2.23105320119863
"control_pareto",1992,"mean_excess","p81",0.00335776465214858,2.23107857925856
"control_pareto",1992,"mean_excess","p82",0.00347938629331949,2.22047638441455
"control_pareto",1992,"mean_excess","p83",0.00362321765292907,2.22816100849477
"control_pareto",1992,"mean_excess","p84",0.00378062017010206,2.23245347284793
"control_pareto",1992,"mean_excess","p85",0.00395810827602066,2.24148206103727
"control_pareto",1992,"mean_excess","p86",0.00415707573458443,2.25085958811449
"control_pareto",1992,"mean_excess","p87",0.00437642444078944,2.2515826875586
"control_pareto",1992,"mean_excess","p88",0.00462831145441605,2.25779666904403
"control_pareto",1992,"mean_excess","p89",0.00492678221487839,2.27342031440808
"control_pareto",1992,"mean_excess","p90",0.00529605063233346,2.31734261458428
"control_pareto",1992,"mean_excess","p91",0.00571086777399932,2.33010791860467
"control_pareto",1992,"mean_excess","p92",0.00620075019327676,2.32920435758389
"control_pareto",1992,"mean_excess","p93",0.00684335361699595,2.36673619410888
"control_pareto",1992,"mean_excess","p94",0.00765241922352488,2.39852952292914
"control_pareto",1992,"mean_excess","p95",0.00877442380589657,2.46192819942057
"control_pareto",1992,"mean_excess","p96",0.0103472492331877,2.51260852299432
"control_pareto",1992,"mean_excess","p97",0.0127364603525332,2.52232945186777
"control_pareto",1992,"mean_excess","p98",0.0174056956508955,2.70904841746603
"control_pareto",1992,"mean_excess","p99",0.0295586796448481,2.88598270829391
"control_pareto",1992,"max_to_sum","p1",0.0680971720881129,20.941789587615
"control_pareto",1992,"max_to_sum","p2",0.822228651652261,2.47339302251593
"control_pareto",1992,"max_to_sum","p3",0.957422087766599,3.02918058003956
"control_pareto",1992,"max_to_sum","p4",0.986285217191549,4.1934256889214
"control_pareto",1993,"mean_excess","p80",0.00262212412587856,1.79589733322142
"control_pareto",1993,"mean_excess","p81",0.00270637685476151,1.79018343130492
"control_pareto",1993,"mean_excess","p82",0.00280059645474374,1.78746099308936
"control_pareto",1993,"mean_excess","p83",0.00290679532961908,1.78975713010276
"control_pareto",1993,"mean_excess","p84",0.00302260926437221,1.79159295311542
"control_pareto",1993,"mean_excess","p85",0.00313820037413825,1.77237211495329
"control_pareto",1993,"mean_excess","p86",0.00328050302455385,1.77316068500714
"control_pareto",1993,"mean_excess","p87",0.00343270637775983,1.76435468075663
"control_pareto",1993,"mean_excess","p88",0.00360637616975686,1.755663803778
"control_pareto",1993,"mean_excess","p89",0.00381040895984122,1.7535683881855
"control_pareto",1993,"mean_excess","p90",0.00404782718207106,1.751983837099
"control_pareto",1993,"mean_excess","p91",0.00429003730187973,1.71239296912419
"control_pareto",1993,"mean_excess","p92",0.00457956292297449,1.6720896545159
"control_pareto",1993,"mean_excess","p93",0.00494516773345103,1.64315358083688
"control_pareto",1993,"mean_excess","p94",0.00538613668079109,1.60280133394705
"control_pareto",1993,"mean_excess","p95",0.00595402685502481,1.55546943178924
"control_pareto",1993,"mean_excess","p96",0.00684784981800413,1.57074834866906
"control_pareto",1993,"mean_excess","p97",0.00803110651481913,1.51475771387205
"control_pareto",1993,"mean_excess","p98",0.00984176150620943,1.38678138308761
"control_pareto",1993,"mean_excess","p99",0.0140542514554412,1.27516075089971
"control_pareto",1993,"max_to_sum","p1",0.00627313190630697,21.3780269754434
"control_pareto",1993,"max_to_sum","p2",0.0890979797401869,0.201853472043857
"control_pareto",1993,"max_to_sum","p3",0.206948130801556,0.0116545259438411
"control_pareto",1993,"max_to_sum","p4",0.291311132147883,0.00111032745931494
"control_pareto",1994,"mean_excess","p80",0.00459164702858079,3.12527421624379
"control_pareto",1994,"mean_excess","p81",0.00478049468515957,3.144343311702
"control_pareto",1994,"mean_excess","p82",0.00498053584041398,3.14426734328096
"control_pareto",1994,"mean_excess","p83",0.00521013898146439,3.16668125106982
"control_pareto",1994,"mean_excess","p84",0.00546198930069105,3.18184912418801
"control_pareto",1994,"mean_excess","p85",0.00574981951566065,3.2082063992646
"control_pareto",1994,"mean_excess","p86",0.00607737900441262,3.24585342782882
"control_pareto",1994,"mean_excess","p87",0.00644528018460159,3.27482829656681
"control_pareto",1994,"mean_excess","p88",0.006849095234265,3.26785939724977
"control_pareto",1994,"mean_excess","p89",0.00733476856969817,3.29432039245983
"control_pareto",1994,"mean_excess","p90",0.00790951413173827,3.32670976687995
"control_pareto",1994,"mean_excess","p91",0.00861739033314178,3.39437174561807
"control_pareto",1994,"mean_excess","p92",0.00948177449531683,3.46286002719929
"control_pareto",1994,"mean_excess","p93",0.0105794700909999,3.54523931553351
"control_pareto",1994,"mean_excess","p94",0.0119927133802144,3.62581048813046
"control_pareto",1994,"mean_excess","p95",0.0139736658091241,3.78978971693922
"control_pareto",1994,"mean_excess","p96",0.016822093524843,3.94745147907434
"control_pareto",1994,"mean_excess","p97",0.0212456234591854,4.02782653418249
"control_pareto",1994,"mean_excess","p98",0.0297264797331539,4.23180067804906
"control_pareto",1994,"mean_excess","p99",0.0533766571546261,4.71411582385884
"control_pareto",1994,"max_to_sum","p1",0.0904717959311691,32.187616498648
"control_pareto",1994,"max_to_sum","p2",0.560086739180982,15.1407981320982
"control_pareto",1994,"max_to_sum","p3",0.685972454776071,35.9997439804088
"control_pareto",1994,"max_to_sum","p4",0.77622956891757,92.6441362452352
"control_pareto",1995,"mean_excess","p80",0.00375908537321921,2.52287995225578
"control_pareto",1995,"mean_excess","p81",0.0039030286447259,2.53025356953228
"control_pareto",1995,"mean_excess","p82",0.00406896356905318,2.55555032237718
"control_pareto",1995,"mean_excess","p83",0.00423518218298576,2.54630688486727
"control_pareto",1995,"mean_excess","p84",0.00443033425817295,2.55983885556666
"control_pareto",1995,"mean_excess","p85",0.00465470840715232,2.58688462998389
"control_pareto",1995,"mean_excess","p86",0.0049069163571149,2.61435113266525
"control_pareto",1995,"mean_excess","p87",0.00518900057821939,2.63526959976001
"control_pareto",1995,"mean_excess","p88",0.00550697348660544,2.64914474232346
"control_pareto",1995,"mean_excess","p89",0.00587197234311484,2.65834704726539
"control_pareto",1995,"mean_excess","p90",0.00630755166982257,2.68028679874533
"control_pareto",1995,"mean_excess","p91",0.00684884770199702,2.7343229228724
"control_pareto",1995,"mean_excess","p92",0.00745823231721063,2.72445175626475
"control_pareto",1995,"mean_excess","p93",0.00827328290180846,2.78358036867545
"control_pareto",1995,"mean_excess","p94",0.00924852592142622,2.76271114713101
"control_pareto",1995,"mean_excess","p95",0.0106022092757583,2.79203421679699
"control_pareto",1995,"mean_excess","p96",0.0126074275355321,2.88346050626367
"control_pareto",1995,"mean_excess","p97",0.0158100831006638,3.01660753873904
"control_pareto",1995,"mean_excess","p98",0.0215924471356643,3.09391464537931
"control_pareto",1995,"mean_excess","p99",0.0371161849645418,3.30700404215995
"control_pareto",1995,"max_to_sum","p1",0.0394436616160685,31.6847219693405
"control_pareto",1995,"max_to_sum","p2",0.394171715311525,3.96249559678715
"control_pareto",1995,"max_to_sum","p3",0.520357318358194,3.75128195497488
"control_pareto",1995,"max_to_sum","p4",0.58865602859859,4.14425913735259
"control_pareto",1996,"mean_excess","p80",0.00258711983092659,1.74340173042009
"control_pareto",1996,"mean_excess","p81",0.00266194638760716,1.72453225862668
"control_pareto",1996,"mean_excess","p82",0.00275100340939578,1.71766088649723
"control_pareto",1996,"mean_excess","p83",0.00284809631315881,1.71116020056324
"control_pareto",1996,"mean_excess","p84",0.00296314777762729,1.71731480671839
"control_pareto",1996,"mean_excess","p85",0.00308072884140393,1.70886965819797
"control_pareto",1996,"mean_excess","p86",0.0032157324999757,1.7062889034866
"control_pareto",1996,"mean_excess","p87",0.0033679158488118,1.70431794194786
"control_pareto",1996,"mean_excess","p88",0.00354193305077276,1.7042696549019
"control_pareto",1996,"mean_excess","p89",0.00373695966713554,1.69899391881338
"control_pareto",1996,"mean_excess","p90",0.00396159351061377,1.69193170387725
"control_pareto",1996,"mean_excess","p91",0.00421894959572011,1.67643770559449
"control_pareto",1996,"mean_excess","p92",0.00452867730411721,1.66380973836456
"control_pareto",1996,"mean_excess","p93",0.00492834323588957,1.66913667129443
"control_pareto",1996,"mean_excess","p94",0.0054382070442614,1.67917932779705
"control_pareto",1996,"mean_excess","p95",0.00611654403159856,1.69386889033065
"control_pareto",1996,"mean_excess","p96",0.00701501470698857,1.67998183423555
"control_pareto",1996,"mean_excess","p97",0.00824726466577468,1.60793432430076
"control_pareto",1996,"mean_excess","p98",0.0102898020140216,1.50806613828383
"control_pareto",1996,"mean_excess","p99",0.0154674603181064,1.48837507879872
"control_pareto",1996,"max_to_sum","p1",0.00712593086034742,28.2827589535754
"control_pareto",1996,"max_to_sum","p2",0.125663543798816,0.323234307609025
"control_pareto",1996,"max_to_sum","p3",0.292851398096929,0.0279539270572436
"control_pareto",1996,"max_to_sum","p4",0.416838964045924,0.00395808574191696
"control_pareto",1997,"mean_excess","p80",0.00262627385481594,1.79556728783354
"control_pareto",1997,"mean_excess","p81",0.00271368503782103,1.79524963930194
"control_pareto",1997,"mean_excess","p82",0.00281016194750425,1.79628673812619
"control_pareto",1997,"mean_excess","p83",0.00291255850300029,1.79178034752006
"control_pareto",1997,"mean_excess","p84",0.00302513670374499,1.78672253411809
"control_pareto",1997,"mean_excess","p85",0.00314697598403993,1.77731489225372
"control_pareto",1997,"mean_excess","p86",0.00328106685838641,1.76579615110338
"control_pareto",1997,"mean_excess","p87",0.00343306236816783,1.75593803211641
"control_pareto",1997,"mean_excess","p88",0.00362316011880629,1.76960857500286
"control_pareto",1997,"mean_excess","p89",0.00382180860848501,1.75905897106375
"control_pareto",1997,"mean_excess","p90",0.00404636869146685,1.74199824365736
"control_pareto",1997,"mean_excess","p91",0.00431879438949103,1.73521493888203
"control_pareto",1997,"mean_excess","p92",0.00463062173161478,1.7124499498363
"control_pareto",1997,"mean_excess","p93",0.005046934870528,1.72045168544946
"control_pareto",1997,"mean_excess","p94",0.00555469981628939,1.71335457716621
"control_pareto",1997,"mean_excess","p95",0.00620638596106865,1.69468819414377
"control_pareto",1997,"mean_excess","p96",0.00708214400189771,1.6616296007252
"control_pareto",1997,"mean_excess","p97",0.00844997656467119,1.65037587531511
"control_pareto",1997,"mean_excess","p98",0.01057592562522,1.54730400483493
"control_pareto",1997,"mean_excess","p99",0.0154374062322243,1.43008322452437
"control_pareto",1997,"max_to_sum","p1",0.0193586079816189,30.122964531611
"control_pareto",1997,"max_to_sum","p2",0.476468119791429,0.713690348926398
"control_pareto",1997,"max_to_sum","p3",0.738821025727402,0.268396137082208
"control_pareto",1997,"max_to_sum","p4",0.827889576199908,0.139673793447403
"control_pareto",1998,"mean_excess","p80",0.0026972093860218,1.83899641040548
"control_pareto",1998,"mean_excess","p81",0.00278390514722213,1.830593574412
"control_pareto",1998,"mean_excess","p82",0.0028850553380151,1.83402924018288
"control_pareto",1998,"mean_excess","p83",0.00298871501849658,1.8262312741454
"control_pareto",1998,"mean_excess","p84",0.00311032413511336,1.82972406010512
"control_pareto",1998,"mean_excess","p85",0.0032346891693744,1.81672820004122
"control_pareto",1998,"mean_excess","p86",0.00337933284845312,1.81267656181612
"control_pareto",1998,"mean_excess","p87",0.00353232018977759,1.79625270115019
"control_pareto",1998,"mean_excess","p88",0.00372480592733947,1.80399266158318
"control_pareto",1998,"mean_excess","p89",0.00393892838615853,1.80330679213256
"control_pareto",1998,"mean_excess","p90",0.00416162786977254,1.77354778179352
"control_pareto",1998,"mean_excess","p91",0.00444576296720596,1.76708452463755
"control_pareto",1998,"mean_excess","p92",0.0047927704937507,1.76650055122329
"control_pareto",1998,"mean_excess","p93",0.00520857231911004,1.75657930312687
"control_pareto",1998,"mean_excess","p94",0.00573599023135303,1.74952989624523
"control_pareto",1998,"mean_excess","p95",0.0064434216925393,1.75018322101403
"control_pareto",1998,"mean_excess","p96",0.00746168282205822,1.76911512754502
"control_pareto",1998,"mean_excess","p97",0.00900042670287282,1.79122548775023
"control_pareto",1998,"mean_excess","p98",0.0114071503186776,1.69272710530952
"control_pareto",1998,"mean_excess","p99",0.0161715850468235,1.41791268390391
"control_pareto",1998,"max_to_sum","p1",0.0100438329505949,31.8530273887802
"control_pareto",1998,"max_to_sum","p2",0.224184121950631,0.456557563463676
"control_pareto",1998,"max_to_sum","p3",0.51022232664977,0.0641787314982685
"control_pareto",1998,"max_to_sum","p4",0.687456859710688,0.0152389601663644
"control_pareto",1999,"mean_excess","p80",0.00301388441203295,2.05157663927604
"control_pareto",1999,"mean_excess","p81",0.00312113644223481,2.05423555607876
"control_pareto",1999,"mean_excess","p82",0.00324087149760361,2.06173102845852
"control_pareto",1999,"mean_excess","p83",0.00336623631052501,2.0590439645862
"control_pareto",1999,"mean_excess","p84",0.0035026728925368,2.05218229930534
"control_pareto",1999,"mean_excess","p85",0.0036553697581193,2.04853930157757
"control_pareto",1999,"mean_excess","p86",0.00383521988972791,2.05824703665162
"control_pareto",1999,"mean_excess","p87",0.00402125502961658,2.04278985324715
"control_pareto",1999,"mean_excess","p88",0.00424563833625021,2.04695558627678
"control_pareto",1999,"mean_excess","p89",0.0045030155011194,2.04881984515485
"control_pareto",1999,"mean_excess","p90",0.00480100643086508,2.05019572553912
"control_pareto",1999,"mean_excess","p91",0.00516398727080968,2.06215581902026
"control_pareto",1999,"mean_excess","p92",0.00559129333668755,2.0629656042813
"control_pareto",1999,"mean_excess","p93",0.00610643743418667,2.05297655676015
"control_pareto",1999,"mean_excess","p94",0.00672704267691689,2.01085793390212
"control_pareto",1999,"mean_excess","p95",0.00762091998777038,2.03174611279317
"control_pareto",1999,"mean_excess","p96",0.00888540631143913,2.0536946973521
"control_pareto",1999,"mean_excess","p97",0.010926768591168,2.12835053904308
"control_pareto",1999,"mean_excess","p98",0.0143452514330524,2.1069161807735
"control_pareto",1999,"mean_excess","p99",0.0229044106685527,2.07908656608845
"control_pareto",1999,"max_to_sum","p1",0.0257292404964578,34.7791795749661
"control_pareto",1999,"max_to_sum","p2",0.504831952146584,1.58615550945185
"control_pareto",1999,"max_to_sum","p3",0.77497517593169,0.924594076661901
"control_pareto",1999,"max_to_sum","p4",0.889426276520298,0.720900359091692
"control_pareto",2000,"mean_excess","p80",7.19743964589612e-06,2.46430759132147
"control_pareto",2000,"mean_excess","p81",7.47281407987006e-06,2.47279816425279
"control_pareto",2000,"mean_excess","p82",7.77170342888045e-06,2.47959192588015
"control_pareto",2000,"mean_excess","p83",8.10312067222606e-06,2.48769915423804
"control_pareto",2000,"mean_excess","p84",8.47271623090194e-06,2.50003067343016
"control_pareto",2000,"mean_excess","p85",8.89822592271773e-06,2.52447723705225
"control_pareto",2000,"mean_excess","p86",9.36946130630284e-06,2.54308735964492
"control_pareto",2000,"mean_excess","p87",9.90357415333024e-06,2.56396262360905
"control_pareto",2000,"mean_excess","p88",1.05066075999358e-05,2.57703267056923
"control_pareto",2000,"mean_excess","p89",1.12170205395875e-05,2.60325232194665
"control_pareto",2000,"mean_excess","p90",1.20468618625703e-05,2.62460394127678
"control_pareto",2000,"mean_excess","p91",1.30179816910138e-05,2.63724468533498
"control_pareto",2000,"mean_excess","p92",1.42393440920577e-05,2.67639897596635
"control_pareto",2000,"mean_excess","p93",1.57318128396413e-05,2.69910108622764
"control_pareto",2000,"mean_excess","p94",1.76697608587266e-05,2.73684332692569
"control_pareto",2000,"mean_excess","p95",2.02893613945484e-05,2.78057827302853
"control_pareto",2000,"mean_excess","p96",2.40407000663892e-05,2.84059897074788
"control_pareto",2000,"mean_excess","p97",2.99412049060384e-05,2.90699638724662
"control_pareto",2000,"mean_excess","p98",4.09916599623264e-05,3.04585457929528
"control_pareto",2000,"mean_excess","p99",7.17832641058399e-05,3.45029192808473
"control_pareto",2000,"max_to_sum","p1",0.104261515644623,0.0845960398392432
"control_pareto",2000,"max_to_sum","p2",0.954152122684802,8.15324538349061e-05
"control_pareto",2000,"max_to_sum","p3",0.996337923400728,6.88676938185043e-07
"control_pareto",2000,"max_to_sum","p4",0.999571147234347,6.05455956833076e-09
"control_pareto",2001,"mean_excess","p80",5.52185006271028e-06,1.8871750145032
"control_pareto",2001,"mean_excess","p81",5.71629722353463e-06,1.89308598030713
"control_pareto",2001,"mean_excess","p82",5.91139999006148e-06,1.88271519305598
"control_pareto",2001,"mean_excess","p83",6.13950871690302e-06,1.88575708481574
"control_pareto",2001,"mean_excess","p84",6.37817929470052e-06,1.87810168444101
"control_pareto",2001,"mean_excess","p85",6.65270672025721e-06,1.87840017795925
"control_pareto",2001,"mean_excess","p86",6.9599529812637e-06,1.87913632318464
"control_pareto",2001,"mean_excess","p87",7.31413946719077e-06,1.88513081447665
"control_pareto",2001,"mean_excess","p88",7.69222470551396e-06,1.87534524914222
"control_pareto",2001,"mean_excess","p89",8.12247759584317e-06,1.86367577933685
"control_pareto",2001,"mean_excess","p90",8.6542101691775e-06,1.87122455970059
"control_pareto",2001,"mean_excess","p91",9.23062399329224e-06,1.84823974119165
"control_pareto",2001,"mean_excess","p92",9.94598230094778e-06,1.83955447422769
"control_pareto",2001,"mean_excess","p93",1.08269886412801e-05,1.83161558355587
"control_pareto",2001,"mean_excess","p94",1.19007019245929e-05,1.80648587548023
"control_pareto",2001,"mean_excess","p95",1.33238271309319e-05,1.78656456599757
"control_pareto",2001,"mean_excess","p96",1.52399067293411e-05,1.74415189651599
"control_pareto",2001,"mean_excess","p97",1.82796238034687e-05,1.74109056420593
"control_pareto",2001,"mean_excess","p98",2.36275155661882e-05,1.73864974639373
"control_pareto",2001,"mean_excess","p99",3.60605281032741e-05,1.66323225729855
"control_pareto",2001,"max_to_sum","p1",0.0163517610672926,0.078086260209862
"control_pareto",2001,"max_to_sum","p2",0.425912940247518,3.82787261905991e-06
"control_pareto",2001,"max_to_sum","p3",0.736454217732217,2.82664790440939e-09
"control_pareto",2001,"max_to_sum","p4",0.849762745093562,3.12794377353607e-12
"control_pareto",2002,"mean_excess","p80",6.08369160343691e-06,2.10065998556234
"control_pareto",2002,"mean_excess","p81",6.29660685501048e-06,2.0981327300568
"control_pareto",2002,"mean_excess","p82",6.53612438816855e-06,2.10333012729176
"control_pareto",2002,"mean_excess","p83",6.79490100342018e-06,2.10363487112885
"control_pareto",2002,"mean_excess","p84",7.08373069192869e-06,2.10675857364591
"control_pareto",2002,"mean_excess","p85",7.41684187863062e-06,2.1217564564056
"control_pareto",2002,"mean_excess","p86",7.77324503297686e-06,2.12169544720356
"control_pareto",2002,"mean_excess","p87",8.18180508794362e-06,2.1267345742335
"control_pareto",2002,"mean_excess","p88",8.65056124671746e-06,2.13595906081939
"control_pareto",2002,"mean_excess","p89",9.16304867360354e-06,2.12458748131271
"control_pareto",2002,"mean_excess","p90",9.77328513423588e-06,2.12186256884715
"control_pareto",2002,"mean_excess","p91",1.05250348534168e-05,2.13931080596353
"control_pareto",2002,"mean_excess","p92",1.13990086681804e-05,2.1354723988965
"control_pareto",2002,"mean_excess","p93",1.24778113999668e-05,2.13054235393462
"control_pareto",2002,"mean_excess","p94",1.38588408334248e-05,2.13326206725856
"control_pareto",2002,"mean_excess","p95",1.56882912343452e-05,2.13315807144815
"control_pareto",2002,"mean_excess","p96",1.84863886605472e-05,2.21091112247964
"control_pareto",2002,"mean_excess","p97",2.25275834240012e-05,2.21318335391143
"control_pareto",2002,"mean_excess","p98",2.94038841738884e-05,2.13578895506603
"control_pareto",2002,"mean_excess","p99",4.67425513898069e-05,2.09992998037827
"control_pareto",2002,"max_to_sum","p1",0.0198117001015027,0.0830343884894372
"control_pareto",2002,"max_to_sum","p2",0.396069684830379,6.83262948874487e-06
"control_pareto",2002,"max_to_sum","p3",0.656870662643392,6.77734111464226e-09
"control_pareto",2002,"max_to_sum","p4",0.77855110808382,9.40658145103714e-12
"control_pareto",2003,"mean_excess","p80",6.52491385562017e-06,2.20960102669047
"control_pareto",2003,"mean_excess","p81",6.76489781533001e-06,2.21566313614532
"control_pareto",2003,"mean_excess","p82",7.02469440162438e-06,2.21898899204563
"control_pareto",2003,"mean_excess","p83",7.3122226688721e-06,2.22347645413229
"control_pareto",2003,"mean_excess","p84",7.62558367851286e-06,2.22477945759651
"control_pareto",2003,"mean_excess","p85",7.98028667308364e-06,2.23180444685505
"control_pareto",2003,"mean_excess","p86",8.38691189402958e-06,2.24538817578831
"control_pareto",2003,"mean_excess","p87",8.81271140707027e-06,2.23353979476578
"control_pareto",2003,"mean_excess","p88",9.30416945739468e-06,2.22708246798774
"control_pareto",2003,"mean_excess","p89",9.90354282450646e-06,2.24305761836602
"control_pareto",2003,"mean_excess","p90",1.06119507523512e-05,2.26633822931872
"control_pareto",2003,"mean_excess","p91",1.13940914644184e-05,2.25309537709728
"control_pareto",2003,"mean_excess","p92",1.24132598067456e-05,2.2810808404709
"control_pareto",2003,"mean_excess","p93",1.36685423477584e-05,2.30735918638808
"control_pareto",2003,"mean_excess","p94",1.52610826589351e-05,2.32853709299989
"control_pareto",2003,"mean_excess","p95",1.73873219481493e-05,2.34739651671322
"control_pareto",2003,"mean_excess","p96",2.03028835993039e-05,2.33853975361549
"control_pareto",2003,"mean_excess","p97",2.47773973664067e-05,2.32365150583749
"control_pareto",2003,"mean_excess","p98",3.3081488164215e-05,2.36112547430331
"control_pareto",2003,"mean_excess","p99",5.53416338058474e-05,2.56821296818018
"control_pareto",2003,"max_to_sum","p1",0.041611289084996,0.0881392476821857
"control_pareto",2003,"max_to_sum","p2",0.696546078915129,1.93112847156417e-05
"control_pareto",2003,"max_to_sum","p3",0.89598931510637,5.50603157291095e-08
"control_pareto",2003,"max_to_sum","p4",0.957779207359829,1.88910732835282e-10
"control_pareto",2004,"mean_excess","p80",5.26698839685753e-06,1.80130974792659
"control_pareto",2004,"mean_excess","p81",5.45707229868835e-06,1.81348119819326
"control_pareto",2004,"mean_excess","p82",5.65382779176445e-06,1.81665187326444
"control_pareto",2004,"mean_excess","p83",5.87153616556478e-06,1.82098920960222
"control_pareto",2004,"mean_excess","p84",6.10672717299779e-06,1.82212264788981
"control_pareto",2004,"mean_excess","p85",6.36404631023799e-06,1.81995589348854
"control_pareto",2004,"mean_excess","p86",6.64961033767705e-06,1.81634994200986
"control_pareto",2004,"mean_excess","p87",6.96260509257991e-06,1.80792608858048
"control_pareto",2004,"mean_excess","p88",7.32116658776193e-06,1.80110887721285
"control_pareto",2004,"mean_excess","p89",7.72314680449968e-06,1.78872564577859
"control_pareto",2004,"mean_excess","p90",8.20086424251258e-06,1.78382120453079
"control_pareto",2004,"mean_excess","p91",8.7565934532696e-06,1.77407715447632
"control_pareto",2004,"mean_excess","p92",9.38466882768116e-06,1.74643828341148
"control_pareto",2004,"mean_excess","p93",1.02032240555998e-05,1.74029478930522
"control_pareto",2004,"mean_excess","p94",1.12121490840532e-05,1.72347776656543
"control_pareto",2004,"mean_excess","p95",1.25400615237985e-05,1.708902040732
"control_pareto",2004,"mean_excess","p96",1.42827623756934e-05,1.66440845827329
"control_pareto",2004,"mean_excess","p97",1.69179925860681e-05,1.62216135153762
"control_pareto",2004,"mean_excess","p98",2.142119692805e-05,1.57092901546037
"control_pareto",2004,"mean_excess","p99",3.11007426584178e-05,1.42871222894624
"control_pareto",2004,"max_to_sum","p1",0.00547713257332962,0.082969459502087
"control_pareto",2004,"max_to_sum","p2",0.108831422147112,1.8975303185103e-06
"control_pareto",2004,"max_to_sum","p3",0.284081671371458,3.30347730576864e-10
"control_pareto",2004,"max_to_sum","p4",0.425634339495361,1.00195772321547e-13
"control_pareto",2005,"mean_excess","p80",5.56209264264365e-06,1.92753915361784
"control_pareto",2005,"mean_excess","p81",5.75208450854928e-06,1.92639927416387
"control_pareto",2005,"mean_excess","p82",5.94346575252619e-06,1.91060063161211
"control_pareto",2005,"mean_excess","p83",6.15572237912422e-06,1.89724764916755
"control_pareto",2005,"mean_excess","p84",6.40072785585495e-06,1.89357394890673
"control_pareto",2005,"mean_excess","p85",6.67363043896471e-06,1.89178765325075
"control_pareto",2005,"mean_excess","p86",6.96942421673474e-06,1.88237119244806
"control_pareto",2005,"mean_excess","p87",7.30499080496905e-06,1.87511081232888
"control_pareto",2005,"mean_excess","p88",7.69828196943075e-06,1.87627097977324
"control_pareto",2005,"mean_excess","p89",8.15433797487466e-06,1.8803781760633
"control_pareto",2005,"mean_excess","p90",8.68060759409697e-06,1.88276352244187
"control_pareto",2005,"mean_excess","p91",9.31652359916457e-06,1.89254013205146
"control_pareto",2005,"mean_excess","p92",1.00317829022876e-05,1.87612062861969
"control_pareto",2005,"mean_excess","p93",1.09533249934074e-05,1.88039253279583
"control_pareto",2005,"mean_excess","p94",1.19918333604797e-05,1.82873714531007
"control_pareto",2005,"mean_excess","p95",1.34562178496342e-05,1.81849486158884
"control_pareto",2005,"mean_excess","p96",1.5404861357638e-05,1.77806807242428
"control_pareto",2005,"mean_excess","p97",1.85695989496244e-05,1.79224921831806
"control_pareto",2005,"mean_excess","p98",2.38141556296222e-05,1.742186515206
"control_pareto",2005,"mean_excess","p99",3.69752408879724e-05,1.73922323892481
"control_pareto",2005,"max_to_sum","p1",0.0286900916960053,0.0858694455841355
"control_pareto",2005,"max_to_sum","p2",0.756839299352753,8.01931947584831e-06
"control_pareto",2005,"max_to_sum","p3",0.972432928690875,1.53763100985675e-08
"control_pareto",2005,"max_to_sum","p4",0.995628772778201,3.69985702575134e-11
"control_pareto",2006,"mean_excess","p80",5.57336544685352e-06,1.91279045755299
"control_pareto",2006,"mean_excess","p81",5.75712155286544e-06,1.90592767483304
"control_pareto",2006,"mean_excess","p82",5.96917782486538e-06,1.90967509502914
"control_pareto",2006,"mean_excess","p83",6.19266616023145e-06,1.9053595685839
"control_pareto",2006,"mean_excess","p84",6.44855893447672e-06,1.90929412723548
"control_pareto",2006,"mean_excess","p85",6.71253687033165e-06,1.89782713013341
"control_pareto",2006,"mean_excess","p86",7.01857820438274e-06,1.89455629125242
"control_pareto",2006,"mean_excess","p87",7.35669165052509e-06,1.88670195172523
"control_pareto",2006,"mean_excess","p88",7.74660067494894e-06,1.88317800738801
"control_pareto",2006,"mean_excess","p89",8.19924127356181e-06,1.88287115326753
"control_pareto",2006,"mean_excess","p90",8.6932047047379e-06,1.86446718900519
"control_pareto",2006,"mean_excess","p91",9.29129065342123e-06,1.85399795983687
"control_pareto",2006,"mean_excess","p92",1.00558880516204e-05,1.86689925694443
"control_pareto",2006,"mean_excess","p93",1.09606814520135e-05,1.86345081804433
"control_pareto",2006,"mean_excess","p94",1.20997360072391e-05,1.85596828971229
"control_pareto",2006,"mean_excess","p95",1.35452704323999e-05,1.83060953968151
"control_pareto",2006,"mean_excess","p96",1.55640686361863e-05,1.8067691640441
"control_pareto",2006,"mean_excess","p97",1.87777126436418e-05,1.81981635037911
"control_pareto",2006,"mean_excess","p98",2.45300935035187e-05,1.84569117940281
"control_pareto",2006,"mean_excess","p99",3.83730369354984e-05,1.84294405155784
"control_pareto",2006,"max_to_sum","p1",0.0119211038056146,0.0881041615218729
"control_pareto",2006,"max_to_sum","p2",0.241731662269319,4.56343895912182e-06
"control_pareto",2006,"max_to_sum","p3",0.446412058110373,2.59539079180536e-09
"control_pareto",2006,"max_to_sum","p4",0.591565314448686,2.05706903405236e-12
"control_pareto",2007,"mean_excess","p80",5.30624910772555e-06,1.81296740109404
"control_pareto",2007,"mean_excess","p81",5.47317763709985e-06,1.80275595541798
"control_pareto",2007,"mean_excess","p82",5.66769853203645e-06,1.80372069004374
"control_pareto",2007,"mean_excess","p83",5.88312615689707e-06,1.80607076608262
"control_pareto",2007,"mean_excess","p84",6.1133262151547e-06,1.80304440813913
"control_pareto",2007,"mean_excess","p85",6.37832005007013e-06,1.80793910998901
"control_pareto",2007,"mean_excess","p86",6.68439709213619e-06,1.8197149470774
"control_pareto",2007,"mean_excess","p87",6.99593247546243e-06,1.80867089663962
"control_pareto",2007,"mean_excess","p88",7.35095092458731e-06,1.79852112959944
"control_pareto",2007,"mean_excess","p89",7.77258668314402e-06,1.79714010781736
"control_pareto",2007,"mean_excess","p90",8.26029259336869e-06,1.79540997922055
"control_pareto",2007,"mean_excess","p91",8.80870987224371e-06,1.77978656847155
"control_pareto",2007,"mean_excess","p92",9.44277052062946e-06,1.75155155060828
"control_pareto",2007,"mean_excess","p93",1.02531785631886e-05,1.73975364870569
"control_pareto",2007,"mean_excess","p94",1.1345792629482e-05,1.75621943678875
"control_pareto",2007,"mean_excess","p95",1.27338499629304e-05,1.75254726602099
"control_pareto",2007,"mean_excess","p96",1.46017399665707e-05,1.7303974652991
"control_pareto",2007,"mean_excess","p97",1.7408890832926e-05,1.70377042239511
"control_pareto",2007,"mean_excess","p98",2.2724398584521e-05,1.75570257410705
"control_pareto",2007,"mean_excess","p99",3.44830998566952e-05,1.67438464616222
"control_pareto",2007,"max_to_sum","p1",0.00980739056530306,0.0886659879954303
"control_pareto",2007,"max_to_sum","p2",0.214886680598669,3.51893755175775e-06
"control_pareto",2007,"max_to_sum","p3",0.371257177564211,1.77115564198224e-09
"control_pareto",2007,"max_to_sum","p4",0.433865845988391,1.31791272224762e-12
"control_pareto",2008,"mean_excess","p80",7.70191389884235e-06,2.67793039837723
"control_pareto",2008,"mean_excess","p81",8.00766396452832e-06,2.69356849411336
"control_pareto",2008,"mean_excess","p82",8.33484385043422e-06,2.69986102996484
"control_pareto",2008,"mean_excess","p83",8.70087240175286e-06,2.71260145965899
"control_pareto",2008,"mean_excess","p84",9.10619510535186e-06,2.72510545830394
"control_pareto",2008,"mean_excess","p85",9.5606732095557e-06,2.73884240660979
"control_pareto",2008,"mean_excess","p86",1.00651826023664e-05,2.74812406559643
"control_pareto",2008,"mean_excess","p87",1.06300532829229e-05,2.75120093497245
"control_pareto",2008,"mean_excess","p88",1.12927878472348e-05,2.7693942857799
"control_pareto",2008,"mean_excess","p89",1.2050408073955e-05,2.78005767743855
"control_pareto",2008,"mean_excess","p90",1.29467127813455e-05,2.79525838822405
"control_pareto",2008,"mean_excess","p91",1.40552769769405e-05,2.84254049024273
"control_pareto",2008,"mean_excess","p92",1.53605219381889e-05,2.86161000988913
"control_pareto",2008,"mean_excess","p93",1.69992897725941e-05,2.88869823035226
"control_pareto",2008,"mean_excess","p94",1.91866076498965e-05,2.96095553432703
"control_pareto",2008,"mean_excess","p95",2.20736920151865e-05,3.00159249537741
"control_pareto",2008,"mean_excess","p96",2.62552927295417e-05,3.07304115256376
"control_pareto",2008,"mean_excess","p97",3.289615262106e-05,3.17377577811709
"control_pareto",2008,"mean_excess","p98",4.52815838207381e-05,3.3211622734331
"control_pareto",2008,"mean_excess","p99",7.97377210323848e-05,3.74428916307974
"control_pareto",2008,"max_to_sum","p1",0.108168902005485,0.103704742465381
"control_pareto",2008,"max_to_sum","p2",0.934727116885778,0.000134622371046068
"control_pareto",2008,"max_to_sum","p3",0.991986774307863,1.42297488167698e-06
"control_pareto",2008,"max_to_sum","p4",0.998792570490433,1.58536348625172e-08
"control_pareto",2009,"mean_excess","p80",7.23698692132525e-06,2.50495890627602
"control_pareto",2009,"mean_excess","p81",7.52494783516409e-06,2.52515385550434
"control_pareto",2009,"mean_excess","p82",7.83313960728161e-06,2.53720088578442
"control_pareto",2009,"mean_excess","p83",8.18604210395308e-06,2.56539195551038
"control_pareto",2009,"mean_excess","p84",8.55587401450627e-06,2.57012489941264
"control_pareto",2009,"mean_excess","p85",8.97275886569043e-06,2.57984515119771
"control_pareto",2009,"mean_excess","p86",9.4560513068851e-06,2.60454001978942
"control_pareto",2009,"mean_excess","p87",9.97161157437001e-06,2.60143026646552
"control_pareto",2009,"mean_excess","p88",1.05744607541192e-05,2.60920934907504
"control_pareto",2009,"mean_excess","p89",1.12659293360861e-05,2.61248944610434
"control_pareto",2009,"mean_excess","p90",1.20904341149322e-05,2.62974397094261
"control_pareto",2009,"mean_excess","p91",1.31114969726301e-05,2.67383099222259
"control_pareto",2009,"mean_excess","p92",1.43329672737105e-05,2.70448345892469
"control_pareto",2009,"mean_excess","p93",1.59341122526505e-05,2.78601471242906
"control_pareto",2009,"mean_excess","p94",1.79524221218551e-05,2.84808510020515
"control_pareto",2009,"mean_excess","p95",2.06652925489356e-05,2.90761505678725
"control_pareto",2009,"mean_excess","p96",2.45352537635484e-05,2.96956912866653
"control_pareto",2009,"mean_excess","p97",3.04830585166359e-05,2.99965150318455
"control_pareto",2009,"mean_excess","p98",4.23235982417525e-05,3.26659106837305
"control_pareto",2009,"mean_excess","p99",7.30305699764721e-05,3.43001626747686
"control_pareto",2009,"max_to_sum","p1",0.101190722041196,0.100659226528567
"control_pareto",2009,"max_to_sum","p2",0.929503572851576,0.00011161883979761
"control_pareto",2009,"max_to_sum","p3",0.988508414849311,1.06906098529661e-06
"control_pareto",2009,"max_to_sum","p4",0.997612864659972,1.07898422194936e-08
"control_pareto",2010,"mean_excess","p80",6.53745399840164e-06,2.23363457727149
"control_pareto",2010,"mean_excess","p81",6.78681995366484e-06,2.24840346319877
"control_pareto",2010,"mean_excess","p82",7.0431505582526e-06,2.24544984185315
"control_pareto",2010,"mean_excess","p83",7.32685105001259e-06,2.24553771094349
"control_pareto",2010,"mean_excess","p84",7.66085736331114e-06,2.26403302291638
"control_pareto",2010,"mean_excess","p85",8.03579939173454e-06,2.2867499584085
"control_pareto",2010,"mean_excess","p86",8.43103698525325e-06,2.28632635083498
"control_pareto",2010,"mean_excess","p87",8.87814004707267e-06,2.28780800856167
"control_pareto",2010,"mean_excess","p88",9.38412089640031e-06,2.28547200064136
"control_pareto",2010,"mean_excess","p89",9.98118270257356e-06,2.29346182480605
"control_pareto",2010,"mean_excess","p90",1.06804490812756e-05,2.30405842451728
"control_pareto",2010,"mean_excess","p91",1.15215467543633e-05,2.32066403338967
"control_pareto",2010,"mean_excess","p92",1.2527619266097e-05,2.33243720584966
"control_pareto",2010,"mean_excess","p93",1.37449803034886e-05,2.3255427221443
"control_pareto",2010,"mean_excess","p94",1.53624059926153e-05,2.35317435624069
"control_pareto",2010,"mean_excess","p95",1.75425395361524e-05,2.38772636868185
"control_pareto",2010,"mean_excess","p96",2.05520979035173e-05,2.39686246752504
"control_pareto",2010,"mean_excess","p97",2.50823832501288e-05,2.36768278817123
"control_pareto",2010,"mean_excess","p98",3.35980834794027e-05,2.42710482361417
"control_pareto",2010,"mean_excess","p99",5.53114073731801e-05,2.48092753061323
"control_pareto",2010,"max_to_sum","p1",0.0443873825693017,0.0977664817367429
"control_pareto",2010,"max_to_sum","p2",0.766393145598615,2.45723919669269e-05
"control_pareto",2010,"max_to_sum","p3",0.944054629150787,8.65668158269026e-08
"control_pareto",2010,"max_to_sum","p4",0.983844386859429,3.60472119661507e-10
"control_pareto",2011,"mean_excess","p80",5.74568723083824e-06,1.98383667669886
"control_pareto",2011,"mean_excess","p81",5.95418378325234e-06,1.99312659633745
"control_pareto",2011,"mean_excess","p82",6.17396271862849e-06,1.99413946521409
"control_pareto",2011,"mean_excess","p83",6.42038758897146e-06,2.00064070368143
"control_pareto",2011,"mean_excess","p84",6.69213293222261e-06,2.00707747136883
"control_pareto",2011,"mean_excess","p85",7.00308437456526e-06,2.02066051721245
"control_pareto",2011,"mean_excess","p86",7.3522484945279e-06,2.03600534714901
"control_pareto",2011,"mean_excess","p87",7.72631695200342e-06,2.03577266067021
"control_pareto",2011,"mean_excess","p88",8.12936554543659e-06,2.01820559469187
"control_pareto",2011,"mean_excess","p89",8.63837005428822e-06,2.03408293968093
"control_pareto",2011,"mean_excess","p90",9.19658693722835e-06,2.02668975517763
"control_pareto",2011,"mean_excess","p91",9.88386821309557e-06,2.03482378754059
"control_pareto",2011,"mean_excess","p92",1.07041058739245e-05,2.03929354457402
"control_pareto",2011,"mean_excess","p93",1.16935027688389e-05,2.03242063753752
"control_pareto",2011,"mean_excess","p94",1.29897458526869e-05,2.04203866292573
"control_pareto",2011,"mean_excess","p95",1.4629165810562e-05,2.02282543268377
"control_pareto",2011,"mean_excess","p96",1.69862211023107e-05,2.02282063091192
"control_pareto",2011,"mean_excess","p97",2.0556511247331e-05,2.00869076124374
"control_pareto",2011,"mean_excess","p98",2.67997026568008e-05,1.98261391807668
"control_pareto",2011,"mean_excess","p99",4.23087927197643e-05,1.96430448722555
"control_pareto",2011,"max_to_sum","p1",0.0216401331754547,0.0933080126902053
"control_pareto",2011,"max_to_sum","p2",0.366744535043304,1.1117165903127e-05
"control_pareto",2011,"max_to_sum","p3",0.481073432526596,1.71129638601195e-08
"control_pareto",2011,"max_to_sum","p4",0.54142560116322,3.07027084170927e-11
"control_pareto",2012,"mean_excess","p80",6.19064805224885e-06,2.0857146904101
"control_pareto",2012,"mean_excess","p81",6.41469219902383e-06,2.09131036887611
"control_pareto",2012,"mean_excess","p82",6.65861757525088e-06,2.09600796695705
"control_pareto",2012,"mean_excess","p83",6.9349691244706e-06,2.10874636471746
"control_pareto",2012,"mean_excess","p84",7.22645609339961e-06,2.10928698846686
"control_pareto",2012,"mean_excess","p85",7.55913888406174e-06,2.11720735682523
"control_pareto",2012,"mean_excess","p86",7.90975024217092e-06,2.1075065809084
"control_pareto",2012,"mean_excess","p87",8.32504094737361e-06,2.11353356540691
"control_pareto",2012,"mean_excess","p88",8.78775034135935e-06,2.1118062609373
"control_pareto",2012,"mean_excess","p89",9.31291042087683e-06,2.10520917245709
"control_pareto",2012,"mean_excess","p90",9.92664556131319e-06,2.10024142820771
"control_pareto",2012,"mean_excess","p91",1.06390334684738e-05,2.08717974320732
"control_pareto",2012,"mean_excess","p92",1.15048001271789e-05,2.07883497631596
"control_pareto",2012,"mean_excess","p93",1.26256332946276e-05,2.09617154229272
"control_pareto",2012,"mean_excess","p94",1.40829512267231e-05,2.12698848975997
"control_pareto",2012,"mean_excess","p95",1.60121797549868e-05,2.15571829689166
"control_pareto",2012,"mean_excess","p96",1.87138984931831e-05,2.17844341559348
"control_pareto",2012,"mean_excess","p97",2.28435599460888e-05,2.19687267987532
"control_pareto",2012,"mean_excess","p98",3.02001590633473e-05,2.20250081666341
"control_pareto",2012,"mean_excess","p99",4.8499253546077e-05,2.20527989115895
"control_pareto",2012,"max_to_sum","p1",0.0501117275405527,0.0971810600518908
"control_pareto",2012,"max_to_sum","p2",0.909773276611608,2.6068067553731e-05
"control_pareto",2012,"max_to_sum","p3",0.995973478276924,1.15961879745149e-07
"control_pareto",2012,"max_to_sum","p4",0.999718349423818,5.62608596493784e-10
"control_pareto",2013,"mean_excess","p80",5.21159355297616e-06,1.81150608231557
"control_pareto",2013,"mean_excess","p81",5.37917476238648e-06,1.80467450983707
"control_pareto",2013,"mean_excess","p82",5.5738117772724e-06,1.80874683852379
"control_pareto",2013,"mean_excess","p83",5.78211527335417e-06,1.80783545919452
"control_pareto",2013,"mean_excess","p84",6.01972114888719e-06,1.81437846203047
"control_pareto",2013,"mean_excess","p85",6.26249630822325e-06,1.80364705602361
"control_pareto",2013,"mean_excess","p86",6.53003002280488e-06,1.79141325742041
"control_pareto",2013,"mean_excess","p87",6.83812200280446e-06,1.78446538079223
"control_pareto",2013,"mean_excess","p88",7.2098778071434e-06,1.79216964725947
"control_pareto",2013,"mean_excess","p89",7.60454072098524e-06,1.78004586815669
"control_pareto",2013,"mean_excess","p90",8.10018937807222e-06,1.78975009222455
"control_pareto",2013,"mean_excess","p91",8.62935706894e-06,1.76962352814534
"control_pareto",2013,"mean_excess","p92",9.3098980858389e-06,1.77306247667705
"control_pareto",2013,"mean_excess","p93",1.01201880201161e-05,1.76314039053543
"control_pareto",2013,"mean_excess","p94",1.11669173594913e-05,1.76495172699533
"control_pareto",2013,"mean_excess","p95",1.24843982761299e-05,1.7420198998724
"control_pareto",2013,"mean_excess","p96",1.43537870962782e-05,1.73273566642396
"control_pareto",2013,"mean_excess","p97",1.72049350036476e-05,1.72813671151127
"control_pareto",2013,"mean_excess","p98",2.22039197292007e-05,1.71970545320249
"control_pareto",2013,"mean_excess","p99",3.45501504799745e-05,1.73933374177984
"control_pareto",2013,"max_to_sum","p1",0.0205893851483009,0.0910265154973375
"control_pareto",2013,"max_to_sum","p2",0.512387936701801,6.85525628021562e-06
"control_pareto",2013,"max_to_sum","p3",0.712913118694218,9.23415757407555e-09
"control_pareto",2013,"max_to_sum","p4",0.787529517091479,1.56667294332361e-11
"control_pareto",2014,"mean_excess","p80",5.8587774519073e-06,1.99095610580503
"control_pareto",2014,"mean_excess","p81",6.06664223494935e-06,1.99542573575972
"control_pareto",2014,"mean_excess","p82",6.28691134386784e-06,1.99293360606852
"control_pareto",2014,"mean_excess","p83",6.53400034645859e-06,1.99605428160569
"control_pareto",2014,"mean_excess","p84",6.79589466855856e-06,1.98995323251771
"control_pareto",2014,"mean_excess","p85",7.08805271257363e-06,1.98437075279239
"control_pareto",2014,"mean_excess","p86",7.42570167242323e-06,1.98849213360744
"control_pareto",2014,"mean_excess","p87",7.80296482711277e-06,1.99028662626473
"control_pareto",2014,"mean_excess","p88",8.22084033068142e-06,1.98344425427965
"control_pareto",2014,"mean_excess","p89",8.71018073589054e-06,1.98383518794036
"control_pareto",2014,"mean_excess","p90",9.25025920889688e-06,1.9659718185344
"control_pareto",2014,"mean_excess","p91",9.90768546502122e-06,1.95862016121808
"control_pareto",2014,"mean_excess","p92",1.07012356953392e-05,1.95441667505694
"control_pareto",2014,"mean_excess","p93",1.1633995899771e-05,1.92883855904346
"control_pareto",2014,"mean_excess","p94",1.28163503128524e-05,1.90318262266902
"control_pareto",2014,"mean_excess","p95",1.44172136904911e-05,1.89354260424012
"control_pareto",2014,"mean_excess","p96",1.67152413808594e-05,1.9036055602048
"control_pareto",2014,"mean_excess","p97",2.02513403130487e-05,1.91824259279797
"control_pareto",2014,"mean_excess","p98",2.64528518025907e-05,1.92566986257498
"control_pareto",2014,"mean_excess","p99",4.15598630579317e-05,1.90112586530054
"control_pareto",2014,"max_to_sum","p1",0.0119953058731804,0.0950685146744296
"control_pareto",2014,"max_to_sum","p2",0.211925736041066,6.13638176250407e-06
"control_pareto",2014,"max_to_sum","p3",0.329801509589695,4.49667465911838e-09
"control_pareto",2014,"max_to_sum","p4",0.396893693812587,4.26106287829835e-12
"control_pareto",2015,"mean_excess","p80",5.94737305929835e-06,2.03768657670264
"control_pareto",2015,"mean_excess","p81",6.16430303036303e-06,2.04631566036788
"control_pareto",2015,"mean_excess","p82",6.38787169030123e-06,2.04207432018388
"control_pareto",2015,"mean_excess","p83",6.64153835907361e-06,2.04553932260186
"control_pareto",2015,"mean_excess","p84",6.92258191663049e-06,2.05061741911633
"control_pareto",2015,"mean_excess","p85",7.23905808067523e-06,2.05884351098502
"control_pareto",2015,"mean_excess","p86",7.57964378702389e-06,2.05593128377088
"control_pareto",2015,"mean_excess","p87",7.95155239340209e-06,2.04413766807936
"control_pareto",2015,"mean_excess","p88",8.4121353861763e-06,2.05979125404086
"control_pareto",2015,"mean_excess","p89",8.93248329212297e-06,2.06862936141475
"control_pareto",2015,"mean_excess","p90",9.55764917714539e-06,2.08963889786748
"control_pareto",2015,"mean_excess","p91",1.02571177842649e-05,2.08558221237381
"control_pareto",2015,"mean_excess","p92",1.1127707404888e-05,2.09695854293446
"control_pareto",2015,"mean_excess","p93",1.22024308852468e-05,2.10826680618496
"control_pareto",2015,"mean_excess","p94",1.35724031128235e-05,2.1195782640824
"control_pareto",2015,"mean_excess","p95",1.54803053982237e-05,2.16759394009
"control_pareto",2015,"mean_excess","p96",1.8034457803565e-05,2.16775956549179
"control_pareto",2015,"mean_excess","p97",2.20207136970871e-05,2.18388825192521
"control_pareto",2015,"mean_excess","p98",2.89823952523832e-05,2.16382037073361
"control_pareto",2015,"mean_excess","p99",4.58442951540964e-05,2.08713589717017
"control_pareto",2015,"max_to_sum","p1",0.0182848565962695,0.096920920293163
"control_pareto",2015,"max_to_sum","p2",0.395392028292226,7.94310432632776e-06
"control_pareto",2015,"max_to_sum","p3",0.662370224638436,8.40284711933215e-09
"control_pareto",2015,"max_to_sum","p4",0.793863498815151,1.24248317804964e-11
"control_pareto",2016,"mean_excess","p80",6.55208074973946e-06,2.21735506062386
"control_pareto",2016,"mean_excess","p81",6.78243532600221e-06,2.21180030746892
"control_pareto",2016,"mean_excess","p82",7.0563351249806e-06,2.22766537829452
"control_pareto",2016,"mean_excess","p83",7.34352317344712e-06,2.2308702246296
"control_pareto",2016,"mean_excess","p84",7.65889692318303e-06,2.23229515120688
"control_pareto",2016,"mean_excess","p85",8.02676743698197e-06,2.24899860327843
"control_pareto",2016,"mean_excess","p86",8.41663558062457e-06,2.24667060757157
"control_pareto",2016,"mean_excess","p87",8.87423886826952e-06,2.25861224816596
"control_pareto",2016,"mean_excess","p88",9.36681055940833e-06,2.24827965112957
"control_pareto",2016,"mean_excess","p89",9.9490930270464e-06,2.24938834038882
"control_pareto",2016,"mean_excess","p90",1.06270889145399e-05,2.249324803377
"control_pareto",2016,"mean_excess","p91",1.14784875267187e-05,2.27723487839715
"control_pareto",2016,"mean_excess","p92",1.2416044536939e-05,2.25338829980883
"control_pareto",2016,"mean_excess","p93",1.36733317959998e-05,2.28128875493922
"control_pareto",2016,"mean_excess","p94",1.52359434760183e-05,2.28727663178917
"control_pareto",2016,"mean_excess","p95",1.72698444334001e-05,2.27673897330245
"control_pareto",2016,"mean_excess","p96",2.02844184683163e-05,2.31931018132843
"control_pareto",2016,"mean_excess","p97",2.48733763373051e-05,2.34185930282355
"control_pareto",2016,"mean_excess","p98",3.28480835312187e-05,2.29961172849546
"control_pareto",2016,"mean_excess","p99",5.31046770607094e-05,2.28629129105566
"control_pareto",2016,"max_to_sum","p1",0.03024174445009,0.101417518334513
"control_pareto",2016,"max_to_sum","p2",0.571838724623803,1.64500065284959e-05
"control_pareto",2016,"max_to_sum","p3",0.796164851963137,3.62373519709308e-08
"control_pareto",2016,"max_to_sum","p4",0.886660419140072,9.9798026194387e-11
"control_pareto",2017,"mean_excess","p80",5.97225564599861e-06,2.03203959332519
"control_pareto",2017,"mean_excess","p81",6.18539166274188e-06,2.03627607652494
"control_pareto",2017,"mean_excess","p82",6.40982902320102e-06,2.032582789312
"control_pareto",2017,"mean_excess","p83",6.6715773378615e-06,2.04314678604739
"control_pareto",2017,"mean_excess","p84",6.93123339141287e-06,2.02801226131571
"control_pareto",2017,"mean_excess","p85",7.24923007408811e-06,2.03789024520347
"control_pareto",2017,"mean_excess","p86",7.59237730034899e-06,2.03771488548993
"control_pareto",2017,"mean_excess","p87",7.97856380461542e-06,2.03735287590412
"control_pareto",2017,"mean_excess","p88",8.42367688007139e-06,2.04032394837615
"control_pareto",2017,"mean_excess","p89",8.9519866216534e-06,2.05517466150176
"control_pareto",2017,"mean_excess","p90",9.55550044097177e-06,2.062298399714
"control_pareto",2017,"mean_excess","p91",1.0291995619736e-05,2.08258831648014
"control_pareto",2017,"mean_excess","p92",1.11408233063937e-05,2.0805756043548
"control_pareto",2017,"mean_excess","p93",1.21839168502141e-05,2.07655112236677
"control_pareto",2017,"mean_excess","p94",1.35589495665885e-05,2.09471514741755
"control_pareto",2017,"mean_excess","p95",1.53742220832908e-05,2.10908980778566
"control_pareto",2017,"mean_excess","p96",1.78092545836934e-05,2.08374835474127
"control_pareto",2017,"mean_excess","p97",2.1736184445802e-05,2.1149707508882
"control_pareto",2017,"mean_excess","p98",2.84729133465879e-05,2.08677852648512
"control_pareto",2017,"mean_excess","p99",4.58311578347826e-05,2.13688687733466
"control_pareto",2017,"max_to_sum","p1",0.0226992682399639,0.098006017119561
"control_pareto",2017,"max_to_sum","p2",0.525359902078457,9.42046351828125e-06
"control_pareto",2017,"max_to_sum","p3",0.843615377932898,1.30511657082432e-08
"control_pareto",2017,"max_to_sum","p4",0.949148995838907,2.58061962805929e-11
"control_pareto",2018,"mean_excess","p80",6.01415961467086e-06,2.06381809808025
"control_pareto",2018,"mean_excess","p81",6.21293125818158e-06,2.05147484526023
"control_pareto",2018,"mean_excess","p82",6.43284954878424e-06,2.04141869307111
"control_pareto",2018,"mean_excess","p83",6.6841274324923e-06,2.0413832074132
"control_pareto",2018,"mean_excess","p84",6.96030917189162e-06,2.04045242534949
"control_pareto",2018,"mean_excess","p85",7.26865410435532e-06,2.04100056632491
"control_pareto",2018,"mean_excess","p86",7.61846604807097e-06,2.04455242152011
"control_pareto",2018,"mean_excess","p87",7.99502846303565e-06,2.03565048487663
"control_pareto",2018,"mean_excess","p88",8.43347933132008e-06,2.03408971165499
"control_pareto",2018,"mean_excess","p89",8.95081948120438e-06,2.04049952311516
"control_pareto",2018,"mean_excess","p90",9.57038114113083e-06,2.05904623623234
"control_pareto",2018,"mean_excess","p91",1.02616545938128e-05,2.0522897549091
"control_pareto",2018,"mean_excess","p92",1.11164364716072e-05,2.05751219298058
"control_pareto",2018,"mean_excess","p93",1.21634529112194e-05,2.05749399481832
"control_pareto",2018,"mean_excess","p94",1.34540212791619e-05,2.04104847647387
"control_pareto",2018,"mean_excess","p95",1.52499480458429e-05,2.05848578897925
"control_pareto",2018,"mean_excess","p96",1.74565075119839e-05,1.97307313894981
"control_pareto",2018,"mean_excess","p97",2.12513186290511e-05,2.00279398944642
"control_pareto",2018,"mean_excess","p98",2.76954378071583e-05,1.97723327465741
"control_pareto",2018,"mean_excess","p99",4.3835790233342e-05,1.98550919446931
"control_pareto",2018,"max_to_sum","p1",0.0128978738014445,0.0978314063647084
"control_pareto",2018,"max_to_sum","p2",0.30788170377611,5.17140985606398e-06
"control_pareto",2018,"max_to_sum","p3",0.595500947505386,3.37370265731521e-09
"control_pareto",2018,"max_to_sum","p4",0.726975406428698,3.48711251983548e-12
"control_pareto",2019,"mean_excess","p80",5.5728142871099e-06,1.91700142306171
"control_pareto",2019,"mean_excess","p81",5.75988539015261e-06,1.91348297593065
"control_pareto",2019,"mean_excess","p82",5.96700564214754e-06,1.91217049749584
"control_pareto",2019,"mean_excess","p83",6.19080581272522e-06,1.90871897450719
"control_pareto",2019,"mean_excess","p84",6.4412111030454e-06,1.90772245099133
"control_pareto",2019,"mean_excess","p85",6.72419639316602e-06,1.91164213911459
"control_pareto",2019,"mean_excess","p86",7.0421028952524e-06,1.91609530582413
"control_pareto",2019,"mean_excess","p87",7.39290883291385e-06,1.916213679007
"control_pareto",2019,"mean_excess","p88",7.7895225779612e-06,1.91379712856054
"control_pareto",2019,"mean_excess","p89",8.25794295162669e-06,1.9211643648002
"control_pareto",2019,"mean_excess","p90",8.78683598572606e-06,1.91750337629692
"control_pareto",2019,"mean_excess","p91",9.43082784687727e-06,1.92614395897975
"control_pareto",2019,"mean_excess","p92",1.01955651806869e-05,1.92814532841939
"control_pareto",2019,"mean_excess","p93",1.10554687107932e-05,1.89165841072777
"control_pareto",2019,"mean_excess","p94",1.21909160324888e-05,1.87582946609784
"control_pareto",2019,"mean_excess","p95",1.36931264553736e-05,1.8627029639826
"control_pareto",2019,"mean_excess","p96",1.58483734794555e-05,1.8652958265043
"control_pareto",2019,"mean_excess","p97",1.91160388410054e-05,1.86863447570312
"control_pareto",2019,"mean_excess","p98",2.518406083499e-05,1.92758285438416
"control_pareto",2019,"mean_excess","p99",4.05659356979415e-05,2.03720439685788
"control_pareto",2019,"max_to_sum","p1",0.0268867392728504,0.0930923798561407
"control_pareto",2019,"max_to_sum","p2",0.65485661625603,9.56661546605695e-06
"control_pareto",2019,"max_to_sum","p3",0.885140689193247,1.77151364046327e-08
"control_pareto",2019,"max_to_sum","p4",0.948168558612533,4.13926779763686e-11
